Voltage	Current	NEPeph	NEPs	NEPa	NEP	NEPph	Sv	NEP^2-NEPph^2
4.00132e-06	4.5299e-11	7.75246e-15	1.63152e-11	4.40745e-10	4.41047e-10	0	10.3143	4.41047e-10
8.00266e-06	9.10375e-11	7.75246e-15	3.32277e-13	6.35908e-12	6.36776e-12	0	714.852	6.36776e-12
1.2004e-05	1.36729e-10	7.75246e-15	1.92387e-12	3.00247e-11	3.00863e-11	0	151.403	3.00863e-11
1.60053e-05	1.82411e-10	7.75246e-15	4.48133e-12	6.05424e-11	6.0708e-11	0	75.0851	6.0708e-11
2.00067e-05	2.2809e-10	7.75246e-15	5.49366e-12	6.63701e-11	6.65971e-11	0	68.4921	6.65971e-11
2.4008e-05	2.73769e-10	7.75246e-15	5.55227e-12	6.1227e-11	6.14783e-11	0	74.2455	6.14783e-11
2.80093e-05	3.19449e-10	7.75246e-15	5.35338e-12	5.46516e-11	5.49132e-11	0	83.1783	5.49132e-11
3.20107e-05	3.65131e-10	7.75246e-15	5.10617e-12	4.87599e-11	4.90265e-11	0	93.2288	4.90265e-11
3.6012e-05	4.10814e-10	7.75246e-15	4.86514e-12	4.38012e-11	4.40705e-11	0	103.783	4.40705e-11
4.00133e-05	4.565e-10	7.75246e-15	4.64478e-12	3.96718e-11	3.99428e-11	0	114.586	3.99428e-11
4.40147e-05	5.02188e-10	7.75246e-15	4.44654e-12	3.62121e-11	3.64841e-11	0	125.533	3.64841e-11
4.8016e-05	5.47879e-10	7.75246e-15	4.26879e-12	3.32858e-11	3.35584e-11	0	136.569	3.35584e-11
5.20173e-05	5.93575e-10	7.75246e-15	4.10897e-12	3.07841e-11	3.10571e-11	0	147.668	3.10571e-11
5.60187e-05	6.39273e-10	7.75246e-15	3.96521e-12	2.86279e-11	2.89012e-11	0	158.79	2.89012e-11
6.002e-05	6.84976e-10	7.75246e-15	3.83468e-12	2.67484e-11	2.70219e-11	0	169.947	2.70219e-11
6.40214e-05	7.30683e-10	7.75246e-15	3.71591e-12	2.50987e-11	2.53723e-11	0	181.117	2.53723e-11
6.80227e-05	7.76395e-10	7.75246e-15	3.60727e-12	2.36392e-11	2.39129e-11	0	192.299	2.39129e-11
7.2024e-05	8.22112e-10	7.75246e-15	3.50742e-12	2.23391e-11	2.26128e-11	0	203.49	2.26128e-11
7.60254e-05	8.67834e-10	7.75246e-15	3.41524e-12	2.11736e-11	2.14473e-11	0	214.692	2.14473e-11
8.00267e-05	9.13561e-10	7.75246e-15	3.32982e-12	2.0123e-11	2.03966e-11	0	225.9	2.03966e-11
8.4028e-05	9.59293e-10	7.75246e-15	3.25048e-12	1.91721e-11	1.94457e-11	0	237.104	1.94457e-11
8.80294e-05	1.00503e-09	7.75246e-15	3.17644e-12	1.83066e-11	1.85802e-11	0	248.313	1.85802e-11
9.20307e-05	1.05078e-09	7.75246e-15	3.10733e-12	1.75167e-11	1.77902e-11	0	259.51	1.77902e-11
9.6032e-05	1.09653e-09	7.75246e-15	3.04245e-12	1.67919e-11	1.70653e-11	0	270.712	1.70653e-11
0.000100033	1.14229e-09	7.75246e-15	2.98146e-12	1.61249e-11	1.63982e-11	0	281.909	1.63982e-11
0.000104035	1.18806e-09	7.75246e-15	2.92392e-12	1.55087e-11	1.57819e-11	0	293.11	1.57819e-11
0.000108036	1.23383e-09	7.75246e-15	2.86959e-12	1.4938e-11	1.52112e-11	0	304.307	1.52112e-11
0.000112037	1.27961e-09	7.75246e-15	2.81818e-12	1.44081e-11	1.46811e-11	0	315.498	1.46811e-11
0.000116039	1.3254e-09	7.75246e-15	2.76943e-12	1.39148e-11	1.41877e-11	0	326.684	1.41877e-11
0.00012004	1.3712e-09	7.75246e-15	2.72308e-12	1.3454e-11	1.37268e-11	0	337.871	1.37268e-11
0.000124041	1.41701e-09	7.75246e-15	2.67898e-12	1.3023e-11	1.32957e-11	0	349.053	1.32957e-11
0.000128043	1.46283e-09	7.75246e-15	2.63701e-12	1.26192e-11	1.28918e-11	0	360.222	1.28918e-11
0.000132044	1.50866e-09	7.75246e-15	2.59691e-12	1.22396e-11	1.25121e-11	0	371.392	1.25121e-11
0.000136045	1.55449e-09	7.75246e-15	2.55858e-12	1.18824e-11	1.21548e-11	0	382.555	1.21548e-11
0.000140047	1.60034e-09	7.75246e-15	2.52191e-12	1.15457e-11	1.18179e-11	0	393.711	1.18179e-11
0.000144048	1.6462e-09	7.75246e-15	2.48677e-12	1.12277e-11	1.14998e-11	0	404.861	1.14998e-11
0.000148049	1.69206e-09	7.75246e-15	2.45307e-12	1.0927e-11	1.1199e-11	0	416.003	1.1199e-11
0.000152051	1.73794e-09	7.75246e-15	2.4207e-12	1.06421e-11	1.0914e-11	0	427.138	1.0914e-11
0.000156052	1.78383e-09	7.75246e-15	2.38959e-12	1.03719e-11	1.06436e-11	0	438.265	1.06436e-11
0.000160053	1.82974e-09	7.75246e-15	2.35965e-12	1.01152e-11	1.03868e-11	0	449.385	1.03868e-11
0.000164055	1.87565e-09	7.75246e-15	2.33077e-12	9.87095e-12	1.01424e-11	0	460.504	1.01424e-11
0.000168056	1.92158e-09	7.75246e-15	2.30297e-12	9.63854e-12	9.90985e-12	0	471.608	9.90985e-12
0.000172057	1.96751e-09	7.75246e-15	2.27611e-12	9.41684e-12	9.68802e-12	0	482.709	9.68802e-12
0.000176059	2.01347e-09	7.75246e-15	2.2502e-12	9.20538e-12	9.47642e-12	0	493.796	9.47642e-12
0.00018006	2.05943e-09	7.75246e-15	2.22513e-12	9.00325e-12	9.27414e-12	0	504.882	9.27414e-12
0.000184062	2.10541e-09	7.75246e-15	2.20089e-12	8.80997e-12	9.08073e-12	0	515.956	9.08073e-12
0.000188063	2.1514e-09	7.75246e-15	2.17745e-12	8.62508e-12	8.89569e-12	0	527.015	8.89569e-12
0.000192064	2.1974e-09	7.75246e-15	2.15475e-12	8.4479e-12	8.71838e-12	0	538.067	8.71838e-12
0.000196066	2.24342e-09	7.75246e-15	2.13272e-12	8.27792e-12	8.54825e-12	0	549.114	8.54825e-12
0.000200067	2.28946e-09	7.75246e-15	2.11136e-12	8.11478e-12	8.38496e-12	0	560.152	8.38496e-12
0.000204068	2.33551e-09	7.75246e-15	2.09066e-12	7.95817e-12	8.22821e-12	0	571.174	8.22821e-12
0.00020807	2.38157e-09	7.75246e-15	2.0705e-12	7.80745e-12	8.07733e-12	0	582.198	8.07733e-12
0.000212071	2.42765e-09	7.75246e-15	2.05098e-12	7.66266e-12	7.9324e-12	0	593.197	7.9324e-12
0.000216072	2.47375e-09	7.75246e-15	2.03199e-12	7.52325e-12	7.79284e-12	0	604.188	7.79284e-12
0.000220074	2.51986e-09	7.75246e-15	2.01348e-12	7.38879e-12	7.65823e-12	0	615.181	7.65823e-12
0.000224075	2.56599e-09	7.75246e-15	1.99552e-12	7.25934e-12	7.52862e-12	0	626.149	7.52862e-12
0.000228076	2.61213e-09	7.75246e-15	1.97801e-12	7.13439e-12	7.40352e-12	0	637.113	7.40352e-12
0.000232078	2.65829e-09	7.75246e-15	1.96096e-12	7.01381e-12	7.28278e-12	0	648.065	7.28278e-12
0.000236079	2.70447e-09	7.75246e-15	1.94434e-12	6.89733e-12	7.16615e-12	0	659.006	7.16615e-12
0.00024008	2.75067e-09	7.75246e-15	1.92815e-12	6.78476e-12	7.05343e-12	0	669.938	7.05343e-12
0.000244082	2.79688e-09	7.75246e-15	1.91237e-12	6.67603e-12	6.94453e-12	0	680.847	6.94453e-12
0.000248083	2.84311e-09	7.75246e-15	1.89694e-12	6.5707e-12	6.83904e-12	0	691.759	6.83904e-12
0.000252084	2.88936e-09	7.75246e-15	1.88192e-12	6.46886e-12	6.73705e-12	0	702.647	6.73705e-12
0.000256086	2.93563e-09	7.75246e-15	1.86723e-12	6.37019e-12	6.63822e-12	0	713.527	6.63822e-12
0.000260087	2.98192e-09	7.75246e-15	1.85289e-12	6.2746e-12	6.54247e-12	0	724.395	6.54247e-12
0.000264088	3.02823e-09	7.75246e-15	1.83882e-12	6.18173e-12	6.44943e-12	0	735.275	6.44943e-12
0.00026809	3.07456e-09	7.75246e-15	1.82502e-12	6.09153e-12	6.35905e-12	0	746.159	6.35905e-12
0.000272091	3.1209e-09	7.75246e-15	1.81152e-12	6.00403e-12	6.27137e-12	0	757.032	6.27137e-12
0.000276093	3.16727e-09	7.75246e-15	1.79834e-12	5.91914e-12	6.1863e-12	0	767.885	6.1863e-12
0.000280094	3.21366e-09	7.75246e-15	1.78542e-12	5.83662e-12	6.1036e-12	0	778.739	6.1036e-12
0.000284095	3.26007e-09	7.75246e-15	1.7728e-12	5.75658e-12	6.02338e-12	0	789.564	6.02338e-12
0.000288097	3.3065e-09	7.75246e-15	1.76045e-12	5.6788e-12	5.94542e-12	0	800.375	5.94542e-12
0.000292098	3.35295e-09	7.75246e-15	1.74835e-12	5.60312e-12	5.86956e-12	0	811.182	5.86956e-12
0.000296099	3.39942e-09	7.75246e-15	1.73649e-12	5.52955e-12	5.7958e-12	0	821.972	5.7958e-12
0.000300101	3.44592e-09	7.75246e-15	1.72489e-12	5.45802e-12	5.72409e-12	0	832.74	5.72409e-12
0.000304102	3.49244e-09	7.75246e-15	1.71352e-12	5.3884e-12	5.6543e-12	0	843.496	5.6543e-12
0.000308103	3.53898e-09	7.75246e-15	1.70237e-12	5.32064e-12	5.58635e-12	0	854.235	5.58635e-12
0.000312105	3.58554e-09	7.75246e-15	1.69144e-12	5.25465e-12	5.52018e-12	0	864.959	5.52018e-12
0.000316106	3.63213e-09	7.75246e-15	1.68072e-12	5.19031e-12	5.45566e-12	0	875.676	5.45566e-12
0.000320107	3.67874e-09	7.75246e-15	1.6702e-12	5.12766e-12	5.39282e-12	0	886.373	5.39282e-12
0.000324109	3.72537e-09	7.75246e-15	1.65989e-12	5.06659e-12	5.33157e-12	0	897.051	5.33157e-12
0.00032811	3.77203e-09	7.75246e-15	1.64977e-12	5.00706e-12	5.27185e-12	0	907.714	5.27185e-12
0.000332112	3.81871e-09	7.75246e-15	1.63983e-12	4.94898e-12	5.21359e-12	0	918.361	5.21359e-12
0.000336113	3.86542e-09	7.75246e-15	1.63007e-12	4.89232e-12	5.15674e-12	0	928.993	5.15674e-12
0.000340114	3.91215e-09	7.75246e-15	1.62049e-12	4.83701e-12	5.10125e-12	0	939.611	5.10125e-12
0.000344116	3.95891e-09	7.75246e-15	1.61108e-12	4.78304e-12	5.04709e-12	0	950.21	5.04709e-12
0.000348117	4.00569e-09	7.75246e-15	1.60183e-12	4.73034e-12	4.9942e-12	0	960.792	4.9942e-12
0.000352118	4.0525e-09	7.75246e-15	1.59274e-12	4.67886e-12	4.94253e-12	0	971.358	4.94253e-12
0.00035612	4.09934e-09	7.75246e-15	1.58382e-12	4.6286e-12	4.89208e-12	0	981.902	4.89208e-12
0.000360121	4.1462e-09	7.75246e-15	1.57504e-12	4.57945e-12	4.84275e-12	0	992.434	4.84275e-12
0.000364123	4.19309e-09	7.75246e-15	1.56641e-12	4.53142e-12	4.79452e-12	0	1002.95	4.79452e-12
0.000368124	4.24e-09	7.75246e-15	1.55793e-12	4.48448e-12	4.7474e-12	0	1013.44	4.7474e-12
0.000372125	4.28695e-09	7.75246e-15	1.54958e-12	4.43856e-12	4.70128e-12	0	1023.92	4.70128e-12
0.000376127	4.33392e-09	7.75246e-15	1.54138e-12	4.39366e-12	4.6562e-12	0	1034.38	4.6562e-12
0.000380128	4.38092e-09	7.75246e-15	1.53329e-12	4.34971e-12	4.61206e-12	0	1044.82	4.61206e-12
0.000384129	4.42794e-09	7.75246e-15	1.52535e-12	4.30674e-12	4.56889e-12	0	1055.24	4.56889e-12
0.000388131	4.475e-09	7.75246e-15	1.51753e-12	4.26468e-12	4.52664e-12	0	1065.65	4.52664e-12
0.000392132	4.52209e-09	7.75246e-15	1.50982e-12	4.22348e-12	4.48524e-12	0	1076.04	4.48524e-12
0.000396134	4.5692e-09	7.75246e-15	1.50224e-12	4.18315e-12	4.44472e-12	0	1086.41	4.44472e-12
0.000400135	4.61634e-09	7.75246e-15	1.49477e-12	4.14363e-12	4.405e-12	0	1096.76	4.405e-12
0.000404136	4.66352e-09	7.75246e-15	1.48742e-12	4.10495e-12	4.36613e-12	0	1107.09	4.36613e-12
0.000408138	4.71072e-09	7.75246e-15	1.48017e-12	4.06704e-12	4.32802e-12	0	1117.4	4.32802e-12
0.000412139	4.75796e-09	7.75246e-15	1.47304e-12	4.0299e-12	4.29068e-12	0	1127.7	4.29068e-12
0.00041614	4.80522e-09	7.75246e-15	1.46601e-12	3.9935e-12	4.25409e-12	0	1137.97	4.25409e-12
0.000420142	4.85252e-09	7.75246e-15	1.45908e-12	3.95782e-12	4.21822e-12	0	1148.22	4.21822e-12
0.000424143	4.89985e-09	7.75246e-15	1.45225e-12	3.92281e-12	4.183e-12	0	1158.46	4.183e-12
0.000428145	4.94721e-09	7.75246e-15	1.44552e-12	3.88851e-12	4.1485e-12	0	1168.67	4.1485e-12
0.000432146	4.9946e-09	7.75246e-15	1.43889e-12	3.85486e-12	4.11466e-12	0	1178.87	4.11466e-12
0.000436147	5.04202e-09	7.75246e-15	1.43235e-12	3.82185e-12	4.08145e-12	0	1189.04	4.08145e-12
0.000440149	5.08948e-09	7.75246e-15	1.4259e-12	3.78947e-12	4.04887e-12	0	1199.2	4.04887e-12
0.00044415	5.13697e-09	7.75246e-15	1.41954e-12	3.7577e-12	4.01689e-12	0	1209.33	4.01689e-12
0.000448151	5.18449e-09	7.75246e-15	1.41326e-12	3.72651e-12	3.98551e-12	0	1219.44	3.98551e-12
0.000452153	5.23205e-09	7.75246e-15	1.40708e-12	3.6959e-12	3.9547e-12	0	1229.53	3.9547e-12
0.000456154	5.27964e-09	7.75246e-15	1.40097e-12	3.66584e-12	3.92443e-12	0	1239.61	3.92443e-12
0.000460156	5.32726e-09	7.75246e-15	1.39494e-12	3.63632e-12	3.8947e-12	0	1249.67	3.8947e-12
0.000464157	5.37492e-09	7.75246e-15	1.389e-12	3.60736e-12	3.86555e-12	0	1259.69	3.86555e-12
0.000468158	5.42261e-09	7.75246e-15	1.38313e-12	3.57889e-12	3.83686e-12	0	1269.71	3.83686e-12
0.00047216	5.47034e-09	7.75246e-15	1.37735e-12	3.55095e-12	3.80873e-12	0	1279.69	3.80873e-12
0.000476161	5.5181e-09	7.75246e-15	1.37162e-12	3.52347e-12	3.78104e-12	0	1289.66	3.78104e-12
0.000480163	5.5659e-09	7.75246e-15	1.36598e-12	3.49648e-12	3.75384e-12	0	1299.61	3.75384e-12
0.000484164	5.61374e-09	7.75246e-15	1.36041e-12	3.46998e-12	3.72713e-12	0	1309.52	3.72713e-12
0.000488165	5.66161e-09	7.75246e-15	1.35491e-12	3.44391e-12	3.70086e-12	0	1319.43	3.70086e-12
0.000492167	5.70952e-09	7.75246e-15	1.34948e-12	3.4183e-12	3.67504e-12	0	1329.31	3.67504e-12
0.000496168	5.75746e-09	7.75246e-15	1.34411e-12	3.39309e-12	3.64963e-12	0	1339.17	3.64963e-12
0.00050017	5.80545e-09	7.75246e-15	1.33882e-12	3.36834e-12	3.62467e-12	0	1349	3.62467e-12
0.000504171	5.85347e-09	7.75246e-15	1.33358e-12	3.34399e-12	3.60011e-12	0	1358.82	3.60011e-12
0.000508172	5.90152e-09	7.75246e-15	1.32841e-12	3.32005e-12	3.57595e-12	0	1368.61	3.57595e-12
0.000512174	5.94962e-09	7.75246e-15	1.3233e-12	3.2965e-12	3.55219e-12	0	1378.38	3.55219e-12
0.000516175	5.99775e-09	7.75246e-15	1.31826e-12	3.27335e-12	3.52883e-12	0	1388.12	3.52883e-12
0.000520177	6.04593e-09	7.75246e-15	1.31326e-12	3.25054e-12	3.50581e-12	0	1397.85	3.50581e-12
0.000524178	6.09414e-09	7.75246e-15	1.30834e-12	3.22812e-12	3.48319e-12	0	1407.54	3.48319e-12
0.000528179	6.14239e-09	7.75246e-15	1.30347e-12	3.20606e-12	3.46091e-12	0	1417.22	3.46091e-12
0.000532181	6.19068e-09	7.75246e-15	1.29865e-12	3.18435e-12	3.43899e-12	0	1426.87	3.43899e-12
0.000536182	6.23901e-09	7.75246e-15	1.29389e-12	3.16297e-12	3.4174e-12	0	1436.51	3.4174e-12
0.000540184	6.28738e-09	7.75246e-15	1.28918e-12	3.14193e-12	3.39614e-12	0	1446.12	3.39614e-12
0.000544185	6.33579e-09	7.75246e-15	1.28453e-12	3.12124e-12	3.37524e-12	0	1455.69	3.37524e-12
0.000548187	6.38425e-09	7.75246e-15	1.27993e-12	3.10086e-12	3.35464e-12	0	1465.26	3.35464e-12
0.000552188	6.43274e-09	7.75246e-15	1.27538e-12	3.08078e-12	3.33434e-12	0	1474.8	3.33434e-12
0.000556189	6.48127e-09	7.75246e-15	1.27089e-12	3.06102e-12	3.31438e-12	0	1484.3	3.31438e-12
0.000560191	6.52985e-09	7.75246e-15	1.26644e-12	3.04156e-12	3.29469e-12	0	1493.79	3.29469e-12
0.000564192	6.57847e-09	7.75246e-15	1.26204e-12	3.02238e-12	3.2753e-12	0	1503.26	3.2753e-12
0.000568194	6.62713e-09	7.75246e-15	1.25769e-12	3.00351e-12	3.25621e-12	0	1512.69	3.25621e-12
0.000572195	6.67584e-09	7.75246e-15	1.25338e-12	2.98489e-12	3.23738e-12	0	1522.12	3.23738e-12
0.000576196	6.72458e-09	7.75246e-15	1.24912e-12	2.96658e-12	3.21885e-12	0	1531.5	3.21885e-12
0.000580198	6.77337e-09	7.75246e-15	1.24491e-12	2.94852e-12	3.20056e-12	0	1540.88	3.20056e-12
0.000584199	6.82221e-09	7.75246e-15	1.24075e-12	2.93074e-12	3.18257e-12	0	1550.21	3.18257e-12
0.000588201	6.87109e-09	7.75246e-15	1.23662e-12	2.9132e-12	3.16481e-12	0	1559.53	3.16481e-12
0.000592202	6.92001e-09	7.75246e-15	1.23254e-12	2.89592e-12	3.14731e-12	0	1568.83	3.14731e-12
0.000596204	6.96898e-09	7.75246e-15	1.2285e-12	2.87889e-12	3.13006e-12	0	1578.1	3.13006e-12
0.000600205	7.01799e-09	7.75246e-15	1.22451e-12	2.86213e-12	3.11308e-12	0	1587.33	3.11308e-12
0.000604206	7.06704e-09	7.75246e-15	1.22055e-12	2.84558e-12	3.09631e-12	0	1596.55	3.09631e-12
0.000608208	7.11615e-09	7.75246e-15	1.21663e-12	2.82926e-12	3.07977e-12	0	1605.74	3.07977e-12
0.000612209	7.1653e-09	7.75246e-15	1.21276e-12	2.81319e-12	3.06348e-12	0	1614.91	3.06348e-12
0.000616211	7.21449e-09	7.75246e-15	1.20892e-12	2.79734e-12	3.0474e-12	0	1624.05	3.0474e-12
0.000620212	7.26373e-09	7.75246e-15	1.20512e-12	2.7817e-12	3.03154e-12	0	1633.16	3.03154e-12
0.000624214	7.31302e-09	7.75246e-15	1.20136e-12	2.76627e-12	3.01589e-12	0	1642.26	3.01589e-12
0.000628215	7.36235e-09	7.75246e-15	1.19764e-12	2.75107e-12	3.00047e-12	0	1651.32	3.00047e-12
0.000632217	7.41174e-09	7.75246e-15	1.19395e-12	2.73609e-12	2.98526e-12	0	1660.35	2.98526e-12
0.000636218	7.46117e-09	7.75246e-15	1.19029e-12	2.72128e-12	2.97022e-12	0	1669.38	2.97022e-12
0.000640219	7.51064e-09	7.75246e-15	1.18668e-12	2.70669e-12	2.95541e-12	0	1678.36	2.95541e-12
0.000644221	7.56017e-09	7.75246e-15	1.1831e-12	2.69229e-12	2.94078e-12	0	1687.33	2.94078e-12
0.000648222	7.60975e-09	7.75246e-15	1.17956e-12	2.6781e-12	2.92637e-12	0	1696.25	2.92637e-12
0.000652224	7.65937e-09	7.75246e-15	1.17604e-12	2.66409e-12	2.91213e-12	0	1705.16	2.91213e-12
0.000656225	7.70904e-09	7.75246e-15	1.17257e-12	2.65026e-12	2.89808e-12	0	1714.04	2.89808e-12
0.000660227	7.75877e-09	7.75246e-15	1.16912e-12	2.63662e-12	2.88421e-12	0	1722.9	2.88421e-12
0.000664228	7.80854e-09	7.75246e-15	1.16571e-12	2.62316e-12	2.87052e-12	0	1731.73	2.87052e-12
0.00066823	7.85836e-09	7.75246e-15	1.16233e-12	2.60988e-12	2.85702e-12	0	1740.52	2.85702e-12
0.000672231	7.90823e-09	7.75246e-15	1.15898e-12	2.59676e-12	2.84367e-12	0	1749.3	2.84367e-12
0.000676233	7.95816e-09	7.75246e-15	1.15565e-12	2.58381e-12	2.83049e-12	0	1758.06	2.83049e-12
0.000680234	8.00813e-09	7.75246e-15	1.15237e-12	2.57105e-12	2.8175e-12	0	1766.77	2.8175e-12
0.000684235	8.05816e-09	7.75246e-15	1.14911e-12	2.55843e-12	2.80466e-12	0	1775.47	2.80466e-12
0.000688237	8.10824e-09	7.75246e-15	1.14588e-12	2.54598e-12	2.79198e-12	0	1784.14	2.79198e-12
0.000692238	8.15837e-09	7.75246e-15	1.14268e-12	2.53369e-12	2.77946e-12	0	1792.78	2.77946e-12
0.00069624	8.20855e-09	7.75246e-15	1.13951e-12	2.52157e-12	2.7671e-12	0	1801.39	2.7671e-12
0.000700241	8.25879e-09	7.75246e-15	1.13636e-12	2.50957e-12	2.75488e-12	0	1809.98	2.75488e-12
0.000704243	8.30908e-09	7.75246e-15	1.13325e-12	2.49775e-12	2.74282e-12	0	1818.54	2.74282e-12
0.000708244	8.35942e-09	7.75246e-15	1.13017e-12	2.48607e-12	2.73091e-12	0	1827.06	2.73091e-12
0.000712246	8.40981e-09	7.75246e-15	1.1271e-12	2.47453e-12	2.71914e-12	0	1835.57	2.71914e-12
0.000716247	8.46026e-09	7.75246e-15	1.12407e-12	2.46314e-12	2.70752e-12	0	1844.04	2.70752e-12
0.000720249	8.51077e-09	7.75246e-15	1.12106e-12	2.45188e-12	2.69603e-12	0	1852.5	2.69603e-12
0.00072425	8.56133e-09	7.75246e-15	1.11809e-12	2.44077e-12	2.68469e-12	0	1860.91	2.68469e-12
0.000728252	8.61194e-09	7.75246e-15	1.11513e-12	2.42979e-12	2.67347e-12	0	1869.31	2.67347e-12
0.000732253	8.66261e-09	7.75246e-15	1.1122e-12	2.41894e-12	2.66239e-12	0	1877.68	2.66239e-12
0.000736255	8.71333e-09	7.75246e-15	1.1093e-12	2.40824e-12	2.65146e-12	0	1886.01	2.65146e-12
0.000740256	8.76411e-09	7.75246e-15	1.10642e-12	2.39765e-12	2.64063e-12	0	1894.32	2.64063e-12
0.000744258	8.81495e-09	7.75246e-15	1.10356e-12	2.38719e-12	2.62994e-12	0	1902.61	2.62994e-12
0.000748259	8.86584e-09	7.75246e-15	1.10073e-12	2.37686e-12	2.61937e-12	0	1910.86	2.61937e-12
0.000752261	8.91679e-09	7.75246e-15	1.09792e-12	2.36665e-12	2.60894e-12	0	1919.09	2.60894e-12
0.000756262	8.9678e-09	7.75246e-15	1.09514e-12	2.35656e-12	2.59861e-12	0	1927.29	2.59861e-12
0.000760264	9.01887e-09	7.75246e-15	1.09238e-12	2.3466e-12	2.58842e-12	0	1935.45	2.58842e-12
0.000764265	9.06999e-09	7.75246e-15	1.08964e-12	2.33676e-12	2.57834e-12	0	1943.59	2.57834e-12
0.000768267	9.12117e-09	7.75246e-15	1.08692e-12	2.32702e-12	2.56836e-12	0	1951.71	2.56836e-12
0.000772268	9.17241e-09	7.75246e-15	1.08423e-12	2.31741e-12	2.55851e-12	0	1959.79	2.55851e-12
0.00077627	9.2237e-09	7.75246e-15	1.08156e-12	2.3079e-12	2.54878e-12	0	1967.84	2.54878e-12
0.000780271	9.27506e-09	7.75246e-15	1.07891e-12	2.2985e-12	2.53913e-12	0	1975.88	2.53913e-12
0.000784273	9.32648e-09	7.75246e-15	1.07628e-12	2.28922e-12	2.52962e-12	0	1983.87	2.52962e-12
0.000788274	9.37795e-09	7.75246e-15	1.07367e-12	2.28004e-12	2.5202e-12	0	1991.84	2.5202e-12
0.000792276	9.42949e-09	7.75246e-15	1.07109e-12	2.27096e-12	2.51089e-12	0	1999.79	2.51089e-12
0.000796277	9.48108e-09	7.75246e-15	1.06852e-12	2.262e-12	2.50169e-12	0	2007.7	2.50169e-12
0.000800279	9.53274e-09	7.75246e-15	1.06598e-12	2.25313e-12	2.49258e-12	0	2015.58	2.49258e-12
0.00080428	9.58446e-09	7.75246e-15	1.06345e-12	2.24437e-12	2.48358e-12	0	2023.43	2.48358e-12
0.000808282	9.63624e-09	7.75246e-15	1.06095e-12	2.2357e-12	2.47468e-12	0	2031.26	2.47468e-12
0.000812283	9.68808e-09	7.75246e-15	1.05846e-12	2.22713e-12	2.46587e-12	0	2039.06	2.46587e-12
0.000816285	9.73998e-09	7.75246e-15	1.05599e-12	2.21866e-12	2.45716e-12	0	2046.83	2.45716e-12
0.000820286	9.79195e-09	7.75246e-15	1.05355e-12	2.21029e-12	2.44855e-12	0	2054.56	2.44855e-12
0.000824288	9.84397e-09	7.75246e-15	1.05112e-12	2.202e-12	2.44002e-12	0	2062.28	2.44002e-12
0.000828289	9.89606e-09	7.75246e-15	1.04871e-12	2.19381e-12	2.4316e-12	0	2069.96	2.4316e-12
0.000832291	9.94822e-09	7.75246e-15	1.04632e-12	2.18571e-12	2.42326e-12	0	2077.61	2.42326e-12
0.000836292	1.00004e-08	7.75246e-15	1.04394e-12	2.17771e-12	2.41501e-12	0	2085.23	2.41501e-12
0.000840294	1.00527e-08	7.75246e-15	1.04159e-12	2.16978e-12	2.40685e-12	0	2092.83	2.40685e-12
0.000844295	1.01051e-08	7.75246e-15	1.03925e-12	2.16195e-12	2.39877e-12	0	2100.4	2.39877e-12
0.000848297	1.01575e-08	7.75246e-15	1.03693e-12	2.15421e-12	2.39079e-12	0	2107.93	2.39079e-12
0.000852298	1.02099e-08	7.75246e-15	1.03463e-12	2.14654e-12	2.38289e-12	0	2115.44	2.38289e-12
0.0008563	1.02625e-08	7.75246e-15	1.03235e-12	2.13897e-12	2.37507e-12	0	2122.91	2.37507e-12
0.000860301	1.03151e-08	7.75246e-15	1.03008e-12	2.13147e-12	2.36734e-12	0	2130.35	2.36734e-12
0.000864303	1.03678e-08	7.75246e-15	1.02783e-12	2.12406e-12	2.35969e-12	0	2137.77	2.35969e-12
0.000868304	1.04205e-08	7.75246e-15	1.02559e-12	2.11672e-12	2.35211e-12	0	2145.16	2.35211e-12
0.000872306	1.04733e-08	7.75246e-15	1.02337e-12	2.10946e-12	2.34461e-12	0	2152.53	2.34461e-12
0.000876308	1.05262e-08	7.75246e-15	1.02117e-12	2.10229e-12	2.3372e-12	0	2159.85	2.3372e-12
0.000880309	1.05791e-08	7.75246e-15	1.01899e-12	2.09519e-12	2.32986e-12	0	2167.15	2.32986e-12
0.000884311	1.06321e-08	7.75246e-15	1.01682e-12	2.08816e-12	2.32259e-12	0	2174.43	2.32259e-12
0.000888312	1.06852e-08	7.75246e-15	1.01466e-12	2.08122e-12	2.3154e-12	0	2181.67	2.3154e-12
0.000892314	1.07383e-08	7.75246e-15	1.01253e-12	2.07435e-12	2.30829e-12	0	2188.88	2.30829e-12
0.000896315	1.07915e-08	7.75246e-15	1.0104e-12	2.06755e-12	2.30124e-12	0	2196.06	2.30124e-12
0.000900317	1.08448e-08	7.75246e-15	1.00829e-12	2.06081e-12	2.29427e-12	0	2203.21	2.29427e-12
0.000904318	1.08982e-08	7.75246e-15	1.0062e-12	2.05416e-12	2.28737e-12	0	2210.33	2.28737e-12
0.00090832	1.09516e-08	7.75246e-15	1.00412e-12	2.04756e-12	2.28053e-12	0	2217.44	2.28053e-12
0.000912322	1.10051e-08	7.75246e-15	1.00206e-12	2.04105e-12	2.27378e-12	0	2224.48	2.27378e-12
0.000916323	1.10586e-08	7.75246e-15	1.00001e-12	2.0346e-12	2.26708e-12	0	2231.52	2.26708e-12
0.000920325	1.11123e-08	7.75246e-15	9.97977e-13	2.02821e-12	2.26046e-12	0	2238.53	2.26046e-12
0.000924326	1.1166e-08	7.75246e-15	9.95954e-13	2.02189e-12	2.25389e-12	0	2245.51	2.25389e-12
0.000928328	1.12197e-08	7.75246e-15	9.9395e-13	2.01565e-12	2.24741e-12	0	2252.45	2.24741e-12
0.000932329	1.12736e-08	7.75246e-15	9.91959e-13	2.00946e-12	2.24098e-12	0	2259.36	2.24098e-12
0.000936331	1.13275e-08	7.75246e-15	9.89978e-13	2.00333e-12	2.2346e-12	0	2266.25	2.2346e-12
0.000940333	1.13815e-08	7.75246e-15	9.88018e-13	1.99728e-12	2.22831e-12	0	2273.1	2.22831e-12
0.000944334	1.14355e-08	7.75246e-15	9.86068e-13	1.99129e-12	2.22207e-12	0	2279.92	2.22207e-12
0.000948336	1.14896e-08	7.75246e-15	9.84127e-13	1.98535e-12	2.2159e-12	0	2286.72	2.2159e-12
0.000952337	1.15439e-08	7.75246e-15	9.82204e-13	1.97948e-12	2.20978e-12	0	2293.48	2.20978e-12
0.000956339	1.15981e-08	7.75246e-15	9.80294e-13	1.97367e-12	2.20372e-12	0	2300.22	2.20372e-12
0.00096034	1.16525e-08	7.75246e-15	9.78396e-13	1.96791e-12	2.19773e-12	0	2306.92	2.19773e-12
0.000964342	1.17069e-08	7.75246e-15	9.76509e-13	1.96221e-12	2.19178e-12	0	2313.6	2.19178e-12
0.000968344	1.17614e-08	7.75246e-15	9.74633e-13	1.95657e-12	2.1859e-12	0	2320.26	2.1859e-12
0.000972345	1.1816e-08	7.75246e-15	9.72774e-13	1.95099e-12	2.18007e-12	0	2326.87	2.18007e-12
0.000976347	1.18706e-08	7.75246e-15	9.70927e-13	1.94547e-12	2.17431e-12	0	2333.45	2.17431e-12
0.000980348	1.19253e-08	7.75246e-15	9.69093e-13	1.94001e-12	2.1686e-12	0	2340.01	2.1686e-12
0.00098435	1.19801e-08	7.75246e-15	9.67271e-13	1.93459e-12	2.16294e-12	0	2346.53	2.16294e-12
0.000988352	1.2035e-08	7.75246e-15	9.65461e-13	1.92924e-12	2.15734e-12	0	2353.03	2.15734e-12
0.000992353	1.209e-08	7.75246e-15	9.63659e-13	1.92393e-12	2.15179e-12	0	2359.5	2.15179e-12
0.000996355	1.2145e-08	7.75246e-15	9.61873e-13	1.91868e-12	2.14629e-12	0	2365.94	2.14629e-12
0.00100036	1.22001e-08	7.75246e-15	9.60098e-13	1.91348e-12	2.14086e-12	0	2372.34	2.14086e-12
0.00100436	1.22553e-08	7.75246e-15	9.58335e-13	1.90834e-12	2.13547e-12	0	2378.71	2.13547e-12
0.00100836	1.23105e-08	7.75246e-15	9.56581e-13	1.90324e-12	2.13012e-12	0	2385.07	2.13012e-12
0.00101236	1.23659e-08	7.75246e-15	9.54841e-13	1.8982e-12	2.12484e-12	0	2391.38	2.12484e-12
0.00101636	1.24213e-08	7.75246e-15	9.53112e-13	1.8932e-12	2.1196e-12	0	2397.67	2.1196e-12
0.00102036	1.24768e-08	7.75246e-15	9.51391e-13	1.88825e-12	2.1144e-12	0	2403.94	2.1144e-12
0.00102437	1.25324e-08	7.75246e-15	9.49688e-13	1.88337e-12	2.10928e-12	0	2410.15	2.10928e-12
0.00102837	1.2588e-08	7.75246e-15	9.47989e-13	1.87851e-12	2.10418e-12	0	2416.36	2.10418e-12
0.00103237	1.26438e-08	7.75246e-15	9.46304e-13	1.87372e-12	2.09913e-12	0	2422.52	2.09913e-12
0.00103637	1.26996e-08	7.75246e-15	9.4463e-13	1.86897e-12	2.09414e-12	0	2428.65	2.09414e-12
0.00104037	1.27555e-08	7.75246e-15	9.42964e-13	1.86426e-12	2.08918e-12	0	2434.77	2.08918e-12
0.00104437	1.28114e-08	7.75246e-15	9.41315e-13	1.85961e-12	2.08429e-12	0	2440.84	2.08429e-12
0.00104838	1.28675e-08	7.75246e-15	9.39669e-13	1.85499e-12	2.07943e-12	0	2446.89	2.07943e-12
0.00105238	1.29236e-08	7.75246e-15	9.38037e-13	1.85042e-12	2.07462e-12	0	2452.91	2.07462e-12
0.00105638	1.29798e-08	7.75246e-15	9.36416e-13	1.8459e-12	2.06985e-12	0	2458.9	2.06985e-12
0.00106038	1.30361e-08	7.75246e-15	9.34805e-13	1.84142e-12	2.06513e-12	0	2464.86	2.06513e-12
0.00106438	1.30925e-08	7.75246e-15	9.332e-13	1.83699e-12	2.06045e-12	0	2470.79	2.06045e-12
0.00106838	1.3149e-08	7.75246e-15	9.31609e-13	1.8326e-12	2.05581e-12	0	2476.69	2.05581e-12
0.00107239	1.32055e-08	7.75246e-15	9.30028e-13	1.82825e-12	2.05122e-12	0	2482.56	2.05122e-12
0.00107639	1.32622e-08	7.75246e-15	9.28453e-13	1.82394e-12	2.04666e-12	0	2488.4	2.04666e-12
0.00108039	1.33189e-08	7.75246e-15	9.26894e-13	1.81968e-12	2.04216e-12	0	2494.2	2.04216e-12
0.00108439	1.33757e-08	7.75246e-15	9.25339e-13	1.81545e-12	2.03769e-12	0	2499.99	2.03769e-12
0.00108839	1.34326e-08	7.75246e-15	9.23797e-13	1.81127e-12	2.03326e-12	0	2505.74	2.03326e-12
0.00109239	1.34895e-08	7.75246e-15	9.22264e-13	1.80713e-12	2.02888e-12	0	2511.46	2.02888e-12
0.0010964	1.35466e-08	7.75246e-15	9.2074e-13	1.80303e-12	2.02454e-12	0	2517.14	2.02454e-12
0.0011004	1.36037e-08	7.75246e-15	9.19223e-13	1.79897e-12	2.02022e-12	0	2522.81	2.02022e-12
0.0011044	1.3661e-08	7.75246e-15	9.17718e-13	1.79494e-12	2.01596e-12	0	2528.44	2.01596e-12
0.0011084	1.37183e-08	7.75246e-15	9.16221e-13	1.79096e-12	2.01173e-12	0	2534.05	2.01173e-12
0.0011124	1.37757e-08	7.75246e-15	9.14734e-13	1.78702e-12	2.00754e-12	0	2539.61	2.00754e-12
0.0011164	1.38332e-08	7.75246e-15	9.13257e-13	1.78311e-12	2.00339e-12	0	2545.15	2.00339e-12
0.00112041	1.38907e-08	7.75246e-15	9.11785e-13	1.77923e-12	1.99927e-12	0	2550.68	1.99927e-12
0.00112441	1.39484e-08	7.75246e-15	9.10327e-13	1.77541e-12	1.9952e-12	0	2556.16	1.9952e-12
0.00112841	1.40061e-08	7.75246e-15	9.08873e-13	1.77161e-12	1.99116e-12	0	2561.61	1.99116e-12
0.00113241	1.4064e-08	7.75246e-15	9.0743e-13	1.76785e-12	1.98716e-12	0	2567.03	1.98716e-12
0.00113641	1.41219e-08	7.75246e-15	9.05996e-13	1.76413e-12	1.98319e-12	0	2572.43	1.98319e-12
0.00114041	1.41799e-08	7.75246e-15	9.04571e-13	1.76044e-12	1.97926e-12	0	2577.8	1.97926e-12
0.00114442	1.4238e-08	7.75246e-15	9.03151e-13	1.75679e-12	1.97536e-12	0	2583.14	1.97536e-12
0.00114842	1.42962e-08	7.75246e-15	9.01742e-13	1.75317e-12	1.9715e-12	0	2588.44	1.9715e-12
0.00115242	1.43545e-08	7.75246e-15	9.00342e-13	1.74959e-12	1.96768e-12	0	2593.72	1.96768e-12
0.00115642	1.44129e-08	7.75246e-15	8.98947e-13	1.74604e-12	1.96388e-12	0	2598.98	1.96388e-12
0.00116042	1.44713e-08	7.75246e-15	8.97563e-13	1.74252e-12	1.96012e-12	0	2604.2	1.96012e-12
0.00116442	1.45299e-08	7.75246e-15	8.9619e-13	1.73905e-12	1.9564e-12	0	2609.38	1.9564e-12
0.00116843	1.45885e-08	7.75246e-15	8.94822e-13	1.7356e-12	1.95271e-12	0	2614.54	1.95271e-12
0.00117243	1.46473e-08	7.75246e-15	8.93462e-13	1.73219e-12	1.94905e-12	0	2619.67	1.94905e-12
0.00117643	1.47061e-08	7.75246e-15	8.9211e-13	1.72881e-12	1.94543e-12	0	2624.77	1.94543e-12
0.00118043	1.4765e-08	7.75246e-15	8.90761e-13	1.72545e-12	1.94183e-12	0	2629.85	1.94183e-12
0.00118443	1.4824e-08	7.75246e-15	8.89425e-13	1.72213e-12	1.93827e-12	0	2634.9	1.93827e-12
0.00118843	1.48831e-08	7.75246e-15	8.88097e-13	1.71885e-12	1.93474e-12	0	2639.91	1.93474e-12
0.00119244	1.49423e-08	7.75246e-15	8.86776e-13	1.71559e-12	1.93124e-12	0	2644.9	1.93124e-12
0.00119644	1.50016e-08	7.75246e-15	8.85463e-13	1.71237e-12	1.92777e-12	0	2649.85	1.92777e-12
0.00120044	1.5061e-08	7.75246e-15	8.84157e-13	1.70918e-12	1.92434e-12	0	2654.78	1.92434e-12
0.00120444	1.51205e-08	7.75246e-15	8.82859e-13	1.70602e-12	1.92093e-12	0	2659.68	1.92093e-12
0.00120844	1.51801e-08	7.75246e-15	8.81569e-13	1.70288e-12	1.91756e-12	0	2664.55	1.91756e-12
0.00121245	1.52398e-08	7.75246e-15	8.80285e-13	1.69978e-12	1.91422e-12	0	2669.39	1.91422e-12
0.00121645	1.52995e-08	7.75246e-15	8.79009e-13	1.69671e-12	1.9109e-12	0	2674.2	1.9109e-12
0.00122045	1.53594e-08	7.75246e-15	8.77738e-13	1.69366e-12	1.90761e-12	0	2678.99	1.90761e-12
0.00122445	1.54194e-08	7.75246e-15	8.76477e-13	1.69065e-12	1.90435e-12	0	2683.74	1.90435e-12
0.00122845	1.54794e-08	7.75246e-15	8.75222e-13	1.68766e-12	1.90112e-12	0	2688.47	1.90112e-12
0.00123245	1.55396e-08	7.75246e-15	8.73975e-13	1.6847e-12	1.89792e-12	0	2693.17	1.89792e-12
0.00123646	1.55998e-08	7.75246e-15	8.72735e-13	1.68177e-12	1.89475e-12	0	2697.84	1.89475e-12
0.00124046	1.56602e-08	7.75246e-15	8.71499e-13	1.67887e-12	1.89161e-12	0	2702.48	1.89161e-12
0.00124446	1.57206e-08	7.75246e-15	8.70273e-13	1.676e-12	1.88849e-12	0	2707.09	1.88849e-12
0.00124846	1.57812e-08	7.75246e-15	8.69054e-13	1.67315e-12	1.8854e-12	0	2711.67	1.8854e-12
0.00125246	1.58418e-08	7.75246e-15	8.67841e-13	1.67033e-12	1.88234e-12	0	2716.22	1.88234e-12
0.00125646	1.59025e-08	7.75246e-15	8.66636e-13	1.66754e-12	1.87931e-12	0	2720.76	1.87931e-12
0.00126047	1.59634e-08	7.75246e-15	8.65437e-13	1.66477e-12	1.8763e-12	0	2725.25	1.8763e-12
0.00126447	1.60243e-08	7.75246e-15	8.64244e-13	1.66203e-12	1.87332e-12	0	2729.71	1.87332e-12
0.00126847	1.60854e-08	7.75246e-15	8.63056e-13	1.65932e-12	1.87036e-12	0	2734.16	1.87036e-12
0.00127247	1.61465e-08	7.75246e-15	8.61877e-13	1.65663e-12	1.86743e-12	0	2738.58	1.86743e-12
0.00127647	1.62078e-08	7.75246e-15	8.60707e-13	1.65397e-12	1.86454e-12	0	2742.96	1.86454e-12
0.00128048	1.62691e-08	7.75246e-15	8.59538e-13	1.65133e-12	1.86166e-12	0	2747.31	1.86166e-12
0.00128448	1.63306e-08	7.75246e-15	8.58379e-13	1.64872e-12	1.8588e-12	0	2751.65	1.8588e-12
0.00128848	1.63921e-08	7.75246e-15	8.57225e-13	1.64613e-12	1.85598e-12	0	2755.95	1.85598e-12
0.00129248	1.64538e-08	7.75246e-15	8.56076e-13	1.64357e-12	1.85317e-12	0	2760.22	1.85317e-12
0.00129648	1.65155e-08	7.75246e-15	8.54938e-13	1.64104e-12	1.8504e-12	0	2764.46	1.8504e-12
0.00130048	1.65774e-08	7.75246e-15	8.53801e-13	1.63852e-12	1.84764e-12	0	2768.69	1.84764e-12
0.00130449	1.66393e-08	7.75246e-15	8.52673e-13	1.63603e-12	1.84492e-12	0	2772.87	1.84492e-12
0.00130849	1.67014e-08	7.75246e-15	8.51551e-13	1.63357e-12	1.84221e-12	0	2777.03	1.84221e-12
0.00131249	1.67636e-08	7.75246e-15	8.50435e-13	1.63113e-12	1.83953e-12	0	2781.17	1.83953e-12
0.00131649	1.68258e-08	7.75246e-15	8.49323e-13	1.6287e-12	1.83687e-12	0	2785.28	1.83687e-12
0.00132049	1.68882e-08	7.75246e-15	8.48222e-13	1.62632e-12	1.83424e-12	0	2789.35	1.83424e-12
0.0013245	1.69507e-08	7.75246e-15	8.47124e-13	1.62395e-12	1.83164e-12	0	2793.39	1.83164e-12
0.0013285	1.70133e-08	7.75246e-15	8.4603e-13	1.62159e-12	1.82904e-12	0	2797.43	1.82904e-12
0.0013325	1.7076e-08	7.75246e-15	8.44944e-13	1.61927e-12	1.82648e-12	0	2801.42	1.82648e-12
0.0013365	1.71388e-08	7.75246e-15	8.43864e-13	1.61696e-12	1.82394e-12	0	2805.39	1.82394e-12
0.0013405	1.72017e-08	7.75246e-15	8.4279e-13	1.61468e-12	1.82142e-12	0	2809.33	1.82142e-12
0.0013445	1.72647e-08	7.75246e-15	8.41721e-13	1.61243e-12	1.81892e-12	0	2813.24	1.81892e-12
0.00134851	1.73278e-08	7.75246e-15	8.40656e-13	1.61019e-12	1.81644e-12	0	2817.13	1.81644e-12
0.00135251	1.7391e-08	7.75246e-15	8.39602e-13	1.60798e-12	1.81399e-12	0	2820.98	1.81399e-12
0.00135651	1.74544e-08	7.75246e-15	8.38548e-13	1.60578e-12	1.81156e-12	0	2824.82	1.81156e-12
0.00136051	1.75178e-08	7.75246e-15	8.37505e-13	1.60361e-12	1.80915e-12	0	2828.61	1.80915e-12
0.00136451	1.75814e-08	7.75246e-15	8.36462e-13	1.60146e-12	1.80676e-12	0	2832.4	1.80676e-12
0.00136852	1.7645e-08	7.75246e-15	8.35428e-13	1.59933e-12	1.8044e-12	0	2836.15	1.8044e-12
0.00137252	1.77088e-08	7.75246e-15	8.34399e-13	1.59721e-12	1.80205e-12	0	2839.88	1.80205e-12
0.00137652	1.77727e-08	7.75246e-15	8.33375e-13	1.59513e-12	1.79973e-12	0	2843.56	1.79973e-12
0.00138052	1.78367e-08	7.75246e-15	8.32355e-13	1.59306e-12	1.79742e-12	0	2847.24	1.79742e-12
0.00138452	1.79008e-08	7.75246e-15	8.31344e-13	1.59101e-12	1.79514e-12	0	2850.87	1.79514e-12
0.00138852	1.7965e-08	7.75246e-15	8.30335e-13	1.58898e-12	1.79287e-12	0	2854.5	1.79287e-12
0.00139253	1.80293e-08	7.75246e-15	8.29333e-13	1.58697e-12	1.79062e-12	0	2858.09	1.79062e-12
0.00139653	1.80937e-08	7.75246e-15	8.28336e-13	1.58499e-12	1.7884e-12	0	2861.64	1.7884e-12
0.00140053	1.81583e-08	7.75246e-15	8.27345e-13	1.58302e-12	1.7862e-12	0	2865.18	1.7862e-12
0.00140453	1.82229e-08	7.75246e-15	8.26359e-13	1.58107e-12	1.78401e-12	0	2868.69	1.78401e-12
0.00140853	1.82877e-08	7.75246e-15	8.25378e-13	1.57914e-12	1.78185e-12	0	2872.17	1.78185e-12
0.00141254	1.83526e-08	7.75246e-15	8.24402e-13	1.57724e-12	1.77971e-12	0	2875.62	1.77971e-12
0.00141654	1.84176e-08	7.75246e-15	8.23429e-13	1.57534e-12	1.77758e-12	0	2879.07	1.77758e-12
0.00142054	1.84827e-08	7.75246e-15	8.22463e-13	1.57347e-12	1.77547e-12	0	2882.46	1.77547e-12
0.00142454	1.85479e-08	7.75246e-15	8.21505e-13	1.57162e-12	1.77339e-12	0	2885.83	1.77339e-12
0.00142854	1.86133e-08	7.75246e-15	8.20547e-13	1.56978e-12	1.77132e-12	0	2889.2	1.77132e-12
0.00143255	1.86787e-08	7.75246e-15	8.19597e-13	1.56797e-12	1.76927e-12	0	2892.51	1.76927e-12
0.00143655	1.87443e-08	7.75246e-15	8.18651e-13	1.56617e-12	1.76724e-12	0	2895.81	1.76724e-12
0.00144055	1.881e-08	7.75246e-15	8.17711e-13	1.56438e-12	1.76522e-12	0	2899.09	1.76522e-12
0.00144455	1.88758e-08	7.75246e-15	8.16775e-13	1.56262e-12	1.76323e-12	0	2902.33	1.76323e-12
0.00144855	1.89417e-08	7.75246e-15	8.15844e-13	1.56088e-12	1.76126e-12	0	2905.55	1.76126e-12
0.00145256	1.90077e-08	7.75246e-15	8.14916e-13	1.55915e-12	1.75929e-12	0	2908.75	1.75929e-12
0.00145656	1.90739e-08	7.75246e-15	8.13995e-13	1.55744e-12	1.75735e-12	0	2911.92	1.75735e-12
0.00146056	1.91402e-08	7.75246e-15	8.13078e-13	1.55575e-12	1.75542e-12	0	2915.07	1.75542e-12
0.00146456	1.92066e-08	7.75246e-15	8.12169e-13	1.55408e-12	1.75352e-12	0	2918.18	1.75352e-12
0.00146856	1.92731e-08	7.75246e-15	8.1126e-13	1.55242e-12	1.75164e-12	0	2921.27	1.75164e-12
0.00147257	1.93397e-08	7.75246e-15	8.10358e-13	1.55079e-12	1.74976e-12	0	2924.33	1.74976e-12
0.00147657	1.94064e-08	7.75246e-15	8.0946e-13	1.54916e-12	1.74791e-12	0	2927.38	1.74791e-12
0.00148057	1.94733e-08	7.75246e-15	8.08567e-13	1.54755e-12	1.74607e-12	0	2930.4	1.74607e-12
0.00148457	1.95403e-08	7.75246e-15	8.07677e-13	1.54596e-12	1.74425e-12	0	2933.39	1.74425e-12
0.00148857	1.96074e-08	7.75246e-15	8.06793e-13	1.54439e-12	1.74244e-12	0	2936.36	1.74244e-12
0.00149257	1.96746e-08	7.75246e-15	8.05914e-13	1.54283e-12	1.74066e-12	0	2939.3	1.74066e-12
0.00149658	1.97419e-08	7.75246e-15	8.05042e-13	1.5413e-12	1.7389e-12	0	2942.19	1.7389e-12
0.00150058	1.98094e-08	7.75246e-15	8.04171e-13	1.53978e-12	1.73714e-12	0	2945.08	1.73714e-12
0.00150458	1.9877e-08	7.75246e-15	8.03306e-13	1.53827e-12	1.7354e-12	0	2947.95	1.7354e-12
0.00150858	1.99447e-08	7.75246e-15	8.02442e-13	1.53677e-12	1.73368e-12	0	2950.8	1.73368e-12
0.00151258	2.00125e-08	7.75246e-15	8.01586e-13	1.5353e-12	1.73197e-12	0	2953.62	1.73197e-12
0.00151659	2.00805e-08	7.75246e-15	8.00733e-13	1.53384e-12	1.73029e-12	0	2956.4	1.73029e-12
0.00152059	2.01486e-08	7.75246e-15	7.99885e-13	1.53239e-12	1.72861e-12	0	2959.17	1.72861e-12
0.00152459	2.02168e-08	7.75246e-15	7.99042e-13	1.53096e-12	1.72696e-12	0	2961.91	1.72696e-12
0.00152859	2.02851e-08	7.75246e-15	7.98202e-13	1.52955e-12	1.72532e-12	0	2964.62	1.72532e-12
0.00153259	2.03536e-08	7.75246e-15	7.97367e-13	1.52815e-12	1.72369e-12	0	2967.31	1.72369e-12
0.0015366	2.04221e-08	7.75246e-15	7.96537e-13	1.52677e-12	1.72208e-12	0	2969.98	1.72208e-12
0.0015406	2.04908e-08	7.75246e-15	7.95708e-13	1.5254e-12	1.72048e-12	0	2972.63	1.72048e-12
0.0015446	2.05597e-08	7.75246e-15	7.94886e-13	1.52405e-12	1.7189e-12	0	2975.25	1.7189e-12
0.0015486	2.06286e-08	7.75246e-15	7.94068e-13	1.52271e-12	1.71734e-12	0	2977.84	1.71734e-12
0.0015526	2.06977e-08	7.75246e-15	7.93254e-13	1.52138e-12	1.71579e-12	0	2980.41	1.71579e-12
0.00155661	2.07669e-08	7.75246e-15	7.92444e-13	1.52008e-12	1.71425e-12	0	2982.95	1.71425e-12
0.00156061	2.08362e-08	7.75246e-15	7.91638e-13	1.51878e-12	1.71273e-12	0	2985.47	1.71273e-12
0.00156461	2.09057e-08	7.75246e-15	7.90837e-13	1.5175e-12	1.71123e-12	0	2987.97	1.71123e-12
0.00156861	2.09753e-08	7.75246e-15	7.90039e-13	1.51624e-12	1.70974e-12	0	2990.44	1.70974e-12
0.00157261	2.1045e-08	7.75246e-15	7.89244e-13	1.51498e-12	1.70826e-12	0	2992.9	1.70826e-12
0.00157662	2.11148e-08	7.75246e-15	7.88455e-13	1.51375e-12	1.70679e-12	0	2995.32	1.70679e-12
0.00158062	2.11848e-08	7.75246e-15	7.87669e-13	1.51252e-12	1.70535e-12	0	2997.72	1.70535e-12
0.00158462	2.12549e-08	7.75246e-15	7.86888e-13	1.51131e-12	1.70391e-12	0	3000.1	1.70391e-12
0.00158862	2.13251e-08	7.75246e-15	7.8611e-13	1.51012e-12	1.70249e-12	0	3002.45	1.70249e-12
0.00159263	2.13955e-08	7.75246e-15	7.85337e-13	1.50894e-12	1.70109e-12	0	3004.78	1.70109e-12
0.00159663	2.1466e-08	7.75246e-15	7.84567e-13	1.50777e-12	1.6997e-12	0	3007.09	1.6997e-12
0.00160063	2.15366e-08	7.75246e-15	7.83802e-13	1.50661e-12	1.69832e-12	0	3009.37	1.69832e-12
0.00160463	2.16073e-08	7.75246e-15	7.8304e-13	1.50547e-12	1.69696e-12	0	3011.63	1.69696e-12
0.00160863	2.16782e-08	7.75246e-15	7.8228e-13	1.50434e-12	1.6956e-12	0	3013.88	1.6956e-12
0.00161264	2.17492e-08	7.75246e-15	7.81526e-13	1.50322e-12	1.69426e-12	0	3016.1	1.69426e-12
0.00161664	2.18204e-08	7.75246e-15	7.80776e-13	1.50212e-12	1.69294e-12	0	3018.29	1.69294e-12
0.00162064	2.18917e-08	7.75246e-15	7.80032e-13	1.50104e-12	1.69164e-12	0	3020.44	1.69164e-12
0.00162464	2.19631e-08	7.75246e-15	7.79289e-13	1.49997e-12	1.69034e-12	0	3022.58	1.69034e-12
0.00162864	2.20346e-08	7.75246e-15	7.7855e-13	1.49891e-12	1.68906e-12	0	3024.7	1.68906e-12
0.00163265	2.21063e-08	7.75246e-15	7.77813e-13	1.49785e-12	1.68779e-12	0	3026.81	1.68779e-12
0.00163665	2.21781e-08	7.75246e-15	7.77082e-13	1.49682e-12	1.68653e-12	0	3028.88	1.68653e-12
0.00164065	2.22501e-08	7.75246e-15	7.76354e-13	1.49579e-12	1.68528e-12	0	3030.94	1.68528e-12
0.00164465	2.23222e-08	7.75246e-15	7.7563e-13	1.49478e-12	1.68405e-12	0	3032.97	1.68405e-12
0.00164865	2.23944e-08	7.75246e-15	7.74907e-13	1.49378e-12	1.68283e-12	0	3034.98	1.68283e-12
0.00165266	2.24667e-08	7.75246e-15	7.74191e-13	1.49279e-12	1.68163e-12	0	3036.96	1.68163e-12
0.00165666	2.25392e-08	7.75246e-15	7.7348e-13	1.49183e-12	1.68044e-12	0	3038.92	1.68044e-12
0.00166066	2.26118e-08	7.75246e-15	7.7277e-13	1.49086e-12	1.67925e-12	0	3040.86	1.67925e-12
0.00166466	2.26846e-08	7.75246e-15	7.72064e-13	1.48991e-12	1.67809e-12	0	3042.78	1.67809e-12
0.00166866	2.27575e-08	7.75246e-15	7.7136e-13	1.48897e-12	1.67693e-12	0	3044.67	1.67693e-12
0.00167267	2.28306e-08	7.75246e-15	7.70661e-13	1.48805e-12	1.67579e-12	0	3046.55	1.67579e-12
0.00167667	2.29037e-08	7.75246e-15	7.69966e-13	1.48714e-12	1.67466e-12	0	3048.4	1.67466e-12
0.00168067	2.2977e-08	7.75246e-15	7.69274e-13	1.48623e-12	1.67354e-12	0	3050.23	1.67354e-12
0.00168467	2.30505e-08	7.75246e-15	7.68586e-13	1.48534e-12	1.67243e-12	0	3052.04	1.67243e-12
0.00168868	2.31241e-08	7.75246e-15	7.67901e-13	1.48447e-12	1.67134e-12	0	3053.82	1.67134e-12
0.00169268	2.31978e-08	7.75246e-15	7.6722e-13	1.4836e-12	1.67025e-12	0	3055.59	1.67025e-12
0.00169668	2.32717e-08	7.75246e-15	7.66542e-13	1.48274e-12	1.66918e-12	0	3057.33	1.66918e-12
0.00170068	2.33457e-08	7.75246e-15	7.65868e-13	1.4819e-12	1.66813e-12	0	3059.04	1.66813e-12
0.00170468	2.34199e-08	7.75246e-15	7.65197e-13	1.48107e-12	1.66708e-12	0	3060.73	1.66708e-12
0.00170869	2.34942e-08	7.75246e-15	7.64527e-13	1.48025e-12	1.66604e-12	0	3062.43	1.66604e-12
0.00171269	2.35686e-08	7.75246e-15	7.63863e-13	1.47944e-12	1.66502e-12	0	3064.08	1.66502e-12
0.00171669	2.36432e-08	7.75246e-15	7.63204e-13	1.47865e-12	1.66401e-12	0	3065.7	1.66401e-12
0.00172069	2.37179e-08	7.75246e-15	7.62545e-13	1.47785e-12	1.66301e-12	0	3067.32	1.66301e-12
0.0017247	2.37928e-08	7.75246e-15	7.61891e-13	1.47708e-12	1.66202e-12	0	3068.91	1.66202e-12
0.0017287	2.38678e-08	7.75246e-15	7.61242e-13	1.47632e-12	1.66105e-12	0	3070.47	1.66105e-12
0.0017327	2.39429e-08	7.75246e-15	7.60593e-13	1.47556e-12	1.66007e-12	0	3072.03	1.66007e-12
0.0017367	2.40182e-08	7.75246e-15	7.59948e-13	1.47482e-12	1.65912e-12	0	3073.56	1.65912e-12
0.0017407	2.40937e-08	7.75246e-15	7.59307e-13	1.47409e-12	1.65818e-12	0	3075.05	1.65818e-12
0.00174471	2.41693e-08	7.75246e-15	7.5867e-13	1.47337e-12	1.65724e-12	0	3076.55	1.65724e-12
0.00174871	2.4245e-08	7.75246e-15	7.58035e-13	1.47266e-12	1.65632e-12	0	3078.01	1.65632e-12
0.00175271	2.43209e-08	7.75246e-15	7.57402e-13	1.47196e-12	1.65541e-12	0	3079.45	1.65541e-12
0.00175671	2.43969e-08	7.75246e-15	7.56776e-13	1.47127e-12	1.65451e-12	0	3080.87	1.65451e-12
0.00176072	2.44731e-08	7.75246e-15	7.56151e-13	1.47059e-12	1.65362e-12	0	3082.27	1.65362e-12
0.00176472	2.45494e-08	7.75246e-15	7.55527e-13	1.46993e-12	1.65274e-12	0	3083.65	1.65274e-12
0.00176872	2.46258e-08	7.75246e-15	7.54911e-13	1.46927e-12	1.65188e-12	0	3085.01	1.65188e-12
0.00177272	2.47025e-08	7.75246e-15	7.54294e-13	1.46862e-12	1.65102e-12	0	3086.36	1.65102e-12
0.00177672	2.47792e-08	7.75246e-15	7.53681e-13	1.46798e-12	1.65017e-12	0	3087.68	1.65017e-12
0.00178073	2.48561e-08	7.75246e-15	7.53072e-13	1.46736e-12	1.64934e-12	0	3088.98	1.64934e-12
0.00178473	2.49332e-08	7.75246e-15	7.52466e-13	1.46674e-12	1.64851e-12	0	3090.25	1.64851e-12
0.00178873	2.50104e-08	7.75246e-15	7.51865e-13	1.46614e-12	1.6477e-12	0	3091.51	1.6477e-12
0.00179273	2.50877e-08	7.75246e-15	7.51264e-13	1.46554e-12	1.64689e-12	0	3092.75	1.64689e-12
0.00179674	2.51652e-08	7.75246e-15	7.50667e-13	1.46495e-12	1.6461e-12	0	3093.97	1.6461e-12
0.00180074	2.52429e-08	7.75246e-15	7.50073e-13	1.46438e-12	1.64532e-12	0	3095.17	1.64532e-12
0.00180474	2.53207e-08	7.75246e-15	7.49483e-13	1.46381e-12	1.64454e-12	0	3096.35	1.64454e-12
0.00180874	2.53987e-08	7.75246e-15	7.48895e-13	1.46325e-12	1.64378e-12	0	3097.51	1.64378e-12
0.00181274	2.54768e-08	7.75246e-15	7.4831e-13	1.46271e-12	1.64303e-12	0	3098.64	1.64303e-12
0.00181675	2.5555e-08	7.75246e-15	7.47727e-13	1.46217e-12	1.64228e-12	0	3099.77	1.64228e-12
0.00182075	2.56334e-08	7.75246e-15	7.4715e-13	1.46165e-12	1.64155e-12	0	3100.86	1.64155e-12
0.00182475	2.5712e-08	7.75246e-15	7.46572e-13	1.46112e-12	1.64083e-12	0	3101.95	1.64083e-12
0.00182875	2.57907e-08	7.75246e-15	7.46002e-13	1.46062e-12	1.64012e-12	0	3103	1.64012e-12
0.00183276	2.58696e-08	7.75246e-15	7.4543e-13	1.46012e-12	1.63941e-12	0	3104.05	1.63941e-12
0.00183676	2.59486e-08	7.75246e-15	7.44865e-13	1.45963e-12	1.63872e-12	0	3105.06	1.63872e-12
0.00184076	2.60278e-08	7.75246e-15	7.44299e-13	1.45915e-12	1.63804e-12	0	3106.07	1.63804e-12
0.00184476	2.61071e-08	7.75246e-15	7.43738e-13	1.45868e-12	1.63736e-12	0	3107.05	1.63736e-12
0.00184877	2.61866e-08	7.75246e-15	7.4318e-13	1.45822e-12	1.6367e-12	0	3108.02	1.6367e-12
0.00185277	2.62663e-08	7.75246e-15	7.42625e-13	1.45777e-12	1.63604e-12	0	3108.96	1.63604e-12
0.00185677	2.63461e-08	7.75246e-15	7.42073e-13	1.45733e-12	1.6354e-12	0	3109.89	1.6354e-12
0.00186077	2.6426e-08	7.75246e-15	7.41522e-13	1.45689e-12	1.63476e-12	0	3110.8	1.63476e-12
0.00186477	2.65062e-08	7.75246e-15	7.40977e-13	1.45647e-12	1.63414e-12	0	3111.68	1.63414e-12
0.00186878	2.65864e-08	7.75246e-15	7.40431e-13	1.45605e-12	1.63352e-12	0	3112.56	1.63352e-12
0.00187278	2.66669e-08	7.75246e-15	7.39892e-13	1.45565e-12	1.63292e-12	0	3113.4	1.63292e-12
0.00187678	2.67475e-08	7.75246e-15	7.39352e-13	1.45525e-12	1.63231e-12	0	3114.24	1.63231e-12
0.00188078	2.68282e-08	7.75246e-15	7.38819e-13	1.45487e-12	1.63173e-12	0	3115.04	1.63173e-12
0.00188479	2.69091e-08	7.75246e-15	7.38284e-13	1.45448e-12	1.63115e-12	0	3115.84	1.63115e-12
0.00188879	2.69902e-08	7.75246e-15	7.37755e-13	1.45411e-12	1.63058e-12	0	3116.62	1.63058e-12
0.00189279	2.70714e-08	7.75246e-15	7.37228e-13	1.45375e-12	1.63002e-12	0	3117.37	1.63002e-12
0.00189679	2.71528e-08	7.75246e-15	7.36703e-13	1.4534e-12	1.62947e-12	0	3118.11	1.62947e-12
0.0019008	2.72343e-08	7.75246e-15	7.36184e-13	1.45306e-12	1.62893e-12	0	3118.82	1.62893e-12
0.0019048	2.7316e-08	7.75246e-15	7.35663e-13	1.45272e-12	1.62839e-12	0	3119.53	1.62839e-12
0.0019088	2.73979e-08	7.75246e-15	7.35147e-13	1.4524e-12	1.62787e-12	0	3120.22	1.62787e-12
0.0019128	2.74799e-08	7.75246e-15	7.34634e-13	1.45207e-12	1.62735e-12	0	3120.89	1.62735e-12
0.00191681	2.75621e-08	7.75246e-15	7.34123e-13	1.45177e-12	1.62685e-12	0	3121.53	1.62685e-12
0.00192081	2.76445e-08	7.75246e-15	7.33616e-13	1.45147e-12	1.62635e-12	0	3122.16	1.62635e-12
0.00192481	2.7727e-08	7.75246e-15	7.3311e-13	1.45118e-12	1.62586e-12	0	3122.77	1.62586e-12
0.00192881	2.78097e-08	7.75246e-15	7.32606e-13	1.45089e-12	1.62538e-12	0	3123.37	1.62538e-12
0.00193282	2.78925e-08	7.75246e-15	7.32108e-13	1.45061e-12	1.62491e-12	0	3123.95	1.62491e-12
0.00193682	2.79755e-08	7.75246e-15	7.31611e-13	1.45035e-12	1.62445e-12	0	3124.5	1.62445e-12
0.00194082	2.80587e-08	7.75246e-15	7.31114e-13	1.45009e-12	1.62399e-12	0	3125.05	1.62399e-12
0.00194482	2.81421e-08	7.75246e-15	7.30624e-13	1.44984e-12	1.62354e-12	0	3125.57	1.62354e-12
0.00194882	2.82256e-08	7.75246e-15	7.30133e-13	1.44959e-12	1.62311e-12	0	3126.08	1.62311e-12
0.00195283	2.83092e-08	7.75246e-15	7.29647e-13	1.44936e-12	1.62268e-12	0	3126.57	1.62268e-12
0.00195683	2.83931e-08	7.75246e-15	7.29164e-13	1.44913e-12	1.62226e-12	0	3127.04	1.62226e-12
0.00196083	2.84771e-08	7.75246e-15	7.28681e-13	1.44892e-12	1.62185e-12	0	3127.49	1.62185e-12
0.00196483	2.85612e-08	7.75246e-15	7.28202e-13	1.44871e-12	1.62145e-12	0	3127.93	1.62145e-12
0.00196884	2.86456e-08	7.75246e-15	7.27728e-13	1.4485e-12	1.62105e-12	0	3128.35	1.62105e-12
0.00197284	2.87301e-08	7.75246e-15	7.27252e-13	1.44831e-12	1.62067e-12	0	3128.75	1.62067e-12
0.00197684	2.88148e-08	7.75246e-15	7.26781e-13	1.44812e-12	1.62029e-12	0	3129.13	1.62029e-12
0.00198084	2.88996e-08	7.75246e-15	7.26312e-13	1.44794e-12	1.61992e-12	0	3129.51	1.61992e-12
0.00198485	2.89846e-08	7.75246e-15	7.25846e-13	1.44778e-12	1.61956e-12	0	3129.85	1.61956e-12
0.00198885	2.90698e-08	7.75246e-15	7.25383e-13	1.44761e-12	1.61921e-12	0	3130.19	1.61921e-12
0.00199285	2.91552e-08	7.75246e-15	7.2492e-13	1.44745e-12	1.61885e-12	0	3130.52	1.61885e-12
0.00199685	2.92407e-08	7.75246e-15	7.24463e-13	1.44731e-12	1.61853e-12	0	3130.81	1.61853e-12
0.00200086	2.93264e-08	7.75246e-15	7.24007e-13	1.44718e-12	1.6182e-12	0	3131.09	1.6182e-12
0.00200486	2.94122e-08	7.75246e-15	7.23552e-13	1.44704e-12	1.61787e-12	0	3131.38	1.61787e-12
0.00200886	2.94983e-08	7.75246e-15	7.23101e-13	1.44692e-12	1.61756e-12	0	3131.62	1.61756e-12
0.00201286	2.95845e-08	7.75246e-15	7.22654e-13	1.4468e-12	1.61726e-12	0	3131.85	1.61726e-12
0.00201687	2.96709e-08	7.75246e-15	7.22206e-13	1.44669e-12	1.61696e-12	0	3132.08	1.61696e-12
0.00202087	2.97574e-08	7.75246e-15	7.21762e-13	1.44659e-12	1.61667e-12	0	3132.28	1.61667e-12
0.00202487	2.98442e-08	7.75246e-15	7.21321e-13	1.4465e-12	1.61639e-12	0	3132.46	1.61639e-12
0.00202887	2.99311e-08	7.75246e-15	7.20884e-13	1.44642e-12	1.61612e-12	0	3132.62	1.61612e-12
0.00203288	3.00181e-08	7.75246e-15	7.20446e-13	1.44633e-12	1.61585e-12	0	3132.79	1.61585e-12
0.00203688	3.01054e-08	7.75246e-15	7.20012e-13	1.44626e-12	1.6156e-12	0	3132.93	1.6156e-12
0.00204088	3.01928e-08	7.75246e-15	7.19581e-13	1.4462e-12	1.61535e-12	0	3133.04	1.61535e-12
0.00204488	3.02804e-08	7.75246e-15	7.19152e-13	1.44615e-12	1.61511e-12	0	3133.15	1.61511e-12
0.00204889	3.03682e-08	7.75246e-15	7.18725e-13	1.44609e-12	1.61487e-12	0	3133.25	1.61487e-12
0.00205289	3.04562e-08	7.75246e-15	7.18301e-13	1.44605e-12	1.61465e-12	0	3133.32	1.61465e-12
0.00205689	3.05443e-08	7.75246e-15	7.17879e-13	1.44602e-12	1.61443e-12	0	3133.37	1.61443e-12
0.0020609	3.06326e-08	7.75246e-15	7.17459e-13	1.446e-12	1.61422e-12	0	3133.41	1.61422e-12
0.0020649	3.07211e-08	7.75246e-15	7.17042e-13	1.44597e-12	1.61402e-12	0	3133.45	1.61402e-12
0.0020689	3.08097e-08	7.75246e-15	7.16627e-13	1.44596e-12	1.61382e-12	0	3133.46	1.61382e-12
0.0020729	3.08986e-08	7.75246e-15	7.16215e-13	1.44596e-12	1.61364e-12	0	3133.45	1.61364e-12
0.00207691	3.09876e-08	7.75246e-15	7.15803e-13	1.44596e-12	1.61345e-12	0	3133.44	1.61345e-12
0.00208091	3.10768e-08	7.75246e-15	7.15395e-13	1.44596e-12	1.61328e-12	0	3133.41	1.61328e-12
0.00208491	3.11662e-08	7.75246e-15	7.14992e-13	1.44598e-12	1.61311e-12	0	3133.35	1.61311e-12
0.00208891	3.12558e-08	7.75246e-15	7.14589e-13	1.44601e-12	1.61296e-12	0	3133.29	1.61296e-12
0.00209292	3.13455e-08	7.75246e-15	7.14186e-13	1.44604e-12	1.61281e-12	0	3133.21	1.61281e-12
0.00209692	3.14354e-08	7.75246e-15	7.13788e-13	1.44607e-12	1.61266e-12	0	3133.11	1.61266e-12
0.00210092	3.15255e-08	7.75246e-15	7.13392e-13	1.44611e-12	1.61252e-12	0	3133.01	1.61252e-12
0.00210492	3.16158e-08	7.75246e-15	7.13e-13	1.44617e-12	1.6124e-12	0	3132.87	1.6124e-12
0.00210893	3.17063e-08	7.75246e-15	7.12608e-13	1.44623e-12	1.61228e-12	0	3132.73	1.61228e-12
0.00211293	3.17969e-08	7.75246e-15	7.12217e-13	1.44629e-12	1.61216e-12	0	3132.59	1.61216e-12
0.00211693	3.18878e-08	7.75246e-15	7.1183e-13	1.44636e-12	1.61206e-12	0	3132.41	1.61206e-12
0.00212093	3.19788e-08	7.75246e-15	7.11446e-13	1.44644e-12	1.61196e-12	0	3132.22	1.61196e-12
0.00212494	3.207e-08	7.75246e-15	7.11063e-13	1.44653e-12	1.61186e-12	0	3132.03	1.61186e-12
0.00212894	3.21614e-08	7.75246e-15	7.10683e-13	1.44662e-12	1.61178e-12	0	3131.82	1.61178e-12
0.00213294	3.2253e-08	7.75246e-15	7.10305e-13	1.44672e-12	1.6117e-12	0	3131.59	1.6117e-12
0.00213695	3.23447e-08	7.75246e-15	7.09929e-13	1.44682e-12	1.61163e-12	0	3131.35	1.61163e-12
0.00214095	3.24367e-08	7.75246e-15	7.09556e-13	1.44694e-12	1.61157e-12	0	3131.08	1.61157e-12
0.00214495	3.25288e-08	7.75246e-15	7.09185e-13	1.44706e-12	1.61152e-12	0	3130.81	1.61152e-12
0.00214895	3.26211e-08	7.75246e-15	7.08816e-13	1.44718e-12	1.61146e-12	0	3130.53	1.61146e-12
0.00215296	3.27136e-08	7.75246e-15	7.08449e-13	1.44731e-12	1.61142e-12	0	3130.23	1.61142e-12
0.00215696	3.28063e-08	7.75246e-15	7.08083e-13	1.44745e-12	1.61138e-12	0	3129.92	1.61138e-12
0.00216096	3.28992e-08	7.75246e-15	7.0772e-13	1.44759e-12	1.61135e-12	0	3129.59	1.61135e-12
0.00216496	3.29922e-08	7.75246e-15	7.0736e-13	1.44775e-12	1.61133e-12	0	3129.25	1.61133e-12
0.00216897	3.30855e-08	7.75246e-15	7.07004e-13	1.44791e-12	1.61132e-12	0	3128.88	1.61132e-12
0.00217297	3.31789e-08	7.75246e-15	7.06648e-13	1.44808e-12	1.61132e-12	0	3128.51	1.61132e-12
0.00217697	3.32726e-08	7.75246e-15	7.06295e-13	1.44825e-12	1.61132e-12	0	3128.12	1.61132e-12
0.00218097	3.33664e-08	7.75246e-15	7.05943e-13	1.44843e-12	1.61132e-12	0	3127.73	1.61132e-12
0.00218498	3.34604e-08	7.75246e-15	7.05592e-13	1.44861e-12	1.61133e-12	0	3127.33	1.61133e-12
0.00218898	3.35546e-08	7.75246e-15	7.05245e-13	1.4488e-12	1.61135e-12	0	3126.9	1.61135e-12
0.00219298	3.3649e-08	7.75246e-15	7.049e-13	1.44899e-12	1.61138e-12	0	3126.46	1.61138e-12
0.00219699	3.37436e-08	7.75246e-15	7.04558e-13	1.4492e-12	1.61141e-12	0	3126.01	1.61141e-12
0.00220099	3.38384e-08	7.75246e-15	7.04217e-13	1.44941e-12	1.61145e-12	0	3125.54	1.61145e-12
0.00220499	3.39334e-08	7.75246e-15	7.03879e-13	1.44963e-12	1.6115e-12	0	3125.06	1.6115e-12
0.00220899	3.40285e-08	7.75246e-15	7.03542e-13	1.44985e-12	1.61155e-12	0	3124.56	1.61155e-12
0.002213	3.41239e-08	7.75246e-15	7.03208e-13	1.45008e-12	1.61161e-12	0	3124.06	1.61161e-12
0.002217	3.42195e-08	7.75246e-15	7.02876e-13	1.45032e-12	1.61168e-12	0	3123.53	1.61168e-12
0.002221	3.43152e-08	7.75246e-15	7.02544e-13	1.45056e-12	1.61175e-12	0	3123	1.61175e-12
0.00222501	3.44112e-08	7.75246e-15	7.02216e-13	1.4508e-12	1.61183e-12	0	3122.46	1.61183e-12
0.00222901	3.45073e-08	7.75246e-15	7.01892e-13	1.45106e-12	1.61192e-12	0	3121.9	1.61192e-12
0.00223301	3.46036e-08	7.75246e-15	7.01569e-13	1.45132e-12	1.61201e-12	0	3121.32	1.61201e-12
0.00223701	3.47002e-08	7.75246e-15	7.01247e-13	1.45159e-12	1.61211e-12	0	3120.74	1.61211e-12
0.00224102	3.47969e-08	7.75246e-15	7.00928e-13	1.45186e-12	1.61222e-12	0	3120.14	1.61222e-12
0.00224502	3.48938e-08	7.75246e-15	7.0061e-13	1.45214e-12	1.61233e-12	0	3119.53	1.61233e-12
0.00224902	3.49909e-08	7.75246e-15	7.00295e-13	1.45242e-12	1.61245e-12	0	3118.9	1.61245e-12
0.00225303	3.50883e-08	7.75246e-15	6.99982e-13	1.45271e-12	1.61258e-12	0	3118.26	1.61258e-12
0.00225703	3.51858e-08	7.75246e-15	6.99671e-13	1.45301e-12	1.61271e-12	0	3117.61	1.61271e-12
0.00226103	3.52835e-08	7.75246e-15	6.99362e-13	1.45331e-12	1.61285e-12	0	3116.95	1.61285e-12
0.00226503	3.53814e-08	7.75246e-15	6.99055e-13	1.45362e-12	1.613e-12	0	3116.27	1.613e-12
0.00226904	3.54795e-08	7.75246e-15	6.9875e-13	1.45394e-12	1.61315e-12	0	3115.59	1.61315e-12
0.00227304	3.55779e-08	7.75246e-15	6.98447e-13	1.45426e-12	1.61331e-12	0	3114.88	1.61331e-12
0.00227704	3.56764e-08	7.75246e-15	6.98146e-13	1.45459e-12	1.61347e-12	0	3114.17	1.61347e-12
0.00228105	3.57751e-08	7.75246e-15	6.97847e-13	1.45492e-12	1.61364e-12	0	3113.45	1.61364e-12
0.00228505	3.5874e-08	7.75246e-15	6.97548e-13	1.45526e-12	1.61382e-12	0	3112.72	1.61382e-12
0.00228905	3.59731e-08	7.75246e-15	6.97254e-13	1.4556e-12	1.614e-12	0	3111.97	1.614e-12
0.00229305	3.60725e-08	7.75246e-15	6.96961e-13	1.45595e-12	1.61419e-12	0	3111.2	1.61419e-12
0.00229706	3.6172e-08	7.75246e-15	6.9667e-13	1.45631e-12	1.61439e-12	0	3110.43	1.61439e-12
0.00230106	3.62717e-08	7.75246e-15	6.96382e-13	1.45667e-12	1.61459e-12	0	3109.64	1.61459e-12
0.00230506	3.63717e-08	7.75246e-15	6.96095e-13	1.45704e-12	1.6148e-12	0	3108.84	1.6148e-12
0.00230907	3.64718e-08	7.75246e-15	6.9581e-13	1.45742e-12	1.61502e-12	0	3108.03	1.61502e-12
0.00231307	3.65721e-08	7.75246e-15	6.95528e-13	1.4578e-12	1.61524e-12	0	3107.21	1.61524e-12
0.00231707	3.66727e-08	7.75246e-15	6.95247e-13	1.45818e-12	1.61546e-12	0	3106.37	1.61546e-12
0.00232107	3.67734e-08	7.75246e-15	6.94967e-13	1.45857e-12	1.61569e-12	0	3105.54	1.61569e-12
0.00232508	3.68744e-08	7.75246e-15	6.9469e-13	1.45897e-12	1.61593e-12	0	3104.68	1.61593e-12
0.00232908	3.69756e-08	7.75246e-15	6.94415e-13	1.45937e-12	1.61618e-12	0	3103.81	1.61618e-12
0.00233308	3.70769e-08	7.75246e-15	6.94143e-13	1.45978e-12	1.61643e-12	0	3102.92	1.61643e-12
0.00233709	3.71785e-08	7.75246e-15	6.93872e-13	1.4602e-12	1.61669e-12	0	3102.03	1.61669e-12
0.00234109	3.72803e-08	7.75246e-15	6.93603e-13	1.46062e-12	1.61696e-12	0	3101.13	1.61696e-12
0.00234509	3.73823e-08	7.75246e-15	6.93336e-13	1.46104e-12	1.61723e-12	0	3100.21	1.61723e-12
0.0023491	3.74845e-08	7.75246e-15	6.93072e-13	1.46148e-12	1.61751e-12	0	3099.28	1.61751e-12
0.0023531	3.75869e-08	7.75246e-15	6.92809e-13	1.46191e-12	1.61779e-12	0	3098.34	1.61779e-12
0.0023571	3.76895e-08	7.75246e-15	6.92548e-13	1.46236e-12	1.61808e-12	0	3097.39	1.61808e-12
0.0023611	3.77924e-08	7.75246e-15	6.92289e-13	1.46281e-12	1.61837e-12	0	3096.43	1.61837e-12
0.00236511	3.78954e-08	7.75246e-15	6.92034e-13	1.46327e-12	1.61868e-12	0	3095.45	1.61868e-12
0.00236911	3.79987e-08	7.75246e-15	6.91779e-13	1.46373e-12	1.61899e-12	0	3094.46	1.61899e-12
0.00237311	3.81021e-08	7.75246e-15	6.91526e-13	1.46419e-12	1.6193e-12	0	3093.46	1.6193e-12
0.00237712	3.82058e-08	7.75246e-15	6.91275e-13	1.46466e-12	1.61961e-12	0	3092.47	1.61961e-12
0.00238112	3.83097e-08	7.75246e-15	6.91026e-13	1.46514e-12	1.61994e-12	0	3091.45	1.61994e-12
0.00238512	3.84138e-08	7.75246e-15	6.90777e-13	1.46562e-12	1.62027e-12	0	3090.42	1.62027e-12
0.00238913	3.85181e-08	7.75246e-15	6.90531e-13	1.46611e-12	1.62061e-12	0	3089.38	1.62061e-12
0.00239313	3.86226e-08	7.75246e-15	6.90288e-13	1.4666e-12	1.62095e-12	0	3088.33	1.62095e-12
0.00239713	3.87274e-08	7.75246e-15	6.90046e-13	1.4671e-12	1.6213e-12	0	3087.26	1.6213e-12
0.00240113	3.88323e-08	7.75246e-15	6.89807e-13	1.46761e-12	1.62165e-12	0	3086.19	1.62165e-12
0.00240514	3.89375e-08	7.75246e-15	6.89569e-13	1.46812e-12	1.62202e-12	0	3085.11	1.62202e-12
0.00240914	3.90429e-08	7.75246e-15	6.89334e-13	1.46863e-12	1.62238e-12	0	3084.01	1.62238e-12
0.00241314	3.91485e-08	7.75246e-15	6.891e-13	1.46915e-12	1.62276e-12	0	3082.91	1.62276e-12
0.00241715	3.92543e-08	7.75246e-15	6.88868e-13	1.46968e-12	1.62313e-12	0	3081.79	1.62313e-12
0.00242115	3.93603e-08	7.75246e-15	6.88638e-13	1.47021e-12	1.62352e-12	0	3080.67	1.62352e-12
0.00242515	3.94666e-08	7.75246e-15	6.88408e-13	1.47074e-12	1.6239e-12	0	3079.55	1.6239e-12
0.00242916	3.95731e-08	7.75246e-15	6.88184e-13	1.47129e-12	1.6243e-12	0	3078.39	1.6243e-12
0.00243316	3.96797e-08	7.75246e-15	6.87959e-13	1.47184e-12	1.62471e-12	0	3077.23	1.62471e-12
0.00243716	3.97866e-08	7.75246e-15	6.87737e-13	1.4724e-12	1.62511e-12	0	3076.06	1.62511e-12
0.00244117	3.98938e-08	7.75246e-15	6.87516e-13	1.47296e-12	1.62553e-12	0	3074.88	1.62553e-12
0.00244517	4.00011e-08	7.75246e-15	6.87298e-13	1.47352e-12	1.62595e-12	0	3073.69	1.62595e-12
0.00244917	4.01087e-08	7.75246e-15	6.87081e-13	1.47409e-12	1.62637e-12	0	3072.49	1.62637e-12
0.00245318	4.02165e-08	7.75246e-15	6.86864e-13	1.47466e-12	1.6268e-12	0	3071.29	1.6268e-12
0.00245718	4.03245e-08	7.75246e-15	6.86651e-13	1.47524e-12	1.62723e-12	0	3070.07	1.62723e-12
0.00246118	4.04327e-08	7.75246e-15	6.8644e-13	1.47583e-12	1.62767e-12	0	3068.85	1.62767e-12
0.00246518	4.05411e-08	7.75246e-15	6.86231e-13	1.47642e-12	1.62812e-12	0	3067.61	1.62812e-12
0.00246919	4.06498e-08	7.75246e-15	6.86025e-13	1.47702e-12	1.62858e-12	0	3066.35	1.62858e-12
0.00247319	4.07587e-08	7.75246e-15	6.8582e-13	1.47762e-12	1.62904e-12	0	3065.09	1.62904e-12
0.00247719	4.08678e-08	7.75246e-15	6.85616e-13	1.47823e-12	1.62951e-12	0	3063.82	1.62951e-12
0.0024812	4.09771e-08	7.75246e-15	6.85412e-13	1.47884e-12	1.62997e-12	0	3062.55	1.62997e-12
0.0024852	4.10867e-08	7.75246e-15	6.85212e-13	1.47946e-12	1.63045e-12	0	3061.26	1.63045e-12
0.0024892	4.11965e-08	7.75246e-15	6.85014e-13	1.48008e-12	1.63093e-12	0	3059.97	1.63093e-12
0.00249321	4.13065e-08	7.75246e-15	6.84818e-13	1.4807e-12	1.63142e-12	0	3058.66	1.63142e-12
0.00249721	4.14167e-08	7.75246e-15	6.84623e-13	1.48134e-12	1.63191e-12	0	3057.33	1.63191e-12
0.00250121	4.15272e-08	7.75246e-15	6.84433e-13	1.48198e-12	1.63242e-12	0	3056	1.63242e-12
0.00250522	4.16378e-08	7.75246e-15	6.8424e-13	1.48262e-12	1.63292e-12	0	3054.67	1.63292e-12
0.00250922	4.17488e-08	7.75246e-15	6.84051e-13	1.48327e-12	1.63343e-12	0	3053.32	1.63343e-12
0.00251322	4.18599e-08	7.75246e-15	6.83864e-13	1.48392e-12	1.63394e-12	0	3051.98	1.63394e-12
0.00251723	4.19713e-08	7.75246e-15	6.83679e-13	1.48458e-12	1.63446e-12	0	3050.61	1.63446e-12
0.00252123	4.20829e-08	7.75246e-15	6.83495e-13	1.48525e-12	1.63499e-12	0	3049.23	1.63499e-12
0.00252523	4.21947e-08	7.75246e-15	6.83312e-13	1.48592e-12	1.63552e-12	0	3047.85	1.63552e-12
0.00252924	4.23067e-08	7.75246e-15	6.83134e-13	1.4866e-12	1.63606e-12	0	3046.45	1.63606e-12
0.00253324	4.2419e-08	7.75246e-15	6.82956e-13	1.48728e-12	1.63661e-12	0	3045.05	1.63661e-12
0.00253724	4.25315e-08	7.75246e-15	6.8278e-13	1.48796e-12	1.63715e-12	0	3043.64	1.63715e-12
0.00254125	4.26442e-08	7.75246e-15	6.82606e-13	1.48865e-12	1.63771e-12	0	3042.22	1.63771e-12
0.00254525	4.27572e-08	7.75246e-15	6.82433e-13	1.48935e-12	1.63827e-12	0	3040.79	1.63827e-12
0.00254925	4.28704e-08	7.75246e-15	6.82261e-13	1.49005e-12	1.63883e-12	0	3039.35	1.63883e-12
0.00255326	4.29838e-08	7.75246e-15	6.82094e-13	1.49076e-12	1.63941e-12	0	3037.9	1.63941e-12
0.00255726	4.30975e-08	7.75246e-15	6.81927e-13	1.49146e-12	1.63998e-12	0	3036.45	1.63998e-12
0.00256126	4.32114e-08	7.75246e-15	6.81761e-13	1.49218e-12	1.64057e-12	0	3034.98	1.64057e-12
0.00256527	4.33255e-08	7.75246e-15	6.81596e-13	1.4929e-12	1.64115e-12	0	3033.51	1.64115e-12
0.00256927	4.34399e-08	7.75246e-15	6.81434e-13	1.49363e-12	1.64175e-12	0	3032.02	1.64175e-12
0.00257327	4.35545e-08	7.75246e-15	6.81277e-13	1.49436e-12	1.64235e-12	0	3030.52	1.64235e-12
0.00257728	4.36693e-08	7.75246e-15	6.81119e-13	1.49509e-12	1.64295e-12	0	3029.03	1.64295e-12
0.00258128	4.37844e-08	7.75246e-15	6.80962e-13	1.49584e-12	1.64356e-12	0	3027.52	1.64356e-12
0.00258528	4.38997e-08	7.75246e-15	6.80806e-13	1.49658e-12	1.64418e-12	0	3026	1.64418e-12
0.00258929	4.40152e-08	7.75246e-15	6.80653e-13	1.49733e-12	1.6448e-12	0	3024.47	1.6448e-12
0.00259329	4.4131e-08	7.75246e-15	6.80502e-13	1.49809e-12	1.64542e-12	0	3022.94	1.64542e-12
0.00259729	4.4247e-08	7.75246e-15	6.80355e-13	1.49885e-12	1.64606e-12	0	3021.39	1.64606e-12
0.0026013	4.43632e-08	7.75246e-15	6.80206e-13	1.49961e-12	1.64669e-12	0	3019.85	1.64669e-12
0.0026053	4.44797e-08	7.75246e-15	6.80061e-13	1.50039e-12	1.64733e-12	0	3018.28	1.64733e-12
0.0026093	4.45964e-08	7.75246e-15	6.79917e-13	1.50117e-12	1.64798e-12	0	3016.71	1.64798e-12
0.00261331	4.47134e-08	7.75246e-15	6.79777e-13	1.50195e-12	1.64864e-12	0	3015.13	1.64864e-12
0.00261731	4.48306e-08	7.75246e-15	6.79635e-13	1.50273e-12	1.64929e-12	0	3013.55	1.64929e-12
0.00262131	4.4948e-08	7.75246e-15	6.79496e-13	1.50353e-12	1.64996e-12	0	3011.95	1.64996e-12
0.00262532	4.50657e-08	7.75246e-15	6.7936e-13	1.50432e-12	1.65063e-12	0	3010.35	1.65063e-12
0.00262932	4.51836e-08	7.75246e-15	6.79225e-13	1.50512e-12	1.6513e-12	0	3008.74	1.6513e-12
0.00263332	4.53017e-08	7.75246e-15	6.79092e-13	1.50593e-12	1.65198e-12	0	3007.12	1.65198e-12
0.00263733	4.54201e-08	7.75246e-15	6.78961e-13	1.50674e-12	1.65267e-12	0	3005.49	1.65267e-12
0.00264133	4.55387e-08	7.75246e-15	6.78831e-13	1.50756e-12	1.65336e-12	0	3003.85	1.65336e-12
0.00264533	4.56576e-08	7.75246e-15	6.78703e-13	1.50838e-12	1.65405e-12	0	3002.22	1.65405e-12
0.00264934	4.57767e-08	7.75246e-15	6.78578e-13	1.5092e-12	1.65476e-12	0	3000.56	1.65476e-12
0.00265334	4.58961e-08	7.75246e-15	6.78453e-13	1.51004e-12	1.65547e-12	0	2998.9	1.65547e-12
0.00265734	4.60157e-08	7.75246e-15	6.78331e-13	1.51087e-12	1.65618e-12	0	2997.23	1.65618e-12
0.00266135	4.61355e-08	7.75246e-15	6.7821e-13	1.51171e-12	1.65689e-12	0	2995.56	1.65689e-12
0.00266535	4.62556e-08	7.75246e-15	6.78091e-13	1.51256e-12	1.65762e-12	0	2993.88	1.65762e-12
0.00266936	4.6376e-08	7.75246e-15	6.77974e-13	1.51341e-12	1.65835e-12	0	2992.18	1.65835e-12
0.00267336	4.64966e-08	7.75246e-15	6.77859e-13	1.51427e-12	1.65908e-12	0	2990.48	1.65908e-12
0.00267736	4.66174e-08	7.75246e-15	6.77743e-13	1.51512e-12	1.65981e-12	0	2988.79	1.65981e-12
0.00268137	4.67385e-08	7.75246e-15	6.77633e-13	1.51599e-12	1.66056e-12	0	2987.07	1.66056e-12
0.00268537	4.68598e-08	7.75246e-15	6.77523e-13	1.51686e-12	1.66132e-12	0	2985.34	1.66132e-12
0.00268937	4.69813e-08	7.75246e-15	6.77415e-13	1.51774e-12	1.66207e-12	0	2983.61	1.66207e-12
0.00269338	4.71031e-08	7.75246e-15	6.77306e-13	1.51861e-12	1.66282e-12	0	2981.89	1.66282e-12
0.00269738	4.72252e-08	7.75246e-15	6.77203e-13	1.5195e-12	1.66359e-12	0	2980.13	1.66359e-12
0.00270138	4.73475e-08	7.75246e-15	6.771e-13	1.5204e-12	1.66437e-12	0	2978.37	1.66437e-12
0.00270539	4.74701e-08	7.75246e-15	6.76997e-13	1.52128e-12	1.66514e-12	0	2976.63	1.66514e-12
0.00270939	4.75929e-08	7.75246e-15	6.76897e-13	1.52218e-12	1.66592e-12	0	2974.86	1.66592e-12
0.00271339	4.77159e-08	7.75246e-15	6.76801e-13	1.52309e-12	1.66671e-12	0	2973.07	1.66671e-12
0.0027174	4.78392e-08	7.75246e-15	6.76703e-13	1.524e-12	1.6675e-12	0	2971.31	1.6675e-12
0.0027214	4.79628e-08	7.75246e-15	6.76609e-13	1.52491e-12	1.6683e-12	0	2969.52	1.6683e-12
0.00272541	4.80866e-08	7.75246e-15	6.76518e-13	1.52584e-12	1.66911e-12	0	2967.71	1.66911e-12
0.00272941	4.82106e-08	7.75246e-15	6.76427e-13	1.52676e-12	1.66991e-12	0	2965.9	1.66991e-12
0.00273341	4.8335e-08	7.75246e-15	6.76336e-13	1.52768e-12	1.67072e-12	0	2964.11	1.67072e-12
0.00273742	4.84595e-08	7.75246e-15	6.76249e-13	1.52862e-12	1.67154e-12	0	2962.29	1.67154e-12
0.00274142	4.85843e-08	7.75246e-15	6.76165e-13	1.52956e-12	1.67237e-12	0	2960.45	1.67237e-12
0.00274542	4.87094e-08	7.75246e-15	6.76079e-13	1.5305e-12	1.67319e-12	0	2958.63	1.67319e-12
0.00274943	4.88347e-08	7.75246e-15	6.75997e-13	1.53145e-12	1.67402e-12	0	2956.8	1.67402e-12
0.00275343	4.89603e-08	7.75246e-15	6.75918e-13	1.53241e-12	1.67487e-12	0	2954.93	1.67487e-12
0.00275743	4.90861e-08	7.75246e-15	6.75838e-13	1.53336e-12	1.67571e-12	0	2953.1	1.67571e-12
0.00276144	4.92122e-08	7.75246e-15	6.75761e-13	1.53432e-12	1.67656e-12	0	2951.24	1.67656e-12
0.00276544	4.93385e-08	7.75246e-15	6.75685e-13	1.53529e-12	1.67742e-12	0	2949.36	1.67742e-12
0.00276945	4.94651e-08	7.75246e-15	6.75612e-13	1.53626e-12	1.67827e-12	0	2947.5	1.67827e-12
0.00277345	4.9592e-08	7.75246e-15	6.7554e-13	1.53724e-12	1.67914e-12	0	2945.62	1.67914e-12
0.00277745	4.97191e-08	7.75246e-15	6.7547e-13	1.53822e-12	1.68001e-12	0	2943.72	1.68001e-12
0.00278146	4.98465e-08	7.75246e-15	6.75402e-13	1.53921e-12	1.68089e-12	0	2941.83	1.68089e-12
0.00278546	4.99741e-08	7.75246e-15	6.75335e-13	1.5402e-12	1.68177e-12	0	2939.93	1.68177e-12
0.00278946	5.0102e-08	7.75246e-15	6.7527e-13	1.5412e-12	1.68266e-12	0	2938.02	1.68266e-12
0.00279347	5.02301e-08	7.75246e-15	6.75207e-13	1.54219e-12	1.68355e-12	0	2936.11	1.68355e-12
0.00279747	5.03585e-08	7.75246e-15	6.75146e-13	1.5432e-12	1.68444e-12	0	2934.19	1.68444e-12
0.00280148	5.04871e-08	7.75246e-15	6.75086e-13	1.54421e-12	1.68535e-12	0	2932.26	1.68535e-12
0.00280548	5.06161e-08	7.75246e-15	6.75028e-13	1.54523e-12	1.68625e-12	0	2930.33	1.68625e-12
0.00280948	5.07452e-08	7.75246e-15	6.74972e-13	1.54625e-12	1.68716e-12	0	2928.39	1.68716e-12
0.00281349	5.08747e-08	7.75246e-15	6.74915e-13	1.54727e-12	1.68808e-12	0	2926.44	1.68808e-12
0.00281749	5.10044e-08	7.75246e-15	6.74864e-13	1.5483e-12	1.68901e-12	0	2924.49	1.68901e-12
0.00282149	5.11343e-08	7.75246e-15	6.74813e-13	1.54934e-12	1.68993e-12	0	2922.53	1.68993e-12
0.0028255	5.12646e-08	7.75246e-15	6.74762e-13	1.55037e-12	1.69087e-12	0	2920.57	1.69087e-12
0.0028295	5.1395e-08	7.75246e-15	6.74716e-13	1.55142e-12	1.69181e-12	0	2918.59	1.69181e-12
0.00283351	5.15258e-08	7.75246e-15	6.74671e-13	1.55247e-12	1.69275e-12	0	2916.62	1.69275e-12
0.00283751	5.16568e-08	7.75246e-15	6.74624e-13	1.55352e-12	1.6937e-12	0	2914.63	1.6937e-12
0.00284151	5.17881e-08	7.75246e-15	6.74584e-13	1.55458e-12	1.69465e-12	0	2912.64	1.69465e-12
0.00284552	5.19196e-08	7.75246e-15	6.74543e-13	1.55564e-12	1.69561e-12	0	2910.64	1.69561e-12
0.00284952	5.20514e-08	7.75246e-15	6.74502e-13	1.55671e-12	1.69657e-12	0	2908.64	1.69657e-12
0.00285352	5.21835e-08	7.75246e-15	6.74467e-13	1.55778e-12	1.69755e-12	0	2906.63	1.69755e-12
0.00285753	5.23158e-08	7.75246e-15	6.7443e-13	1.55886e-12	1.69851e-12	0	2904.62	1.69851e-12
0.00286153	5.24484e-08	7.75246e-15	6.74396e-13	1.55994e-12	1.69949e-12	0	2902.6	1.69949e-12
0.00286554	5.25813e-08	7.75246e-15	6.74366e-13	1.56103e-12	1.70048e-12	0	2900.57	1.70048e-12
0.00286954	5.27144e-08	7.75246e-15	6.74333e-13	1.56212e-12	1.70147e-12	0	2898.53	1.70147e-12
0.00287354	5.28478e-08	7.75246e-15	6.74307e-13	1.56322e-12	1.70247e-12	0	2896.49	1.70247e-12
0.00287755	5.29815e-08	7.75246e-15	6.74278e-13	1.56432e-12	1.70347e-12	0	2894.46	1.70347e-12
0.00288155	5.31154e-08	7.75246e-15	6.74253e-13	1.56543e-12	1.70448e-12	0	2892.4	1.70448e-12
0.00288556	5.32496e-08	7.75246e-15	6.74231e-13	1.56654e-12	1.70549e-12	0	2890.34	1.70549e-12
0.00288956	5.33841e-08	7.75246e-15	6.74207e-13	1.56765e-12	1.7065e-12	0	2888.28	1.7065e-12
0.00289356	5.35189e-08	7.75246e-15	6.74187e-13	1.56877e-12	1.70752e-12	0	2886.22	1.70752e-12
0.00289757	5.36539e-08	7.75246e-15	6.74171e-13	1.5699e-12	1.70855e-12	0	2884.13	1.70855e-12
0.00290157	5.37892e-08	7.75246e-15	6.74153e-13	1.57103e-12	1.70958e-12	0	2882.05	1.70958e-12
0.00290558	5.39247e-08	7.75246e-15	6.7414e-13	1.57216e-12	1.71062e-12	0	2879.97	1.71062e-12
0.00290958	5.40606e-08	7.75246e-15	6.74125e-13	1.5733e-12	1.71166e-12	0	2877.88	1.71166e-12
0.00291358	5.41967e-08	7.75246e-15	6.74113e-13	1.57444e-12	1.71271e-12	0	2875.79	1.71271e-12
0.00291759	5.4333e-08	7.75246e-15	6.74104e-13	1.57559e-12	1.71376e-12	0	2873.68	1.71376e-12
0.00292159	5.44697e-08	7.75246e-15	6.74096e-13	1.57675e-12	1.71482e-12	0	2871.57	1.71482e-12
0.0029256	5.46066e-08	7.75246e-15	6.74089e-13	1.5779e-12	1.71588e-12	0	2869.46	1.71588e-12
0.0029296	5.47438e-08	7.75246e-15	6.74085e-13	1.57907e-12	1.71695e-12	0	2867.34	1.71695e-12
0.0029336	5.48813e-08	7.75246e-15	6.74082e-13	1.58024e-12	1.71802e-12	0	2865.22	1.71802e-12
0.00293761	5.5019e-08	7.75246e-15	6.74081e-13	1.58141e-12	1.7191e-12	0	2863.09	1.7191e-12
0.00294161	5.5157e-08	7.75246e-15	6.74082e-13	1.58259e-12	1.72019e-12	0	2860.94	1.72019e-12
0.00294562	5.52953e-08	7.75246e-15	6.74084e-13	1.58377e-12	1.72127e-12	0	2858.81	1.72127e-12
0.00294962	5.54339e-08	7.75246e-15	6.74088e-13	1.58495e-12	1.72236e-12	0	2856.66	1.72236e-12
0.00295362	5.55727e-08	7.75246e-15	6.74094e-13	1.58615e-12	1.72346e-12	0	2854.51	1.72346e-12
0.00295763	5.57119e-08	7.75246e-15	6.74102e-13	1.58734e-12	1.72457e-12	0	2852.35	1.72457e-12
0.00296163	5.58513e-08	7.75246e-15	6.74111e-13	1.58855e-12	1.72568e-12	0	2850.18	1.72568e-12
0.00296564	5.59909e-08	7.75246e-15	6.7412e-13	1.58975e-12	1.72679e-12	0	2848.03	1.72679e-12
0.00296964	5.61309e-08	7.75246e-15	6.74135e-13	1.59096e-12	1.72791e-12	0	2845.85	1.72791e-12
0.00297364	5.62711e-08	7.75246e-15	6.74149e-13	1.59218e-12	1.72904e-12	0	2843.67	1.72904e-12
0.00297765	5.64116e-08	7.75246e-15	6.74165e-13	1.5934e-12	1.73017e-12	0	2841.49	1.73017e-12
0.00298165	5.65524e-08	7.75246e-15	6.74183e-13	1.59462e-12	1.7313e-12	0	2839.3	1.7313e-12
0.00298566	5.66935e-08	7.75246e-15	6.74201e-13	1.59585e-12	1.73244e-12	0	2837.12	1.73244e-12
0.00298966	5.68349e-08	7.75246e-15	6.74225e-13	1.59709e-12	1.73359e-12	0	2834.9	1.73359e-12
0.00299366	5.69765e-08	7.75246e-15	6.74246e-13	1.59832e-12	1.73473e-12	0	2832.71	1.73473e-12
0.00299767	5.71184e-08	7.75246e-15	6.74273e-13	1.59957e-12	1.73589e-12	0	2830.5	1.73589e-12
0.00300167	5.72606e-08	7.75246e-15	6.74299e-13	1.60082e-12	1.73706e-12	0	2828.28	1.73706e-12
0.00300568	5.74031e-08	7.75246e-15	6.74327e-13	1.60207e-12	1.73822e-12	0	2826.07	1.73822e-12
0.00300968	5.75459e-08	7.75246e-15	6.74358e-13	1.60333e-12	1.73939e-12	0	2823.84	1.73939e-12
0.00301369	5.76889e-08	7.75246e-15	6.74387e-13	1.60459e-12	1.74056e-12	0	2821.62	1.74056e-12
0.00301769	5.78322e-08	7.75246e-15	6.74423e-13	1.60587e-12	1.74176e-12	0	2819.37	1.74176e-12
0.00302169	5.79759e-08	7.75246e-15	6.74456e-13	1.60713e-12	1.74293e-12	0	2817.15	1.74293e-12
0.0030257	5.81197e-08	7.75246e-15	6.74495e-13	1.60841e-12	1.74413e-12	0	2814.9	1.74413e-12
0.0030297	5.82639e-08	7.75246e-15	6.74532e-13	1.60969e-12	1.74532e-12	0	2812.66	1.74532e-12
0.00303371	5.84084e-08	7.75246e-15	6.74574e-13	1.61098e-12	1.74653e-12	0	2810.4	1.74653e-12
0.00303771	5.85532e-08	7.75246e-15	6.74615e-13	1.61227e-12	1.74773e-12	0	2808.15	1.74773e-12
0.00304172	5.86982e-08	7.75246e-15	6.74658e-13	1.61357e-12	1.74895e-12	0	2805.89	1.74895e-12
0.00304572	5.88435e-08	7.75246e-15	6.74706e-13	1.61487e-12	1.75017e-12	0	2803.62	1.75017e-12
0.00304972	5.89891e-08	7.75246e-15	6.74752e-13	1.61617e-12	1.75139e-12	0	2801.35	1.75139e-12
0.00305373	5.9135e-08	7.75246e-15	6.74803e-13	1.61749e-12	1.75262e-12	0	2799.07	1.75262e-12
0.00305773	5.92812e-08	7.75246e-15	6.74852e-13	1.6188e-12	1.75385e-12	0	2796.8	1.75385e-12
0.00306174	5.94277e-08	7.75246e-15	6.74907e-13	1.62013e-12	1.7551e-12	0	2794.5	1.7551e-12
0.00306574	5.95745e-08	7.75246e-15	6.74959e-13	1.62145e-12	1.75634e-12	0	2792.22	1.75634e-12
0.00306975	5.97215e-08	7.75246e-15	6.75017e-13	1.62278e-12	1.75759e-12	0	2789.92	1.75759e-12
0.00307375	5.98689e-08	7.75246e-15	6.75073e-13	1.62411e-12	1.75884e-12	0	2787.63	1.75884e-12
0.00307775	6.00165e-08	7.75246e-15	6.75135e-13	1.62546e-12	1.76011e-12	0	2785.32	1.76011e-12
0.00308176	6.01644e-08	7.75246e-15	6.75194e-13	1.6268e-12	1.76137e-12	0	2783.02	1.76137e-12
0.00308576	6.03126e-08	7.75246e-15	6.75257e-13	1.62815e-12	1.76264e-12	0	2780.71	1.76264e-12
0.00308977	6.04612e-08	7.75246e-15	6.75322e-13	1.6295e-12	1.76391e-12	0	2778.4	1.76391e-12
0.00309377	6.061e-08	7.75246e-15	6.75389e-13	1.63086e-12	1.7652e-12	0	2776.08	1.7652e-12
0.00309778	6.0759e-08	7.75246e-15	6.75457e-13	1.63222e-12	1.76648e-12	0	2773.75	1.76648e-12
0.00310178	6.09084e-08	7.75246e-15	6.75527e-13	1.63359e-12	1.76777e-12	0	2771.42	1.76777e-12
0.00310578	6.10581e-08	7.75246e-15	6.75599e-13	1.63497e-12	1.76907e-12	0	2769.09	1.76907e-12
0.00310979	6.12081e-08	7.75246e-15	6.75673e-13	1.63634e-12	1.77037e-12	0	2766.75	1.77037e-12
0.00311379	6.13583e-08	7.75246e-15	6.75748e-13	1.63773e-12	1.77168e-12	0	2764.41	1.77168e-12
0.0031178	6.15089e-08	7.75246e-15	6.75826e-13	1.63912e-12	1.77299e-12	0	2762.07	1.77299e-12
0.0031218	6.16598e-08	7.75246e-15	6.75905e-13	1.64051e-12	1.77431e-12	0	2759.72	1.77431e-12
0.00312581	6.18109e-08	7.75246e-15	6.75985e-13	1.64191e-12	1.77563e-12	0	2757.36	1.77563e-12
0.00312981	6.19624e-08	7.75246e-15	6.76068e-13	1.64331e-12	1.77696e-12	0	2755	1.77696e-12
0.00313381	6.21141e-08	7.75246e-15	6.76152e-13	1.64472e-12	1.7783e-12	0	2752.64	1.7783e-12
0.00313782	6.22661e-08	7.75246e-15	6.76238e-13	1.64613e-12	1.77964e-12	0	2750.28	1.77964e-12
0.00314182	6.24185e-08	7.75246e-15	6.76326e-13	1.64755e-12	1.78098e-12	0	2747.91	1.78098e-12
0.00314583	6.25711e-08	7.75246e-15	6.76416e-13	1.64897e-12	1.78233e-12	0	2745.53	1.78233e-12
0.00314983	6.2724e-08	7.75246e-15	6.76507e-13	1.6504e-12	1.78368e-12	0	2743.15	1.78368e-12
0.00315384	6.28773e-08	7.75246e-15	6.76598e-13	1.65182e-12	1.78504e-12	0	2740.78	1.78504e-12
0.00315784	6.30308e-08	7.75246e-15	6.76695e-13	1.65326e-12	1.78641e-12	0	2738.38	1.78641e-12
0.00316185	6.31846e-08	7.75246e-15	6.76789e-13	1.6547e-12	1.78778e-12	0	2736	1.78778e-12
0.00316585	6.33388e-08	7.75246e-15	6.7689e-13	1.65615e-12	1.78916e-12	0	2733.6	1.78916e-12
0.00316986	6.34932e-08	7.75246e-15	6.76988e-13	1.6576e-12	1.79053e-12	0	2731.21	1.79053e-12
0.00317386	6.36479e-08	7.75246e-15	6.77092e-13	1.65906e-12	1.79193e-12	0	2728.8	1.79193e-12
0.00317786	6.38029e-08	7.75246e-15	6.77194e-13	1.66052e-12	1.79331e-12	0	2726.4	1.79331e-12
0.00318187	6.39583e-08	7.75246e-15	6.77301e-13	1.66199e-12	1.79471e-12	0	2723.99	1.79471e-12
0.00318587	6.41139e-08	7.75246e-15	6.77407e-13	1.66345e-12	1.79611e-12	0	2721.58	1.79611e-12
0.00318988	6.42698e-08	7.75246e-15	6.77518e-13	1.66494e-12	1.79753e-12	0	2719.16	1.79753e-12
0.00319388	6.44261e-08	7.75246e-15	6.77627e-13	1.66641e-12	1.79893e-12	0	2716.75	1.79893e-12
0.00319789	6.45826e-08	7.75246e-15	6.77742e-13	1.6679e-12	1.80036e-12	0	2714.31	1.80036e-12
0.00320189	6.47395e-08	7.75246e-15	6.77854e-13	1.66939e-12	1.80178e-12	0	2711.89	1.80178e-12
0.0032059	6.48966e-08	7.75246e-15	6.77972e-13	1.67089e-12	1.80321e-12	0	2709.45	1.80321e-12
0.0032099	6.50541e-08	7.75246e-15	6.78088e-13	1.67238e-12	1.80464e-12	0	2707.03	1.80464e-12
0.00321391	6.52118e-08	7.75246e-15	6.7821e-13	1.67389e-12	1.80609e-12	0	2704.58	1.80609e-12
0.00321791	6.53699e-08	7.75246e-15	6.7833e-13	1.6754e-12	1.80753e-12	0	2702.15	1.80753e-12
0.00322191	6.55282e-08	7.75246e-15	6.78456e-13	1.67692e-12	1.80898e-12	0	2699.69	1.80898e-12
0.00322592	6.56869e-08	7.75246e-15	6.78581e-13	1.67844e-12	1.81044e-12	0	2697.24	1.81044e-12
0.00322992	6.58459e-08	7.75246e-15	6.78706e-13	1.67996e-12	1.8119e-12	0	2694.8	1.8119e-12
0.00323393	6.60052e-08	7.75246e-15	6.78837e-13	1.6815e-12	1.81337e-12	0	2692.33	1.81337e-12
0.00323793	6.61648e-08	7.75246e-15	6.78965e-13	1.68303e-12	1.81484e-12	0	2689.88	1.81484e-12
0.00324194	6.63247e-08	7.75246e-15	6.791e-13	1.68457e-12	1.81632e-12	0	2687.41	1.81632e-12
0.00324594	6.64849e-08	7.75246e-15	6.79232e-13	1.68611e-12	1.8178e-12	0	2684.95	1.8178e-12
0.00324995	6.66454e-08	7.75246e-15	6.79371e-13	1.68767e-12	1.81929e-12	0	2682.47	1.81929e-12
0.00325395	6.68062e-08	7.75246e-15	6.79506e-13	1.68922e-12	1.82078e-12	0	2680.01	1.82078e-12
0.00325796	6.69674e-08	7.75246e-15	6.79648e-13	1.69078e-12	1.82229e-12	0	2677.52	1.82229e-12
0.00326196	6.71288e-08	7.75246e-15	6.79788e-13	1.69234e-12	1.82378e-12	0	2675.06	1.82378e-12
0.00326597	6.72906e-08	7.75246e-15	6.79933e-13	1.69392e-12	1.8253e-12	0	2672.56	1.8253e-12
0.00326997	6.74526e-08	7.75246e-15	6.80076e-13	1.69549e-12	1.82681e-12	0	2670.08	1.82681e-12
0.00327398	6.7615e-08	7.75246e-15	6.80223e-13	1.69707e-12	1.82833e-12	0	2667.59	1.82833e-12
0.00327798	6.77777e-08	7.75246e-15	6.80372e-13	1.69865e-12	1.82986e-12	0	2665.1	1.82986e-12
0.00328199	6.79407e-08	7.75246e-15	6.80523e-13	1.70024e-12	1.83139e-12	0	2662.6	1.83139e-12
0.00328599	6.8104e-08	7.75246e-15	6.80676e-13	1.70184e-12	1.83293e-12	0	2660.1	1.83293e-12
0.00328999	6.82676e-08	7.75246e-15	6.8083e-13	1.70344e-12	1.83447e-12	0	2657.6	1.83447e-12
0.003294	6.84316e-08	7.75246e-15	6.80986e-13	1.70505e-12	1.83602e-12	0	2655.09	1.83602e-12
0.003298	6.85958e-08	7.75246e-15	6.81144e-13	1.70666e-12	1.83758e-12	0	2652.58	1.83758e-12
0.00330201	6.87604e-08	7.75246e-15	6.81307e-13	1.70828e-12	1.83914e-12	0	2650.06	1.83914e-12
0.00330601	6.89252e-08	7.75246e-15	6.81466e-13	1.70989e-12	1.8407e-12	0	2647.56	1.8407e-12
0.00331002	6.90904e-08	7.75246e-15	6.8163e-13	1.71152e-12	1.84227e-12	0	2645.04	1.84227e-12
0.00331402	6.9256e-08	7.75246e-15	6.81795e-13	1.71315e-12	1.84385e-12	0	2642.52	1.84385e-12
0.00331803	6.94218e-08	7.75246e-15	6.81963e-13	1.71478e-12	1.84543e-12	0	2639.99	1.84543e-12
0.00332203	6.95879e-08	7.75246e-15	6.82132e-13	1.71643e-12	1.84702e-12	0	2637.47	1.84702e-12
0.00332604	6.97544e-08	7.75246e-15	6.82303e-13	1.71807e-12	1.84861e-12	0	2634.93	1.84861e-12
0.00333004	6.99211e-08	7.75246e-15	6.82476e-13	1.71972e-12	1.85021e-12	0	2632.4	1.85021e-12
0.00333405	7.00882e-08	7.75246e-15	6.8265e-13	1.72138e-12	1.85182e-12	0	2629.86	1.85182e-12
0.00333805	7.02556e-08	7.75246e-15	6.82829e-13	1.72305e-12	1.85343e-12	0	2627.32	1.85343e-12
0.00334206	7.04234e-08	7.75246e-15	6.83005e-13	1.7247e-12	1.85504e-12	0	2624.79	1.85504e-12
0.00334606	7.05914e-08	7.75246e-15	6.83186e-13	1.72638e-12	1.85666e-12	0	2622.24	1.85666e-12
0.00335007	7.07598e-08	7.75246e-15	6.83368e-13	1.72806e-12	1.85829e-12	0	2619.69	1.85829e-12
0.00335407	7.09285e-08	7.75246e-15	6.83552e-13	1.72974e-12	1.85992e-12	0	2617.14	1.85992e-12
0.00335808	7.10975e-08	7.75246e-15	6.83738e-13	1.73143e-12	1.86156e-12	0	2614.59	1.86156e-12
0.00336208	7.12668e-08	7.75246e-15	6.83926e-13	1.73312e-12	1.8632e-12	0	2612.03	1.8632e-12
0.00336609	7.14364e-08	7.75246e-15	6.84113e-13	1.73481e-12	1.86484e-12	0	2609.48	1.86484e-12
0.00337009	7.16064e-08	7.75246e-15	6.84307e-13	1.73651e-12	1.8665e-12	0	2606.92	1.8665e-12
0.0033741	7.17767e-08	7.75246e-15	6.84501e-13	1.73823e-12	1.86816e-12	0	2604.34	1.86816e-12
0.0033781	7.19473e-08	7.75246e-15	6.84696e-13	1.73994e-12	1.86983e-12	0	2601.78	1.86983e-12
0.00338211	7.21182e-08	7.75246e-15	6.84893e-13	1.74166e-12	1.8715e-12	0	2599.21	1.8715e-12
0.00338611	7.22894e-08	7.75246e-15	6.85093e-13	1.74338e-12	1.87318e-12	0	2596.63	1.87318e-12
0.00339012	7.2461e-08	7.75246e-15	6.85294e-13	1.74511e-12	1.87486e-12	0	2594.06	1.87486e-12
0.00339412	7.26329e-08	7.75246e-15	6.85494e-13	1.74684e-12	1.87654e-12	0	2591.49	1.87654e-12
0.00339813	7.28051e-08	7.75246e-15	6.85702e-13	1.74858e-12	1.87824e-12	0	2588.91	1.87824e-12
0.00340213	7.29777e-08	7.75246e-15	6.85908e-13	1.75033e-12	1.87994e-12	0	2586.31	1.87994e-12
0.00340614	7.31505e-08	7.75246e-15	6.86117e-13	1.75208e-12	1.88165e-12	0	2583.73	1.88165e-12
0.00341014	7.33237e-08	7.75246e-15	6.86328e-13	1.75383e-12	1.88336e-12	0	2581.14	1.88336e-12
0.00341415	7.34972e-08	7.75246e-15	6.86538e-13	1.75559e-12	1.88507e-12	0	2578.56	1.88507e-12
0.00341815	7.36711e-08	7.75246e-15	6.86755e-13	1.75736e-12	1.88679e-12	0	2575.96	1.88679e-12
0.00342216	7.38452e-08	7.75246e-15	6.86969e-13	1.75912e-12	1.88852e-12	0	2573.37	1.88852e-12
0.00342616	7.40197e-08	7.75246e-15	6.87189e-13	1.76091e-12	1.89026e-12	0	2570.76	1.89026e-12
0.00343017	7.41945e-08	7.75246e-15	6.87409e-13	1.76269e-12	1.892e-12	0	2568.16	1.892e-12
0.00343417	7.43697e-08	7.75246e-15	6.87629e-13	1.76447e-12	1.89374e-12	0	2565.56	1.89374e-12
0.00343818	7.45452e-08	7.75246e-15	6.87856e-13	1.76626e-12	1.89549e-12	0	2562.96	1.89549e-12
0.00344218	7.4721e-08	7.75246e-15	6.88079e-13	1.76806e-12	1.89725e-12	0	2560.35	1.89725e-12
0.00344619	7.48971e-08	7.75246e-15	6.8831e-13	1.76987e-12	1.89902e-12	0	2557.73	1.89902e-12
0.00345019	7.50735e-08	7.75246e-15	6.8854e-13	1.77168e-12	1.90079e-12	0	2555.12	1.90079e-12
0.0034542	7.52503e-08	7.75246e-15	6.88769e-13	1.77348e-12	1.90255e-12	0	2552.51	1.90255e-12
0.0034582	7.54274e-08	7.75246e-15	6.89005e-13	1.7753e-12	1.90434e-12	0	2549.89	1.90434e-12
0.00346221	7.56049e-08	7.75246e-15	6.89238e-13	1.77713e-12	1.90612e-12	0	2547.27	1.90612e-12
0.00346621	7.57827e-08	7.75246e-15	6.89479e-13	1.77896e-12	1.90792e-12	0	2544.64	1.90792e-12
0.00347022	7.59608e-08	7.75246e-15	6.89718e-13	1.7808e-12	1.90972e-12	0	2542.01	1.90972e-12
0.00347422	7.61392e-08	7.75246e-15	6.89957e-13	1.78263e-12	1.91151e-12	0	2539.4	1.91151e-12
0.00347823	7.6318e-08	7.75246e-15	6.90204e-13	1.78448e-12	1.91332e-12	0	2536.76	1.91332e-12
0.00348224	7.64971e-08	7.75246e-15	6.90447e-13	1.78633e-12	1.91514e-12	0	2534.13	1.91514e-12
0.00348624	7.66765e-08	7.75246e-15	6.90697e-13	1.78819e-12	1.91697e-12	0	2531.49	1.91697e-12
0.00349025	7.68563e-08	7.75246e-15	6.90946e-13	1.79006e-12	1.91879e-12	0	2528.85	1.91879e-12
0.00349425	7.70364e-08	7.75246e-15	6.91195e-13	1.79192e-12	1.92062e-12	0	2526.23	1.92062e-12
0.00349826	7.72168e-08	7.75246e-15	6.91451e-13	1.79379e-12	1.92246e-12	0	2523.58	1.92246e-12
0.00350226	7.73975e-08	7.75246e-15	6.91704e-13	1.79567e-12	1.9243e-12	0	2520.94	1.9243e-12
0.00350627	7.75786e-08	7.75246e-15	6.91961e-13	1.79755e-12	1.92615e-12	0	2518.3	1.92615e-12
0.00351027	7.77601e-08	7.75246e-15	6.92223e-13	1.79945e-12	1.92802e-12	0	2515.64	1.92802e-12
0.00351428	7.79418e-08	7.75246e-15	6.92482e-13	1.80134e-12	1.92987e-12	0	2513	1.92987e-12
0.00351828	7.81239e-08	7.75246e-15	6.92748e-13	1.80324e-12	1.93174e-12	0	2510.35	1.93174e-12
0.00352229	7.83064e-08	7.75246e-15	6.93011e-13	1.80514e-12	1.93362e-12	0	2507.7	1.93362e-12
0.00352629	7.84891e-08	7.75246e-15	6.93279e-13	1.80706e-12	1.9355e-12	0	2505.04	1.9355e-12
0.0035303	7.86722e-08	7.75246e-15	6.9355e-13	1.80897e-12	1.93738e-12	0	2502.38	1.93738e-12
0.0035343	7.88557e-08	7.75246e-15	6.93819e-13	1.8109e-12	1.93927e-12	0	2499.72	1.93927e-12
0.00353831	7.90395e-08	7.75246e-15	6.94093e-13	1.81282e-12	1.94117e-12	0	2497.06	1.94117e-12
0.00354231	7.92236e-08	7.75246e-15	6.94368e-13	1.81476e-12	1.94308e-12	0	2494.4	1.94308e-12
0.00354632	7.9408e-08	7.75246e-15	6.94646e-13	1.8167e-12	1.94499e-12	0	2491.73	1.94499e-12
0.00355033	7.95928e-08	7.75246e-15	6.94928e-13	1.81864e-12	1.94691e-12	0	2489.06	1.94691e-12
0.00355433	7.97779e-08	7.75246e-15	6.95207e-13	1.82059e-12	1.94883e-12	0	2486.4	1.94883e-12
0.00355834	7.99634e-08	7.75246e-15	6.95491e-13	1.82255e-12	1.95076e-12	0	2483.73	1.95076e-12
0.00356234	8.01492e-08	7.75246e-15	6.95779e-13	1.82451e-12	1.95269e-12	0	2481.05	1.95269e-12
0.00356635	8.03354e-08	7.75246e-15	6.96064e-13	1.82648e-12	1.95463e-12	0	2478.38	1.95463e-12
0.00357035	8.05218e-08	7.75246e-15	6.96354e-13	1.82845e-12	1.95658e-12	0	2475.7	1.95658e-12
0.00357436	8.07087e-08	7.75246e-15	6.96645e-13	1.83043e-12	1.95853e-12	0	2473.02	1.95853e-12
0.00357836	8.08958e-08	7.75246e-15	6.96939e-13	1.83241e-12	1.96049e-12	0	2470.34	1.96049e-12
0.00358237	8.10833e-08	7.75246e-15	6.97235e-13	1.8344e-12	1.96245e-12	0	2467.67	1.96245e-12
0.00358637	8.12712e-08	7.75246e-15	6.97533e-13	1.8364e-12	1.96443e-12	0	2464.97	1.96443e-12
0.00359038	8.14594e-08	7.75246e-15	6.97833e-13	1.8384e-12	1.96641e-12	0	2462.29	1.96641e-12
0.00359439	8.16479e-08	7.75246e-15	6.98135e-13	1.8404e-12	1.96839e-12	0	2459.61	1.96839e-12
0.00359839	8.18368e-08	7.75246e-15	6.9844e-13	1.84242e-12	1.97038e-12	0	2456.91	1.97038e-12
0.0036024	8.2026e-08	7.75246e-15	6.98746e-13	1.84444e-12	1.97238e-12	0	2454.22	1.97238e-12
0.0036064	8.22155e-08	7.75246e-15	6.99054e-13	1.84646e-12	1.97437e-12	0	2451.53	1.97437e-12
0.00361041	8.24054e-08	7.75246e-15	6.99365e-13	1.8485e-12	1.97639e-12	0	2448.83	1.97639e-12
0.00361441	8.25957e-08	7.75246e-15	6.99677e-13	1.85053e-12	1.9784e-12	0	2446.13	1.9784e-12
0.00361842	8.27863e-08	7.75246e-15	6.99992e-13	1.85257e-12	1.98042e-12	0	2443.44	1.98042e-12
0.00362242	8.29772e-08	7.75246e-15	7.00308e-13	1.85462e-12	1.98245e-12	0	2440.74	1.98245e-12
0.00362643	8.31685e-08	7.75246e-15	7.00627e-13	1.85668e-12	1.98449e-12	0	2438.03	1.98449e-12
0.00363044	8.33601e-08	7.75246e-15	7.00948e-13	1.85873e-12	1.98652e-12	0	2435.33	1.98652e-12
0.00363444	8.3552e-08	7.75246e-15	7.01271e-13	1.8608e-12	1.98857e-12	0	2432.63	1.98857e-12
0.00363845	8.37443e-08	7.75246e-15	7.01596e-13	1.86286e-12	1.99062e-12	0	2429.93	1.99062e-12
0.00364245	8.3937e-08	7.75246e-15	7.01924e-13	1.86495e-12	1.99268e-12	0	2427.21	1.99268e-12
0.00364646	8.413e-08	7.75246e-15	7.02253e-13	1.86703e-12	1.99475e-12	0	2424.5	1.99475e-12
0.00365046	8.43234e-08	7.75246e-15	7.02585e-13	1.86911e-12	1.99681e-12	0	2421.8	1.99681e-12
0.00365447	8.4517e-08	7.75246e-15	7.02918e-13	1.87121e-12	1.9989e-12	0	2419.08	1.9989e-12
0.00365848	8.47111e-08	7.75246e-15	7.03254e-13	1.87331e-12	2.00098e-12	0	2416.36	2.00098e-12
0.00366248	8.49055e-08	7.75246e-15	7.03589e-13	1.87541e-12	2.00306e-12	0	2413.66	2.00306e-12
0.00366649	8.51002e-08	7.75246e-15	7.03932e-13	1.87753e-12	2.00517e-12	0	2410.93	2.00517e-12
0.00367049	8.52953e-08	7.75246e-15	7.04275e-13	1.87965e-12	2.00727e-12	0	2408.21	2.00727e-12
0.0036745	8.54907e-08	7.75246e-15	7.04616e-13	1.88176e-12	2.00937e-12	0	2405.51	2.00937e-12
0.0036785	8.56865e-08	7.75246e-15	7.04965e-13	1.8839e-12	2.0115e-12	0	2402.77	2.0115e-12
0.00368251	8.58826e-08	7.75246e-15	7.05314e-13	1.88604e-12	2.01362e-12	0	2400.05	2.01362e-12
0.00368652	8.60791e-08	7.75246e-15	7.05662e-13	1.88817e-12	2.01574e-12	0	2397.34	2.01574e-12
0.00369052	8.62759e-08	7.75246e-15	7.06018e-13	1.89033e-12	2.01789e-12	0	2394.6	2.01789e-12
0.00369453	8.64731e-08	7.75246e-15	7.06374e-13	1.89248e-12	2.02003e-12	0	2391.87	2.02003e-12
0.00369853	8.66706e-08	7.75246e-15	7.06728e-13	1.89463e-12	2.02216e-12	0	2389.16	2.02216e-12
0.00370254	8.68685e-08	7.75246e-15	7.07091e-13	1.89681e-12	2.02433e-12	0	2386.41	2.02433e-12
0.00370654	8.70668e-08	7.75246e-15	7.07452e-13	1.89898e-12	2.02649e-12	0	2383.68	2.02649e-12
0.00371055	8.72653e-08	7.75246e-15	7.07814e-13	1.90115e-12	2.02865e-12	0	2380.96	2.02865e-12
0.00371456	8.74643e-08	7.75246e-15	7.08183e-13	1.90334e-12	2.03084e-12	0	2378.21	2.03084e-12
0.00371856	8.76636e-08	7.75246e-15	7.08551e-13	1.90553e-12	2.03302e-12	0	2375.47	2.03302e-12
0.00372257	8.78632e-08	7.75246e-15	7.08919e-13	1.90772e-12	2.03519e-12	0	2372.75	2.03519e-12
0.00372657	8.80632e-08	7.75246e-15	7.09295e-13	1.90993e-12	2.0374e-12	0	2370	2.0374e-12
0.00373058	8.82635e-08	7.75246e-15	7.0967e-13	1.91214e-12	2.0396e-12	0	2367.26	2.0396e-12
0.00373458	8.84642e-08	7.75246e-15	7.10044e-13	1.91434e-12	2.0418e-12	0	2364.54	2.0418e-12
0.00373859	8.86653e-08	7.75246e-15	7.10427e-13	1.91658e-12	2.04402e-12	0	2361.78	2.04402e-12
0.0037426	8.88667e-08	7.75246e-15	7.10809e-13	1.91881e-12	2.04625e-12	0	2359.03	2.04625e-12
0.0037466	8.90684e-08	7.75246e-15	7.1119e-13	1.92102e-12	2.04846e-12	0	2356.31	2.04846e-12
0.00375061	8.92705e-08	7.75246e-15	7.11579e-13	1.92328e-12	2.05071e-12	0	2353.54	2.05071e-12
0.00375461	8.9473e-08	7.75246e-15	7.11967e-13	1.92552e-12	2.05295e-12	0	2350.8	2.05295e-12
0.00375862	8.96758e-08	7.75246e-15	7.12355e-13	1.92776e-12	2.05518e-12	0	2348.06	2.05518e-12
0.00376263	8.9879e-08	7.75246e-15	7.12748e-13	1.93003e-12	2.05744e-12	0	2345.31	2.05744e-12
0.00376663	9.00825e-08	7.75246e-15	7.13147e-13	1.9323e-12	2.05971e-12	0	2342.55	2.05971e-12
0.00377064	9.02864e-08	7.75246e-15	7.13541e-13	1.93456e-12	2.06197e-12	0	2339.81	2.06197e-12
0.00377464	9.04907e-08	7.75246e-15	7.13941e-13	1.93683e-12	2.06424e-12	0	2337.06	2.06424e-12
0.00377865	9.06953e-08	7.75246e-15	7.14346e-13	1.93913e-12	2.06654e-12	0	2334.29	2.06654e-12
0.00378266	9.09002e-08	7.75246e-15	7.14748e-13	1.94141e-12	2.06882e-12	0	2331.54	2.06882e-12
0.00378666	9.11055e-08	7.75246e-15	7.15155e-13	1.9437e-12	2.07111e-12	0	2328.79	2.07111e-12
0.00379067	9.13112e-08	7.75246e-15	7.15567e-13	1.94602e-12	2.07342e-12	0	2326.02	2.07342e-12
0.00379467	9.15172e-08	7.75246e-15	7.15975e-13	1.94832e-12	2.07572e-12	0	2323.27	2.07572e-12
0.00379868	9.17236e-08	7.75246e-15	7.16389e-13	1.95063e-12	2.07803e-12	0	2320.52	2.07803e-12
0.00380269	9.19304e-08	7.75246e-15	7.16808e-13	1.95297e-12	2.08037e-12	0	2317.74	2.08037e-12
0.00380669	9.21375e-08	7.75246e-15	7.17226e-13	1.95529e-12	2.0827e-12	0	2314.98	2.0827e-12
0.0038107	9.23449e-08	7.75246e-15	7.17644e-13	1.95761e-12	2.08502e-12	0	2312.24	2.08502e-12
0.0038147	9.25528e-08	7.75246e-15	7.18067e-13	1.95996e-12	2.08737e-12	0	2309.46	2.08737e-12
0.00381871	9.27609e-08	7.75246e-15	7.18495e-13	1.96232e-12	2.08973e-12	0	2306.69	2.08973e-12
0.00382272	9.29695e-08	7.75246e-15	7.1892e-13	1.96466e-12	2.09208e-12	0	2303.94	2.09208e-12
0.00382672	9.31784e-08	7.75246e-15	7.1935e-13	1.96702e-12	2.09445e-12	0	2301.17	2.09445e-12
0.00383073	9.33876e-08	7.75246e-15	7.19785e-13	1.9694e-12	2.09683e-12	0	2298.39	2.09683e-12
0.00383473	9.35973e-08	7.75246e-15	7.20217e-13	1.97176e-12	2.09919e-12	0	2295.64	2.09919e-12
0.00383874	9.38073e-08	7.75246e-15	7.20654e-13	1.97414e-12	2.10158e-12	0	2292.87	2.10158e-12
0.00384275	9.40176e-08	7.75246e-15	7.21096e-13	1.97654e-12	2.10398e-12	0	2290.08	2.10398e-12
0.00384675	9.42283e-08	7.75246e-15	7.21535e-13	1.97892e-12	2.10637e-12	0	2287.32	2.10637e-12
0.00385076	9.44394e-08	7.75246e-15	7.21979e-13	1.98132e-12	2.10877e-12	0	2284.56	2.10877e-12
0.00385477	9.46508e-08	7.75246e-15	7.22426e-13	1.98373e-12	2.11119e-12	0	2281.78	2.11119e-12
0.00385877	9.48626e-08	7.75246e-15	7.22875e-13	1.98614e-12	2.11361e-12	0	2279	2.11361e-12
0.00386278	9.50747e-08	7.75246e-15	7.23326e-13	1.98856e-12	2.11604e-12	0	2276.24	2.11604e-12
0.00386678	9.52872e-08	7.75246e-15	7.2378e-13	1.99099e-12	2.11848e-12	0	2273.45	2.11848e-12
0.00387079	9.55001e-08	7.75246e-15	7.24239e-13	1.99343e-12	2.12093e-12	0	2270.67	2.12093e-12
0.0038748	9.57134e-08	7.75246e-15	7.24695e-13	1.99585e-12	2.12336e-12	0	2267.91	2.12336e-12
0.0038788	9.5927e-08	7.75246e-15	7.25156e-13	1.9983e-12	2.12582e-12	0	2265.13	2.12582e-12
0.00388281	9.61409e-08	7.75246e-15	7.2562e-13	2.00076e-12	2.12829e-12	0	2262.34	2.12829e-12
0.00388682	9.63553e-08	7.75246e-15	7.26085e-13	2.00322e-12	2.13076e-12	0	2259.56	2.13076e-12
0.00389082	9.657e-08	7.75246e-15	7.26554e-13	2.00568e-12	2.13323e-12	0	2256.79	2.13323e-12
0.00389483	9.6785e-08	7.75246e-15	7.27025e-13	2.00816e-12	2.13573e-12	0	2254	2.13573e-12
0.00389883	9.70005e-08	7.75246e-15	7.27501e-13	2.01065e-12	2.13823e-12	0	2251.21	2.13823e-12
0.00390284	9.72162e-08	7.75246e-15	7.27974e-13	2.01312e-12	2.14071e-12	0	2248.45	2.14071e-12
0.00390685	9.74324e-08	7.75246e-15	7.28452e-13	2.01561e-12	2.14322e-12	0	2245.66	2.14322e-12
0.00391085	9.76489e-08	7.75246e-15	7.28933e-13	2.01812e-12	2.14574e-12	0	2242.87	2.14574e-12
0.00391486	9.78658e-08	7.75246e-15	7.29416e-13	2.02063e-12	2.14827e-12	0	2240.09	2.14827e-12
0.00391887	9.80831e-08	7.75246e-15	7.29902e-13	2.02314e-12	2.15079e-12	0	2237.31	2.15079e-12
0.00392287	9.83007e-08	7.75246e-15	7.3039e-13	2.02566e-12	2.15333e-12	0	2234.52	2.15333e-12
0.00392688	9.85187e-08	7.75246e-15	7.3088e-13	2.02819e-12	2.15588e-12	0	2231.73	2.15588e-12
0.00393089	9.8737e-08	7.75246e-15	7.31374e-13	2.03072e-12	2.15842e-12	0	2228.95	2.15842e-12
0.00393489	9.89557e-08	7.75246e-15	7.31869e-13	2.03326e-12	2.16098e-12	0	2226.16	2.16098e-12
0.0039389	9.91748e-08	7.75246e-15	7.32368e-13	2.03582e-12	2.16356e-12	0	2223.36	2.16356e-12
0.0039429	9.93943e-08	7.75246e-15	7.32868e-13	2.03837e-12	2.16613e-12	0	2220.58	2.16613e-12
0.00394691	9.96141e-08	7.75246e-15	7.33372e-13	2.04093e-12	2.16871e-12	0	2217.79	2.16871e-12
0.00395092	9.98343e-08	7.75246e-15	7.33877e-13	2.04351e-12	2.1713e-12	0	2214.99	2.1713e-12
0.00395492	1.00055e-07	7.75246e-15	7.34382e-13	2.04607e-12	2.17389e-12	0	2212.21	2.17389e-12
0.00395893	1.00276e-07	7.75246e-15	7.34897e-13	2.04866e-12	2.1765e-12	0	2209.42	2.1765e-12
0.00396294	1.00497e-07	7.75246e-15	7.3541e-13	2.05125e-12	2.17911e-12	0	2206.63	2.17911e-12
0.00396694	1.00719e-07	7.75246e-15	7.35926e-13	2.05386e-12	2.18174e-12	0	2203.83	2.18174e-12
0.00397095	1.00941e-07	7.75246e-15	7.36445e-13	2.05646e-12	2.18436e-12	0	2201.03	2.18436e-12
0.00397496	1.01163e-07	7.75246e-15	7.36966e-13	2.05907e-12	2.18699e-12	0	2198.25	2.18699e-12
0.00397896	1.01386e-07	7.75246e-15	7.3749e-13	2.06169e-12	2.18964e-12	0	2195.45	2.18964e-12
0.00398297	1.01609e-07	7.75246e-15	7.38016e-13	2.06432e-12	2.19229e-12	0	2192.65	2.19229e-12
0.00398698	1.01833e-07	7.75246e-15	7.38545e-13	2.06695e-12	2.19495e-12	0	2189.85	2.19495e-12
0.00399098	1.02056e-07	7.75246e-15	7.39077e-13	2.06959e-12	2.19761e-12	0	2187.07	2.19761e-12
0.00399499	1.02281e-07	7.75246e-15	7.39611e-13	2.07224e-12	2.20029e-12	0	2184.26	2.20029e-12
0.003999	1.02505e-07	7.75246e-15	7.40144e-13	2.07489e-12	2.20296e-12	0	2181.47	2.20296e-12
0.004003	1.0273e-07	7.75246e-15	7.40687e-13	2.07756e-12	2.20566e-12	0	2178.67	2.20566e-12
0.00400701	1.02956e-07	7.75246e-15	7.41229e-13	2.08023e-12	2.20835e-12	0	2175.88	2.20835e-12
0.00401101	1.03181e-07	7.75246e-15	7.41774e-13	2.08291e-12	2.21106e-12	0	2173.07	2.21106e-12
0.00401502	1.03408e-07	7.75246e-15	7.42318e-13	2.08559e-12	2.21377e-12	0	2170.28	2.21377e-12
0.00401903	1.03634e-07	7.75246e-15	7.42871e-13	2.08828e-12	2.21649e-12	0	2167.48	2.21649e-12
0.00402303	1.03861e-07	7.75246e-15	7.43424e-13	2.09098e-12	2.21922e-12	0	2164.68	2.21922e-12
0.00402704	1.04088e-07	7.75246e-15	7.43979e-13	2.09369e-12	2.22196e-12	0	2161.87	2.22196e-12
0.00403105	1.04316e-07	7.75246e-15	7.44534e-13	2.0964e-12	2.2247e-12	0	2159.08	2.2247e-12
0.00403505	1.04544e-07	7.75246e-15	7.45098e-13	2.09912e-12	2.22745e-12	0	2156.28	2.22745e-12
0.00403906	1.04772e-07	7.75246e-15	7.45662e-13	2.10185e-12	2.23021e-12	0	2153.48	2.23021e-12
0.00404307	1.05001e-07	7.75246e-15	7.46224e-13	2.10459e-12	2.23298e-12	0	2150.68	2.23298e-12
0.00404707	1.0523e-07	7.75246e-15	7.46797e-13	2.10734e-12	2.23577e-12	0	2147.87	2.23577e-12
0.00405108	1.05459e-07	7.75246e-15	7.47368e-13	2.11008e-12	2.23854e-12	0	2145.07	2.23854e-12
0.00405509	1.05689e-07	7.75246e-15	7.47943e-13	2.11284e-12	2.24134e-12	0	2142.27	2.24134e-12
0.00405909	1.05919e-07	7.75246e-15	7.48516e-13	2.11561e-12	2.24413e-12	0	2139.47	2.24413e-12
0.0040631	1.0615e-07	7.75246e-15	7.49099e-13	2.11839e-12	2.24695e-12	0	2136.66	2.24695e-12
0.00406711	1.06381e-07	7.75246e-15	7.49682e-13	2.12117e-12	2.24976e-12	0	2133.86	2.24976e-12
0.00407112	1.06612e-07	7.75246e-15	7.50267e-13	2.12396e-12	2.25259e-12	0	2131.06	2.25259e-12
0.00407512	1.06844e-07	7.75246e-15	7.50852e-13	2.12675e-12	2.25542e-12	0	2128.26	2.25542e-12
0.00407913	1.07076e-07	7.75246e-15	7.51446e-13	2.12957e-12	2.25827e-12	0	2125.44	2.25827e-12
0.00408314	1.07308e-07	7.75246e-15	7.5204e-13	2.13237e-12	2.26111e-12	0	2122.64	2.26111e-12
0.00408714	1.07541e-07	7.75246e-15	7.52636e-13	2.13519e-12	2.26397e-12	0	2119.84	2.26397e-12
0.00409115	1.07774e-07	7.75246e-15	7.53231e-13	2.13802e-12	2.26683e-12	0	2117.04	2.26683e-12
0.00409516	1.08008e-07	7.75246e-15	7.53837e-13	2.14086e-12	2.26972e-12	0	2114.22	2.26972e-12
0.00409916	1.08242e-07	7.75246e-15	7.54442e-13	2.1437e-12	2.27259e-12	0	2111.42	2.27259e-12
0.00410317	1.08476e-07	7.75246e-15	7.55049e-13	2.14655e-12	2.27549e-12	0	2108.62	2.27549e-12
0.00410718	1.08711e-07	7.75246e-15	7.55656e-13	2.14941e-12	2.27838e-12	0	2105.82	2.27838e-12
0.00411118	1.08946e-07	7.75246e-15	7.56269e-13	2.15227e-12	2.28129e-12	0	2103.01	2.28129e-12
0.00411519	1.09182e-07	7.75246e-15	7.56889e-13	2.15515e-12	2.28421e-12	0	2100.2	2.28421e-12
0.0041192	1.09417e-07	7.75246e-15	7.57508e-13	2.15803e-12	2.28713e-12	0	2097.39	2.28713e-12
0.0041232	1.09654e-07	7.75246e-15	7.58126e-13	2.16092e-12	2.29006e-12	0	2094.59	2.29006e-12
0.00412721	1.0989e-07	7.75246e-15	7.58751e-13	2.16382e-12	2.29301e-12	0	2091.78	2.29301e-12
0.00413122	1.10127e-07	7.75246e-15	7.59382e-13	2.16673e-12	2.29596e-12	0	2088.97	2.29596e-12
0.00413522	1.10365e-07	7.75246e-15	7.60013e-13	2.16964e-12	2.29892e-12	0	2086.17	2.29892e-12
0.00413923	1.10602e-07	7.75246e-15	7.60642e-13	2.17256e-12	2.30188e-12	0	2083.36	2.30188e-12
0.00414324	1.1084e-07	7.75246e-15	7.61278e-13	2.17549e-12	2.30486e-12	0	2080.55	2.30486e-12
0.00414725	1.11079e-07	7.75246e-15	7.61921e-13	2.17843e-12	2.30785e-12	0	2077.74	2.30785e-12
0.00415125	1.11318e-07	7.75246e-15	7.62563e-13	2.18138e-12	2.31084e-12	0	2074.94	2.31084e-12
0.00415526	1.11557e-07	7.75246e-15	7.63204e-13	2.18433e-12	2.31384e-12	0	2072.13	2.31384e-12
0.00415927	1.11796e-07	7.75246e-15	7.63852e-13	2.18729e-12	2.31685e-12	0	2069.32	2.31685e-12
0.00416327	1.12036e-07	7.75246e-15	7.64507e-13	2.19027e-12	2.31987e-12	0	2066.51	2.31987e-12
0.00416728	1.12277e-07	7.75246e-15	7.65161e-13	2.19325e-12	2.3229e-12	0	2063.71	2.3229e-12
0.00417129	1.12518e-07	7.75246e-15	7.65814e-13	2.19623e-12	2.32593e-12	0	2060.9	2.32593e-12
0.00417529	1.12759e-07	7.75246e-15	7.66474e-13	2.19923e-12	2.32898e-12	0	2058.09	2.32898e-12
0.0041793	1.13e-07	7.75246e-15	7.6714e-13	2.20223e-12	2.33204e-12	0	2055.28	2.33204e-12
0.00418331	1.13242e-07	7.75246e-15	7.67806e-13	2.20524e-12	2.3351e-12	0	2052.47	2.3351e-12
0.00418732	1.13484e-07	7.75246e-15	7.68471e-13	2.20826e-12	2.33817e-12	0	2049.67	2.33817e-12
0.00419132	1.13727e-07	7.75246e-15	7.69142e-13	2.21129e-12	2.34125e-12	0	2046.86	2.34125e-12
0.00419533	1.1397e-07	7.75246e-15	7.69817e-13	2.21432e-12	2.34433e-12	0	2044.06	2.34433e-12
0.00419934	1.14213e-07	7.75246e-15	7.70499e-13	2.21737e-12	2.34744e-12	0	2041.24	2.34744e-12
0.00420334	1.14457e-07	7.75246e-15	7.71176e-13	2.22042e-12	2.35054e-12	0	2038.44	2.35054e-12
0.00420735	1.14701e-07	7.75246e-15	7.71859e-13	2.22349e-12	2.35366e-12	0	2035.63	2.35366e-12
0.00421136	1.14946e-07	7.75246e-15	7.72546e-13	2.22656e-12	2.35679e-12	0	2032.82	2.35679e-12
0.00421537	1.15191e-07	7.75246e-15	7.7324e-13	2.22964e-12	2.35993e-12	0	2030.01	2.35993e-12
0.00421937	1.15436e-07	7.75246e-15	7.73929e-13	2.23271e-12	2.36306e-12	0	2027.21	2.36306e-12
0.00422338	1.15682e-07	7.75246e-15	7.74625e-13	2.23582e-12	2.36622e-12	0	2024.4	2.36622e-12
0.00422739	1.15928e-07	7.75246e-15	7.75325e-13	2.23892e-12	2.36938e-12	0	2021.59	2.36938e-12
0.00423139	1.16174e-07	7.75246e-15	7.76027e-13	2.24203e-12	2.37254e-12	0	2018.79	2.37254e-12
0.0042354	1.16421e-07	7.75246e-15	7.76736e-13	2.24516e-12	2.37574e-12	0	2015.97	2.37574e-12
0.00423941	1.16668e-07	7.75246e-15	7.77441e-13	2.24828e-12	2.37892e-12	0	2013.17	2.37892e-12
0.00424342	1.16916e-07	7.75246e-15	7.78152e-13	2.25142e-12	2.38212e-12	0	2010.36	2.38212e-12
0.00424742	1.17164e-07	7.75246e-15	7.78867e-13	2.25456e-12	2.38532e-12	0	2007.56	2.38532e-12
0.00425143	1.17412e-07	7.75246e-15	7.79589e-13	2.25773e-12	2.38855e-12	0	2004.74	2.38855e-12
0.00425544	1.17661e-07	7.75246e-15	7.80306e-13	2.26088e-12	2.39176e-12	0	2001.95	2.39176e-12
0.00425945	1.1791e-07	7.75246e-15	7.8103e-13	2.26406e-12	2.39501e-12	0	1999.13	2.39501e-12
0.00426345	1.18159e-07	7.75246e-15	7.81758e-13	2.26725e-12	2.39825e-12	0	1996.33	2.39825e-12
0.00426746	1.18409e-07	7.75246e-15	7.82488e-13	2.27043e-12	2.4015e-12	0	1993.53	2.4015e-12
0.00427147	1.1866e-07	7.75246e-15	7.83226e-13	2.27364e-12	2.40478e-12	0	1990.71	2.40478e-12
0.00427547	1.1891e-07	7.75246e-15	7.83959e-13	2.27684e-12	2.40804e-12	0	1987.91	2.40804e-12
0.00427948	1.19161e-07	7.75246e-15	7.84699e-13	2.28006e-12	2.41133e-12	0	1985.1	2.41133e-12
0.00428349	1.19413e-07	7.75246e-15	7.85442e-13	2.28328e-12	2.41461e-12	0	1982.3	2.41461e-12
0.0042875	1.19664e-07	7.75246e-15	7.86193e-13	2.28653e-12	2.41793e-12	0	1979.49	2.41793e-12
0.0042915	1.19917e-07	7.75246e-15	7.86939e-13	2.28976e-12	2.42122e-12	0	1976.69	2.42122e-12
0.00429551	1.20169e-07	7.75246e-15	7.87692e-13	2.29302e-12	2.42455e-12	0	1973.88	2.42455e-12
0.00429952	1.20422e-07	7.75246e-15	7.88449e-13	2.29628e-12	2.42788e-12	0	1971.07	2.42788e-12
0.00430353	1.20675e-07	7.75246e-15	7.89208e-13	2.29955e-12	2.43122e-12	0	1968.28	2.43122e-12
0.00430753	1.20929e-07	7.75246e-15	7.89976e-13	2.30284e-12	2.43458e-12	0	1965.46	2.43458e-12
0.00431154	1.21183e-07	7.75246e-15	7.90737e-13	2.30611e-12	2.43793e-12	0	1962.67	2.43793e-12
0.00431555	1.21438e-07	7.75246e-15	7.91507e-13	2.30942e-12	2.4413e-12	0	1959.86	2.4413e-12
0.00431956	1.21692e-07	7.75246e-15	7.9228e-13	2.31273e-12	2.44468e-12	0	1957.05	2.44468e-12
0.00432356	1.21948e-07	7.75246e-15	7.93056e-13	2.31604e-12	2.44807e-12	0	1954.26	2.44807e-12
0.00432757	1.22203e-07	7.75246e-15	7.93836e-13	2.31936e-12	2.45146e-12	0	1951.45	2.45146e-12
0.00433158	1.22459e-07	7.75246e-15	7.94619e-13	2.32271e-12	2.45488e-12	0	1948.64	2.45488e-12
0.00433559	1.22716e-07	7.75246e-15	7.95405e-13	2.32605e-12	2.4583e-12	0	1945.84	2.4583e-12
0.00433959	1.22972e-07	7.75246e-15	7.96195e-13	2.3294e-12	2.46172e-12	0	1943.05	2.46172e-12
0.0043436	1.23229e-07	7.75246e-15	7.96988e-13	2.33276e-12	2.46516e-12	0	1940.24	2.46516e-12
0.00434761	1.23487e-07	7.75246e-15	7.97784e-13	2.33613e-12	2.46861e-12	0	1937.44	2.46861e-12
0.00435162	1.23745e-07	7.75246e-15	7.98584e-13	2.33952e-12	2.47207e-12	0	1934.64	2.47207e-12
0.00435562	1.24003e-07	7.75246e-15	7.99387e-13	2.34291e-12	2.47554e-12	0	1931.83	2.47554e-12
0.00435963	1.24262e-07	7.75246e-15	8.00194e-13	2.3463e-12	2.47901e-12	0	1929.04	2.47901e-12
0.00436364	1.24521e-07	7.75246e-15	8.00999e-13	2.3497e-12	2.48249e-12	0	1926.25	2.48249e-12
0.00436765	1.2478e-07	7.75246e-15	8.01817e-13	2.35313e-12	2.486e-12	0	1923.44	2.486e-12
0.00437165	1.2504e-07	7.75246e-15	8.02634e-13	2.35657e-12	2.48952e-12	0	1920.63	2.48952e-12
0.00437566	1.253e-07	7.75246e-15	8.03455e-13	2.36001e-12	2.49304e-12	0	1917.83	2.49304e-12
0.00437967	1.25561e-07	7.75246e-15	8.04279e-13	2.36345e-12	2.49656e-12	0	1915.04	2.49656e-12
0.00438368	1.25822e-07	7.75246e-15	8.05101e-13	2.36689e-12	2.50009e-12	0	1912.26	2.50009e-12
0.00438768	1.26083e-07	7.75246e-15	8.05937e-13	2.37037e-12	2.50365e-12	0	1909.45	2.50365e-12
0.00439169	1.26345e-07	7.75246e-15	8.06771e-13	2.37386e-12	2.50722e-12	0	1906.64	2.50722e-12
0.0043957	1.26607e-07	7.75246e-15	8.07609e-13	2.37735e-12	2.51079e-12	0	1903.85	2.51079e-12
0.00439971	1.2687e-07	7.75246e-15	8.08451e-13	2.38083e-12	2.51436e-12	0	1901.06	2.51436e-12
0.00440371	1.27132e-07	7.75246e-15	8.09291e-13	2.38433e-12	2.51794e-12	0	1898.27	2.51794e-12
0.00440772	1.27396e-07	7.75246e-15	8.10145e-13	2.38786e-12	2.52156e-12	0	1895.46	2.52156e-12
0.00441173	1.27659e-07	7.75246e-15	8.10997e-13	2.39139e-12	2.52518e-12	0	1892.66	2.52518e-12
0.00441574	1.27923e-07	7.75246e-15	8.11853e-13	2.39493e-12	2.5288e-12	0	1889.87	2.5288e-12
0.00441975	1.28188e-07	7.75246e-15	8.12712e-13	2.39846e-12	2.53243e-12	0	1887.08	2.53243e-12
0.00442375	1.28453e-07	7.75246e-15	8.1357e-13	2.402e-12	2.53606e-12	0	1884.3	2.53606e-12
0.00442776	1.28718e-07	7.75246e-15	8.14442e-13	2.40558e-12	2.53973e-12	0	1881.49	2.53973e-12
0.00443177	1.28983e-07	7.75246e-15	8.15312e-13	2.40917e-12	2.5434e-12	0	1878.69	2.5434e-12
0.00443578	1.29249e-07	7.75246e-15	8.16186e-13	2.41275e-12	2.54708e-12	0	1875.9	2.54708e-12
0.00443978	1.29516e-07	7.75246e-15	8.17063e-13	2.41634e-12	2.55076e-12	0	1873.11	2.55076e-12
0.00444379	1.29782e-07	7.75246e-15	8.17939e-13	2.41993e-12	2.55444e-12	0	1870.33	2.55444e-12
0.0044478	1.3005e-07	7.75246e-15	8.18829e-13	2.42356e-12	2.55816e-12	0	1867.53	2.55816e-12
0.00445181	1.30317e-07	7.75246e-15	8.19718e-13	2.4272e-12	2.56189e-12	0	1864.73	2.56189e-12
0.00445582	1.30585e-07	7.75246e-15	8.2061e-13	2.43083e-12	2.56562e-12	0	1861.94	2.56562e-12
0.00445982	1.30853e-07	7.75246e-15	8.21506e-13	2.43447e-12	2.56935e-12	0	1859.16	2.56935e-12
0.00446383	1.31122e-07	7.75246e-15	8.22401e-13	2.43811e-12	2.57309e-12	0	1856.38	2.57309e-12
0.00446784	1.31391e-07	7.75246e-15	8.23309e-13	2.44179e-12	2.57687e-12	0	1853.58	2.57687e-12
0.00447185	1.3166e-07	7.75246e-15	8.24217e-13	2.44548e-12	2.58065e-12	0	1850.79	2.58065e-12
0.00447585	1.3193e-07	7.75246e-15	8.25128e-13	2.44917e-12	2.58444e-12	0	1848	2.58444e-12
0.00447986	1.322e-07	7.75246e-15	8.26042e-13	2.45286e-12	2.58823e-12	0	1845.22	2.58823e-12
0.00448387	1.32471e-07	7.75246e-15	8.26956e-13	2.45655e-12	2.59202e-12	0	1842.45	2.59202e-12
0.00448788	1.32742e-07	7.75246e-15	8.27883e-13	2.46028e-12	2.59585e-12	0	1839.65	2.59585e-12
0.00449189	1.33013e-07	7.75246e-15	8.2881e-13	2.46402e-12	2.59969e-12	0	1836.86	2.59969e-12
0.00449589	1.33285e-07	7.75246e-15	8.2974e-13	2.46776e-12	2.60353e-12	0	1834.07	2.60353e-12
0.0044999	1.33557e-07	7.75246e-15	8.30673e-13	2.4715e-12	2.60738e-12	0	1831.3	2.60738e-12
0.00450391	1.33829e-07	7.75246e-15	8.31606e-13	2.47525e-12	2.61122e-12	0	1828.52	2.61122e-12
0.00450792	1.34102e-07	7.75246e-15	8.32548e-13	2.47902e-12	2.6151e-12	0	1825.74	2.6151e-12
0.00451193	1.34376e-07	7.75246e-15	8.33498e-13	2.48282e-12	2.619e-12	0	1822.95	2.619e-12
0.00451593	1.34649e-07	7.75246e-15	8.34448e-13	2.48662e-12	2.62291e-12	0	1820.16	2.62291e-12
0.00451994	1.34923e-07	7.75246e-15	8.35401e-13	2.49043e-12	2.62682e-12	0	1817.38	2.62682e-12
0.00452395	1.35198e-07	7.75246e-15	8.36358e-13	2.49423e-12	2.63073e-12	0	1814.61	2.63073e-12
0.00452796	1.35472e-07	7.75246e-15	8.37314e-13	2.49804e-12	2.63465e-12	0	1811.84	2.63465e-12
0.00453197	1.35748e-07	7.75246e-15	8.38284e-13	2.50189e-12	2.63861e-12	0	1809.05	2.63861e-12
0.00453597	1.36023e-07	7.75246e-15	8.39254e-13	2.50575e-12	2.64257e-12	0	1806.26	2.64257e-12
0.00453998	1.36299e-07	7.75246e-15	8.40227e-13	2.50961e-12	2.64654e-12	0	1803.48	2.64654e-12
0.00454399	1.36576e-07	7.75246e-15	8.41204e-13	2.51347e-12	2.65051e-12	0	1800.71	2.65051e-12
0.004548	1.36852e-07	7.75246e-15	8.42179e-13	2.51733e-12	2.65448e-12	0	1797.95	2.65448e-12
0.00455201	1.37129e-07	7.75246e-15	8.43164e-13	2.52122e-12	2.65849e-12	0	1795.18	2.65849e-12
0.00455602	1.37407e-07	7.75246e-15	8.44159e-13	2.52514e-12	2.66252e-12	0	1792.39	2.66252e-12
0.00456002	1.37685e-07	7.75246e-15	8.45152e-13	2.52906e-12	2.66655e-12	0	1789.61	2.66655e-12
0.00456403	1.37963e-07	7.75246e-15	8.46149e-13	2.53299e-12	2.67059e-12	0	1786.83	2.67059e-12
0.00456804	1.38242e-07	7.75246e-15	8.47145e-13	2.5369e-12	2.67461e-12	0	1784.08	2.67461e-12
0.00457205	1.38521e-07	7.75246e-15	8.48151e-13	2.54084e-12	2.67868e-12	0	1781.31	2.67868e-12
0.00457606	1.388e-07	7.75246e-15	8.4916e-13	2.5448e-12	2.68275e-12	0	1778.54	2.68275e-12
0.00458006	1.3908e-07	7.75246e-15	8.50179e-13	2.5488e-12	2.68686e-12	0	1775.75	2.68686e-12
0.00458407	1.3936e-07	7.75246e-15	8.51197e-13	2.55278e-12	2.69096e-12	0	1772.98	2.69096e-12
0.00458808	1.3964e-07	7.75246e-15	8.52219e-13	2.55676e-12	2.69506e-12	0	1770.22	2.69506e-12
0.00459209	1.39921e-07	7.75246e-15	8.53239e-13	2.56075e-12	2.69917e-12	0	1767.46	2.69917e-12
0.0045961	1.40203e-07	7.75246e-15	8.5427e-13	2.56476e-12	2.7033e-12	0	1764.69	2.7033e-12
0.0046001	1.40484e-07	7.75246e-15	8.5531e-13	2.5688e-12	2.70747e-12	0	1761.92	2.70747e-12
0.00460411	1.40767e-07	7.75246e-15	8.56348e-13	2.57285e-12	2.71163e-12	0	1759.14	2.71163e-12
0.00460812	1.41049e-07	7.75246e-15	8.57391e-13	2.5769e-12	2.71581e-12	0	1756.38	2.71581e-12
0.00461213	1.41332e-07	7.75246e-15	8.58438e-13	2.58095e-12	2.71998e-12	0	1753.62	2.71998e-12
0.00461614	1.41615e-07	7.75246e-15	8.59484e-13	2.58501e-12	2.72416e-12	0	1750.87	2.72416e-12
0.00462015	1.41899e-07	7.75246e-15	8.6054e-13	2.58909e-12	2.72837e-12	0	1748.11	2.72837e-12
0.00462415	1.42183e-07	7.75246e-15	8.61605e-13	2.59321e-12	2.73261e-12	0	1745.33	2.73261e-12
0.00462816	1.42467e-07	7.75246e-15	8.6267e-13	2.59732e-12	2.73685e-12	0	1742.56	2.73685e-12
0.00463217	1.42752e-07	7.75246e-15	8.63738e-13	2.60144e-12	2.7411e-12	0	1739.8	2.7411e-12
0.00463618	1.43037e-07	7.75246e-15	8.64805e-13	2.60555e-12	2.74533e-12	0	1737.06	2.74533e-12
0.00464019	1.43323e-07	7.75246e-15	8.65882e-13	2.60969e-12	2.7496e-12	0	1734.31	2.7496e-12
0.0046442	1.43608e-07	7.75246e-15	8.66964e-13	2.61385e-12	2.75389e-12	0	1731.55	2.75389e-12
0.0046482	1.43895e-07	7.75246e-15	8.68056e-13	2.61803e-12	2.7582e-12	0	1728.78	2.7582e-12
0.00465221	1.44181e-07	7.75246e-15	8.69146e-13	2.62222e-12	2.76252e-12	0	1726.02	2.76252e-12
0.00465622	1.44469e-07	7.75246e-15	8.70241e-13	2.62641e-12	2.76684e-12	0	1723.26	2.76684e-12
0.00466023	1.44756e-07	7.75246e-15	8.71334e-13	2.63059e-12	2.77115e-12	0	1720.53	2.77115e-12
0.00466424	1.45044e-07	7.75246e-15	8.72438e-13	2.6348e-12	2.7755e-12	0	1717.77	2.7755e-12
0.00466825	1.45332e-07	7.75246e-15	8.73546e-13	2.63903e-12	2.77986e-12	0	1715.02	2.77986e-12
0.00467226	1.45621e-07	7.75246e-15	8.74664e-13	2.64329e-12	2.78426e-12	0	1712.26	2.78426e-12
0.00467626	1.4591e-07	7.75246e-15	8.75781e-13	2.64755e-12	2.78865e-12	0	1709.5	2.78865e-12
0.00468027	1.46199e-07	7.75246e-15	8.76903e-13	2.65182e-12	2.79306e-12	0	1706.75	2.79306e-12
0.00468428	1.46489e-07	7.75246e-15	8.78023e-13	2.65607e-12	2.79744e-12	0	1704.02	2.79744e-12
0.00468829	1.46779e-07	7.75246e-15	8.79153e-13	2.66036e-12	2.80187e-12	0	1701.27	2.80187e-12
0.0046923	1.47069e-07	7.75246e-15	8.80288e-13	2.66466e-12	2.80631e-12	0	1698.52	2.80631e-12
0.00469631	1.4736e-07	7.75246e-15	8.81428e-13	2.66897e-12	2.81076e-12	0	1695.78	2.81076e-12
0.00470031	1.47651e-07	7.75246e-15	8.82579e-13	2.67333e-12	2.81526e-12	0	1693.01	2.81526e-12
0.00470432	1.47943e-07	7.75246e-15	8.83728e-13	2.67767e-12	2.81974e-12	0	1690.27	2.81974e-12
0.00470833	1.48235e-07	7.75246e-15	8.84875e-13	2.68199e-12	2.82421e-12	0	1687.54	2.82421e-12
0.00471234	1.48527e-07	7.75246e-15	8.86033e-13	2.68636e-12	2.82871e-12	0	1684.8	2.82871e-12
0.00471635	1.4882e-07	7.75246e-15	8.87196e-13	2.69073e-12	2.83324e-12	0	1682.06	2.83324e-12
0.00472036	1.49113e-07	7.75246e-15	8.88363e-13	2.69512e-12	2.83777e-12	0	1679.32	2.83777e-12
0.00472437	1.49407e-07	7.75246e-15	8.89542e-13	2.69956e-12	2.84235e-12	0	1676.56	2.84235e-12
0.00472837	1.49701e-07	7.75246e-15	8.90719e-13	2.70397e-12	2.84691e-12	0	1673.82	2.84691e-12
0.00473238	1.49995e-07	7.75246e-15	8.91894e-13	2.70837e-12	2.85146e-12	0	1671.1	2.85146e-12
0.00473639	1.5029e-07	7.75246e-15	8.9308e-13	2.71281e-12	2.85605e-12	0	1668.37	2.85605e-12
0.0047404	1.50585e-07	7.75246e-15	8.94271e-13	2.71727e-12	2.86065e-12	0	1665.63	2.86065e-12
0.00474441	1.5088e-07	7.75246e-15	8.95467e-13	2.72174e-12	2.86527e-12	0	1662.9	2.86527e-12
0.00474842	1.51176e-07	7.75246e-15	8.96675e-13	2.72625e-12	2.86993e-12	0	1660.14	2.86993e-12
0.00475243	1.51472e-07	7.75246e-15	8.9788e-13	2.73074e-12	2.87458e-12	0	1657.41	2.87458e-12
0.00475643	1.51769e-07	7.75246e-15	8.99084e-13	2.73522e-12	2.87921e-12	0	1654.7	2.87921e-12
0.00476044	1.52066e-07	7.75246e-15	9.00299e-13	2.73974e-12	2.88388e-12	0	1651.97	2.88388e-12
0.00476445	1.52363e-07	7.75246e-15	9.01519e-13	2.74427e-12	2.88857e-12	0	1649.24	2.88857e-12
0.00476846	1.52661e-07	7.75246e-15	9.02744e-13	2.74882e-12	2.89327e-12	0	1646.51	2.89327e-12
0.00477247	1.52959e-07	7.75246e-15	9.03974e-13	2.75338e-12	2.89799e-12	0	1643.78	2.89799e-12
0.00477648	1.53258e-07	7.75246e-15	9.05215e-13	2.75799e-12	2.90275e-12	0	1641.04	2.90275e-12
0.00478049	1.53556e-07	7.75246e-15	9.06455e-13	2.76257e-12	2.9075e-12	0	1638.31	2.9075e-12
0.0047845	1.53856e-07	7.75246e-15	9.07693e-13	2.76714e-12	2.91222e-12	0	1635.61	2.91222e-12
0.0047885	1.54155e-07	7.75246e-15	9.08942e-13	2.77176e-12	2.917e-12	0	1632.88	2.917e-12
0.00479251	1.54455e-07	7.75246e-15	9.10197e-13	2.77639e-12	2.92179e-12	0	1630.16	2.92179e-12
0.00479652	1.54756e-07	7.75246e-15	9.11457e-13	2.78103e-12	2.92659e-12	0	1627.44	2.92659e-12
0.00480053	1.55056e-07	7.75246e-15	9.12728e-13	2.78572e-12	2.93144e-12	0	1624.7	2.93144e-12
0.00480454	1.55358e-07	7.75246e-15	9.13998e-13	2.79038e-12	2.93627e-12	0	1621.98	2.93627e-12
0.00480855	1.55659e-07	7.75246e-15	9.15266e-13	2.79503e-12	2.94109e-12	0	1619.28	2.94109e-12
0.00481256	1.55961e-07	7.75246e-15	9.16546e-13	2.79973e-12	2.94595e-12	0	1616.56	2.94595e-12
0.00481657	1.56263e-07	7.75246e-15	9.17831e-13	2.80444e-12	2.95083e-12	0	1613.85	2.95083e-12
0.00482057	1.56566e-07	7.75246e-15	9.19121e-13	2.80917e-12	2.95572e-12	0	1611.13	2.95572e-12
0.00482458	1.56869e-07	7.75246e-15	9.20416e-13	2.81391e-12	2.96062e-12	0	1608.42	2.96062e-12
0.00482859	1.57172e-07	7.75246e-15	9.21724e-13	2.81869e-12	2.96558e-12	0	1605.69	2.96558e-12
0.0048326	1.57476e-07	7.75246e-15	9.23029e-13	2.82346e-12	2.97052e-12	0	1602.98	2.97052e-12
0.00483661	1.5778e-07	7.75246e-15	9.24333e-13	2.82821e-12	2.97543e-12	0	1600.29	2.97543e-12
0.00484062	1.58085e-07	7.75246e-15	9.25649e-13	2.833e-12	2.9804e-12	0	1597.58	2.9804e-12
0.00484463	1.58389e-07	7.75246e-15	9.2697e-13	2.83781e-12	2.98538e-12	0	1594.87	2.98538e-12
0.00484864	1.58695e-07	7.75246e-15	9.28297e-13	2.84264e-12	2.99038e-12	0	1592.16	2.99038e-12
0.00485265	1.59e-07	7.75246e-15	9.29629e-13	2.84747e-12	2.99539e-12	0	1589.46	2.99539e-12
0.00485665	1.59306e-07	7.75246e-15	9.30973e-13	2.85236e-12	3.00046e-12	0	1586.73	3.00046e-12
0.00486066	1.59613e-07	7.75246e-15	9.32308e-13	2.85721e-12	3.00548e-12	0	1584.04	3.00548e-12
0.00486467	1.5992e-07	7.75246e-15	9.33656e-13	2.86208e-12	3.01052e-12	0	1581.35	3.01052e-12
0.00486868	1.60227e-07	7.75246e-15	9.35009e-13	2.86697e-12	3.0156e-12	0	1578.65	3.0156e-12
0.00487269	1.60534e-07	7.75246e-15	9.36368e-13	2.87188e-12	3.02069e-12	0	1575.95	3.02069e-12
0.0048767	1.60842e-07	7.75246e-15	9.37732e-13	2.87681e-12	3.02579e-12	0	1573.25	3.02579e-12
0.00488071	1.6115e-07	7.75246e-15	9.39102e-13	2.88175e-12	3.03092e-12	0	1570.55	3.03092e-12
0.00488472	1.61459e-07	7.75246e-15	9.40484e-13	2.88674e-12	3.03609e-12	0	1567.83	3.03609e-12
0.00488873	1.61768e-07	7.75246e-15	9.41857e-13	2.89169e-12	3.04122e-12	0	1565.15	3.04122e-12
0.00489274	1.62077e-07	7.75246e-15	9.43243e-13	2.89666e-12	3.04638e-12	0	1562.46	3.04638e-12
0.00489674	1.62387e-07	7.75246e-15	9.44634e-13	2.90166e-12	3.05156e-12	0	1559.77	3.05156e-12
0.00490075	1.62697e-07	7.75246e-15	9.46031e-13	2.90668e-12	3.05676e-12	0	1557.08	3.05676e-12
0.00490476	1.63008e-07	7.75246e-15	9.47434e-13	2.91171e-12	3.06198e-12	0	1554.39	3.06198e-12
0.00490877	1.63319e-07	7.75246e-15	9.48842e-13	2.91675e-12	3.06721e-12	0	1551.7	3.06721e-12
0.00491278	1.6363e-07	7.75246e-15	9.50263e-13	2.92185e-12	3.0725e-12	0	1548.99	3.0725e-12
0.00491679	1.63942e-07	7.75246e-15	9.51674e-13	2.9269e-12	3.07774e-12	0	1546.32	3.07774e-12
0.0049208	1.64253e-07	7.75246e-15	9.53099e-13	2.93198e-12	3.08301e-12	0	1543.64	3.08301e-12
0.00492481	1.64566e-07	7.75246e-15	9.5453e-13	2.93709e-12	3.08831e-12	0	1540.96	3.08831e-12
0.00492882	1.64879e-07	7.75246e-15	9.55967e-13	2.94221e-12	3.09363e-12	0	1538.27	3.09363e-12
0.00493283	1.65192e-07	7.75246e-15	9.57409e-13	2.94735e-12	3.09896e-12	0	1535.59	3.09896e-12
0.00493684	1.65505e-07	7.75246e-15	9.58856e-13	2.9525e-12	3.10431e-12	0	1532.91	3.10431e-12
0.00494085	1.65819e-07	7.75246e-15	9.6031e-13	2.95768e-12	3.10968e-12	0	1530.22	3.10968e-12
0.00494485	1.66133e-07	7.75246e-15	9.61769e-13	2.96286e-12	3.11506e-12	0	1527.55	3.11506e-12
0.00494886	1.66448e-07	7.75246e-15	9.63234e-13	2.96805e-12	3.12045e-12	0	1524.88	3.12045e-12
0.00495287	1.66763e-07	7.75246e-15	9.64705e-13	2.97327e-12	3.12587e-12	0	1522.2	3.12587e-12
0.00495688	1.67078e-07	7.75246e-15	9.66182e-13	2.9785e-12	3.1313e-12	0	1519.53	3.1313e-12
0.00496089	1.67394e-07	7.75246e-15	9.67665e-13	2.98375e-12	3.13675e-12	0	1516.85	3.13675e-12
0.0049649	1.6771e-07	7.75246e-15	9.69153e-13	2.98901e-12	3.14221e-12	0	1514.18	3.14221e-12
0.00496891	1.68026e-07	7.75246e-15	9.70648e-13	2.9943e-12	3.14771e-12	0	1511.51	3.14771e-12
0.00497292	1.68343e-07	7.75246e-15	9.72148e-13	2.9996e-12	3.15321e-12	0	1508.84	3.15321e-12
0.00497693	1.6866e-07	7.75246e-15	9.73655e-13	3.0049e-12	3.15871e-12	0	1506.18	3.15871e-12
0.00498094	1.68978e-07	7.75246e-15	9.75167e-13	3.01023e-12	3.16425e-12	0	1503.51	3.16425e-12
0.00498495	1.69296e-07	7.75246e-15	9.76686e-13	3.01557e-12	3.1698e-12	0	1500.84	3.1698e-12
0.00498896	1.69614e-07	7.75246e-15	9.7821e-13	3.02093e-12	3.17537e-12	0	1498.18	3.17537e-12
0.00499297	1.69933e-07	7.75246e-15	9.79741e-13	3.02631e-12	3.18096e-12	0	1495.52	3.18096e-12
0.00499697	1.70252e-07	7.75246e-15	9.81277e-13	3.0317e-12	3.18656e-12	0	1492.86	3.18656e-12
0.00500098	1.70571e-07	7.75246e-15	9.82811e-13	3.0371e-12	3.19217e-12	0	1490.2	3.19217e-12
0.00500499	1.70891e-07	7.75246e-15	9.84369e-13	3.04255e-12	3.19784e-12	0	1487.53	3.19784e-12
0.005009	1.71211e-07	7.75246e-15	9.85924e-13	3.04798e-12	3.20348e-12	0	1484.88	3.20348e-12
0.00501301	1.71531e-07	7.75246e-15	9.87485e-13	3.05344e-12	3.20916e-12	0	1482.23	3.20916e-12
0.00501702	1.71852e-07	7.75246e-15	9.89053e-13	3.05892e-12	3.21485e-12	0	1479.57	3.21485e-12
0.00502103	1.72173e-07	7.75246e-15	9.90626e-13	3.06442e-12	3.22057e-12	0	1476.92	3.22057e-12
0.00502504	1.72495e-07	7.75246e-15	9.92206e-13	3.06993e-12	3.2263e-12	0	1474.27	3.2263e-12
0.00502905	1.72817e-07	7.75246e-15	9.93793e-13	3.07547e-12	3.23206e-12	0	1471.61	3.23206e-12
0.00503306	1.73139e-07	7.75246e-15	9.95376e-13	3.08098e-12	3.23779e-12	0	1468.98	3.23779e-12
0.00503707	1.73462e-07	7.75246e-15	9.96984e-13	3.08656e-12	3.24359e-12	0	1466.32	3.24359e-12
0.00504108	1.73785e-07	7.75246e-15	9.98589e-13	3.09214e-12	3.2494e-12	0	1463.67	3.2494e-12
0.00504509	1.74108e-07	7.75246e-15	1.0002e-12	3.09774e-12	3.25522e-12	0	1461.03	3.25522e-12
0.0050491	1.74432e-07	7.75246e-15	1.00182e-12	3.10335e-12	3.26106e-12	0	1458.39	3.26106e-12
0.00505311	1.74756e-07	7.75246e-15	1.00344e-12	3.10898e-12	3.26692e-12	0	1455.74	3.26692e-12
0.00505712	1.7508e-07	7.75246e-15	1.00507e-12	3.11463e-12	3.27279e-12	0	1453.1	3.27279e-12
0.00506113	1.75405e-07	7.75246e-15	1.00671e-12	3.12031e-12	3.2787e-12	0	1450.46	3.2787e-12
0.00506513	1.75731e-07	7.75246e-15	1.00835e-12	3.12597e-12	3.28458e-12	0	1447.84	3.28458e-12
0.00506914	1.76056e-07	7.75246e-15	1.01001e-12	3.13168e-12	3.29053e-12	0	1445.19	3.29053e-12
0.00507315	1.76382e-07	7.75246e-15	1.01166e-12	3.1374e-12	3.29649e-12	0	1442.56	3.29649e-12
0.00507716	1.76708e-07	7.75246e-15	1.01333e-12	3.14314e-12	3.30246e-12	0	1439.92	3.30246e-12
0.00508117	1.77035e-07	7.75246e-15	1.015e-12	3.1489e-12	3.30845e-12	0	1437.29	3.30845e-12
0.00508518	1.77362e-07	7.75246e-15	1.01668e-12	3.15467e-12	3.31446e-12	0	1434.66	3.31446e-12
0.00508919	1.77689e-07	7.75246e-15	1.01836e-12	3.16046e-12	3.32048e-12	0	1432.03	3.32048e-12
0.0050932	1.78017e-07	7.75246e-15	1.02004e-12	3.16625e-12	3.32651e-12	0	1429.41	3.32651e-12
0.00509721	1.78345e-07	7.75246e-15	1.02174e-12	3.17208e-12	3.33258e-12	0	1426.79	3.33258e-12
0.00510122	1.78674e-07	7.75246e-15	1.02345e-12	3.17794e-12	3.33869e-12	0	1424.15	3.33869e-12
0.00510523	1.79002e-07	7.75246e-15	1.02516e-12	3.18381e-12	3.34479e-12	0	1421.53	3.34479e-12
0.00510924	1.79332e-07	7.75246e-15	1.02688e-12	3.18969e-12	3.35092e-12	0	1418.91	3.35092e-12
0.00511325	1.79661e-07	7.75246e-15	1.0286e-12	3.19559e-12	3.35706e-12	0	1416.29	3.35706e-12
0.00511726	1.79991e-07	7.75246e-15	1.03033e-12	3.20151e-12	3.36323e-12	0	1413.67	3.36323e-12
0.00512127	1.80321e-07	7.75246e-15	1.03207e-12	3.20745e-12	3.36941e-12	0	1411.05	3.36941e-12
0.00512528	1.80652e-07	7.75246e-15	1.03381e-12	3.21338e-12	3.3756e-12	0	1408.44	3.3756e-12
0.00512929	1.80983e-07	7.75246e-15	1.03556e-12	3.21936e-12	3.38182e-12	0	1405.83	3.38182e-12
0.0051333	1.81314e-07	7.75246e-15	1.03733e-12	3.22537e-12	3.38809e-12	0	1403.21	3.38809e-12
0.00513731	1.81646e-07	7.75246e-15	1.0391e-12	3.23138e-12	3.39435e-12	0	1400.6	3.39435e-12
0.00514132	1.81978e-07	7.75246e-15	1.04087e-12	3.23742e-12	3.40064e-12	0	1397.99	3.40064e-12
0.00514533	1.8231e-07	7.75246e-15	1.04265e-12	3.24347e-12	3.40694e-12	0	1395.38	3.40694e-12
0.00514934	1.82643e-07	7.75246e-15	1.04444e-12	3.24954e-12	3.41327e-12	0	1392.77	3.41327e-12
0.00515335	1.82976e-07	7.75246e-15	1.04623e-12	3.25563e-12	3.41962e-12	0	1390.17	3.41962e-12
0.00515736	1.83309e-07	7.75246e-15	1.04803e-12	3.26174e-12	3.42598e-12	0	1387.56	3.42598e-12
0.00516137	1.83643e-07	7.75246e-15	1.04983e-12	3.26785e-12	3.43235e-12	0	1384.97	3.43235e-12
0.00516538	1.83977e-07	7.75246e-15	1.05165e-12	3.27399e-12	3.43876e-12	0	1382.37	3.43876e-12
0.00516939	1.84312e-07	7.75246e-15	1.05348e-12	3.28018e-12	3.44521e-12	0	1379.76	3.44521e-12
0.0051734	1.84647e-07	7.75246e-15	1.05531e-12	3.28637e-12	3.45166e-12	0	1377.16	3.45166e-12
0.00517741	1.84982e-07	7.75246e-15	1.05715e-12	3.29257e-12	3.45813e-12	0	1374.57	3.45813e-12
0.00518141	1.85317e-07	7.75246e-15	1.059e-12	3.2988e-12	3.46462e-12	0	1371.97	3.46462e-12
0.00518542	1.85653e-07	7.75246e-15	1.06085e-12	3.30505e-12	3.47114e-12	0	1369.38	3.47114e-12
0.00518943	1.8599e-07	7.75246e-15	1.06271e-12	3.31131e-12	3.47767e-12	0	1366.79	3.47767e-12
0.00519344	1.86326e-07	7.75246e-15	1.06457e-12	3.31758e-12	3.48421e-12	0	1364.2	3.48421e-12
0.00519745	1.86663e-07	7.75246e-15	1.06644e-12	3.32388e-12	3.49078e-12	0	1361.62	3.49078e-12
0.00520146	1.87e-07	7.75246e-15	1.06834e-12	3.33023e-12	3.4974e-12	0	1359.02	3.4974e-12
0.00520547	1.87338e-07	7.75246e-15	1.07023e-12	3.33658e-12	3.50403e-12	0	1356.44	3.50403e-12
0.00520948	1.87676e-07	7.75246e-15	1.07212e-12	3.34294e-12	3.51067e-12	0	1353.85	3.51067e-12
0.00521349	1.88014e-07	7.75246e-15	1.07403e-12	3.34933e-12	3.51733e-12	0	1351.27	3.51733e-12
0.0052175	1.88353e-07	7.75246e-15	1.07594e-12	3.35574e-12	3.52402e-12	0	1348.69	3.52402e-12
0.00522151	1.88692e-07	7.75246e-15	1.07786e-12	3.36217e-12	3.53073e-12	0	1346.11	3.53073e-12
0.00522552	1.89032e-07	7.75246e-15	1.07979e-12	3.36862e-12	3.53746e-12	0	1343.53	3.53746e-12
0.00522953	1.89371e-07	7.75246e-15	1.08172e-12	3.37507e-12	3.54418e-12	0	1340.97	3.54418e-12
0.00523354	1.89712e-07	7.75246e-15	1.08366e-12	3.38156e-12	3.55096e-12	0	1338.39	3.55096e-12
0.00523755	1.90052e-07	7.75246e-15	1.08562e-12	3.38809e-12	3.55778e-12	0	1335.81	3.55778e-12
0.00524156	1.90393e-07	7.75246e-15	1.08758e-12	3.39462e-12	3.5646e-12	0	1333.24	3.5646e-12
0.00524557	1.90734e-07	7.75246e-15	1.08955e-12	3.40118e-12	3.57144e-12	0	1330.67	3.57144e-12
0.00524958	1.91075e-07	7.75246e-15	1.09153e-12	3.40775e-12	3.57831e-12	0	1328.1	3.57831e-12
0.00525359	1.91417e-07	7.75246e-15	1.09351e-12	3.41435e-12	3.58519e-12	0	1325.54	3.58519e-12
0.0052576	1.91759e-07	7.75246e-15	1.0955e-12	3.42097e-12	3.5921e-12	0	1322.97	3.5921e-12
0.00526161	1.92102e-07	7.75246e-15	1.09749e-12	3.42757e-12	3.59899e-12	0	1320.42	3.59899e-12
0.00526562	1.92445e-07	7.75246e-15	1.0995e-12	3.43424e-12	3.60597e-12	0	1317.86	3.60597e-12
0.00526963	1.92788e-07	7.75246e-15	1.10151e-12	3.44093e-12	3.61294e-12	0	1315.3	3.61294e-12
0.00527364	1.93132e-07	7.75246e-15	1.10354e-12	3.44761e-12	3.61993e-12	0	1312.75	3.61993e-12
0.00527765	1.93476e-07	7.75246e-15	1.10558e-12	3.45438e-12	3.627e-12	0	1310.17	3.627e-12
0.00528166	1.9382e-07	7.75246e-15	1.10762e-12	3.46113e-12	3.63405e-12	0	1307.62	3.63405e-12
0.00528567	1.94164e-07	7.75246e-15	1.10967e-12	3.4679e-12	3.64112e-12	0	1305.07	3.64112e-12
0.00528968	1.94509e-07	7.75246e-15	1.11173e-12	3.47469e-12	3.64821e-12	0	1302.52	3.64821e-12
0.00529369	1.94855e-07	7.75246e-15	1.11379e-12	3.48151e-12	3.65533e-12	0	1299.97	3.65533e-12
0.0052977	1.952e-07	7.75246e-15	1.11585e-12	3.4883e-12	3.66243e-12	0	1297.43	3.66243e-12
0.00530171	1.95546e-07	7.75246e-15	1.11793e-12	3.49518e-12	3.66962e-12	0	1294.88	3.66962e-12
0.00530572	1.95893e-07	7.75246e-15	1.12002e-12	3.50206e-12	3.67681e-12	0	1292.34	3.67681e-12
0.00530973	1.96239e-07	7.75246e-15	1.12212e-12	3.50895e-12	3.68401e-12	0	1289.8	3.68401e-12
0.00531374	1.96586e-07	7.75246e-15	1.12424e-12	3.51591e-12	3.69129e-12	0	1287.24	3.69129e-12
0.00531775	1.96933e-07	7.75246e-15	1.12636e-12	3.52286e-12	3.69855e-12	0	1284.7	3.69855e-12
0.00532176	1.97281e-07	7.75246e-15	1.12848e-12	3.52984e-12	3.70584e-12	0	1282.17	3.70584e-12
