Voltage	Current	Iqp	Iand	V/Rleak	Te	Ts	DeltaT	Peph	Pand	Pleak	Pabs	Pcool
4.00132e-06	4.5299e-11	4.5299e-11	0	0.000238022	4.29948	4.3	0.955306	65.7701	0	4.76044e-07	2.99797e-08	-0.013856
8.00266e-06	9.10375e-11	9.10375e-11	0	0.000476044	4.29948	4.3	0.955306	65.7701	0	1.90417e-06	1.21085e-07	-0.0137143
1.2004e-05	1.36729e-10	1.36729e-10	0	0.000714065	4.29948	4.3	0.955306	65.7701	0	4.28439e-06	2.7313e-07	-0.0134783
1.60053e-05	1.82411e-10	1.82411e-10	0	0.000952087	4.29948	4.3	0.955306	65.7701	0	7.6167e-06	4.86128e-07	-0.0131479
2.00067e-05	2.2809e-10	2.2809e-10	0	0.00119011	4.29948	4.3	0.955306	65.7701	0	1.19011e-05	7.60088e-07	-0.012723
2.4008e-05	2.73769e-10	2.73769e-10	0	0.00142813	4.29948	4.3	0.955306	65.7701	0	1.71376e-05	1.09502e-06	-0.0122038
2.80093e-05	3.19449e-10	3.19449e-10	0	0.00166615	4.29948	4.3	0.955306	65.7701	0	2.33261e-05	1.49092e-06	-0.0115901
3.20107e-05	3.65131e-10	3.65131e-10	0	0.00190417	4.29948	4.3	0.955306	65.7701	0	3.04668e-05	1.94781e-06	-0.0108821
3.6012e-05	4.10814e-10	4.10814e-10	0	0.0021422	4.29948	4.3	0.955306	65.7701	0	3.85595e-05	2.4657e-06	-0.0100796
4.00133e-05	4.565e-10	4.565e-10	0	0.00238022	4.29948	4.3	0.955306	65.7701	0	4.76044e-05	3.04461e-06	-0.00918272
4.40147e-05	5.02188e-10	5.02188e-10	0	0.00261824	4.29948	4.3	0.955306	65.7701	0	5.76013e-05	3.68454e-06	-0.00819144
4.8016e-05	5.47879e-10	5.47879e-10	0	0.00285626	4.29948	4.3	0.955306	65.7701	0	6.85503e-05	4.38551e-06	-0.00710575
5.20173e-05	5.93575e-10	5.93575e-10	0	0.00309428	4.29948	4.3	0.955306	65.7701	0	8.04514e-05	5.14755e-06	-0.00592566
5.60187e-05	6.39273e-10	6.39273e-10	0	0.00333231	4.29948	4.3	0.955306	65.7701	0	9.33045e-05	5.97067e-06	-0.00465117
6.002e-05	6.84976e-10	6.84976e-10	0	0.00357033	4.29948	4.3	0.955306	65.7701	0	0.00010711	6.8549e-06	-0.00328228
6.40214e-05	7.30683e-10	7.30683e-10	0	0.00380835	4.29948	4.3	0.955306	65.7701	0	0.000121867	7.80025e-06	-0.00181899
6.80227e-05	7.76395e-10	7.76395e-10	0	0.00404637	4.29948	4.3	0.955306	65.7701	0	0.000137577	8.80675e-06	-0.0002613
7.2024e-05	8.22112e-10	8.22112e-10	0	0.00428439	4.29948	4.3	0.955306	65.7701	0	0.000154238	9.87443e-06	0.00139079
7.60254e-05	8.67834e-10	8.67834e-10	0	0.00452241	4.29948	4.3	0.955306	65.7701	0	0.000171852	1.10033e-05	0.00313726
8.00267e-05	9.13561e-10	9.13561e-10	0	0.00476044	4.29948	4.3	0.955306	65.7701	0	0.000190417	1.21934e-05	0.00497814
8.4028e-05	9.59293e-10	9.59293e-10	0	0.00499846	4.29948	4.3	0.955306	65.7701	0	0.000209935	1.34448e-05	0.0069134
8.80294e-05	1.00503e-09	1.00503e-09	0	0.00523648	4.29948	4.3	0.955306	65.7701	0	0.000230405	1.47574e-05	0.00894305
9.20307e-05	1.05078e-09	1.05078e-09	0	0.0054745	4.29948	4.3	0.955306	65.7701	0	0.000251827	1.61314e-05	0.0110671
9.6032e-05	1.09653e-09	1.09653e-09	0	0.00571252	4.29948	4.3	0.955306	65.7701	0	0.000274201	1.75667e-05	0.0132855
0.000100033	1.14229e-09	1.14229e-09	0	0.00595055	4.29948	4.3	0.955306	65.7701	0	0.000297527	1.90635e-05	0.0155983
0.000104035	1.18806e-09	1.18806e-09	0	0.00618857	4.29948	4.3	0.955306	65.7701	0	0.000321805	2.06217e-05	0.0180055
0.000108036	1.23383e-09	1.23383e-09	0	0.00642659	4.29948	4.3	0.955306	65.7701	0	0.000347036	2.22413e-05	0.0205071
0.000112037	1.27961e-09	1.27961e-09	0	0.00666461	4.29948	4.3	0.955306	65.7701	0	0.000373218	2.39225e-05	0.023103
0.000116039	1.3254e-09	1.3254e-09	0	0.00690263	4.29948	4.3	0.955306	65.7701	0	0.000400353	2.56653e-05	0.0257933
0.00012004	1.3712e-09	1.3712e-09	0	0.00714065	4.29948	4.3	0.955306	65.7701	0	0.000428439	2.74697e-05	0.028578
0.000124041	1.41701e-09	1.41701e-09	0	0.00737868	4.29948	4.3	0.955306	65.7701	0	0.000457478	2.93357e-05	0.0314571
0.000128043	1.46283e-09	1.46283e-09	0	0.0076167	4.29948	4.3	0.955306	65.7701	0	0.000487469	3.12635e-05	0.0344305
0.000132044	1.50866e-09	1.50866e-09	0	0.00785472	4.29948	4.3	0.955306	65.7701	0	0.000518411	3.3253e-05	0.0374982
0.000136045	1.55449e-09	1.55449e-09	0	0.00809274	4.29948	4.3	0.955306	65.7701	0	0.000550306	3.53043e-05	0.0406604
0.000140047	1.60034e-09	1.60034e-09	0	0.00833076	4.29948	4.3	0.955306	65.7701	0	0.000583153	3.74175e-05	0.0439169
0.000144048	1.6462e-09	1.6462e-09	0	0.00856879	4.29948	4.3	0.955306	65.7701	0	0.000616953	3.95926e-05	0.0472677
0.000148049	1.69206e-09	1.69206e-09	0	0.00880681	4.29948	4.3	0.955306	65.7701	0	0.000651704	4.18297e-05	0.0507129
0.000152051	1.73794e-09	1.73794e-09	0	0.00904483	4.29948	4.3	0.955306	65.7701	0	0.000687407	4.41288e-05	0.0542524
0.000156052	1.78383e-09	1.78383e-09	0	0.00928285	4.29948	4.3	0.955306	65.7701	0	0.000724062	4.649e-05	0.0578863
0.000160053	1.82974e-09	1.82974e-09	0	0.00952087	4.29948	4.3	0.955306	65.7701	0	0.00076167	4.89133e-05	0.0616145
0.000164055	1.87565e-09	1.87565e-09	0	0.00975889	4.29948	4.3	0.955306	65.7701	0	0.000800229	5.13989e-05	0.0654371
0.000168056	1.92158e-09	1.92158e-09	0	0.00999692	4.29948	4.3	0.955306	65.7701	0	0.000839741	5.39468e-05	0.069354
0.000172057	1.96751e-09	1.96751e-09	0	0.0102349	4.29948	4.3	0.955306	65.7701	0	0.000880205	5.6557e-05	0.0733652
0.000176059	2.01347e-09	2.01347e-09	0	0.010473	4.29948	4.3	0.955306	65.7701	0	0.00092162	5.92296e-05	0.0774707
0.00018006	2.05943e-09	2.05943e-09	0	0.010711	4.29948	4.3	0.955306	65.7701	0	0.000963988	6.19647e-05	0.0816705
0.000184062	2.10541e-09	2.10541e-09	0	0.010949	4.29948	4.3	0.955306	65.7701	0	0.00100731	6.47624e-05	0.0859647
0.000188063	2.1514e-09	2.1514e-09	0	0.011187	4.29948	4.3	0.955306	65.7701	0	0.00105158	6.76227e-05	0.0903532
0.000192064	2.1974e-09	2.1974e-09	0	0.011425	4.29948	4.3	0.955306	65.7701	0	0.0010968	7.05456e-05	0.094836
0.000196066	2.24342e-09	2.24342e-09	0	0.0116631	4.29948	4.3	0.955306	65.7701	0	0.00114298	7.35314e-05	0.099413
0.000200067	2.28946e-09	2.28946e-09	0	0.0119011	4.29948	4.3	0.955306	65.7701	0	0.00119011	7.65801e-05	0.104084
0.000204068	2.33551e-09	2.33551e-09	0	0.0121391	4.29948	4.3	0.955306	65.7701	0	0.00123819	7.96916e-05	0.10885
0.00020807	2.38157e-09	2.38157e-09	0	0.0123771	4.29948	4.3	0.955306	65.7701	0	0.00128722	8.28662e-05	0.11371
0.000212071	2.42765e-09	2.42765e-09	0	0.0126152	4.29948	4.3	0.955306	65.7701	0	0.00133721	8.61039e-05	0.118664
0.000216072	2.47375e-09	2.47375e-09	0	0.0128532	4.29948	4.3	0.955306	65.7701	0	0.00138814	8.94047e-05	0.123713
0.000220074	2.51986e-09	2.51986e-09	0	0.0130912	4.29948	4.3	0.955306	65.7701	0	0.00144003	9.27689e-05	0.128856
0.000224075	2.56599e-09	2.56599e-09	0	0.0133292	4.29948	4.3	0.955306	65.7701	0	0.00149287	9.61964e-05	0.134093
0.000228076	2.61213e-09	2.61213e-09	0	0.0135672	4.29948	4.3	0.955306	65.7701	0	0.00154667	9.96873e-05	0.139424
0.000232078	2.65829e-09	2.65829e-09	0	0.0138053	4.29948	4.3	0.955306	65.7701	0	0.00160141	0.000103242	0.144849
0.000236079	2.70447e-09	2.70447e-09	0	0.0140433	4.29948	4.3	0.955306	65.7701	0	0.00165711	0.00010686	0.150369
0.00024008	2.75067e-09	2.75067e-09	0	0.0142813	4.29948	4.3	0.955306	65.7701	0	0.00171376	0.000110542	0.155983
0.000244082	2.79688e-09	2.79688e-09	0	0.0145193	4.29948	4.3	0.955306	65.7701	0	0.00177136	0.000114287	0.161692
0.000248083	2.84311e-09	2.84311e-09	0	0.0147574	4.29948	4.3	0.955306	65.7701	0	0.00182991	0.000118097	0.167494
0.000252084	2.88936e-09	2.88936e-09	0	0.0149954	4.29948	4.3	0.955306	65.7701	0	0.00188942	0.00012197	0.173391
0.000256086	2.93563e-09	2.93563e-09	0	0.0152334	4.29948	4.3	0.955306	65.7701	0	0.00194987	0.000125908	0.179382
0.000260087	2.98192e-09	2.98192e-09	0	0.0154714	4.29948	4.3	0.955306	65.7701	0	0.00201128	0.00012991	0.185467
0.000264088	3.02823e-09	3.02823e-09	0	0.0157094	4.29948	4.3	0.955306	65.7701	0	0.00207365	0.000133976	0.191646
0.00026809	3.07456e-09	3.07456e-09	0	0.0159475	4.29948	4.3	0.955306	65.7701	0	0.00213696	0.000138107	0.19792
0.000272091	3.1209e-09	3.1209e-09	0	0.0161855	4.29948	4.3	0.955306	65.7701	0	0.00220123	0.000142302	0.204288
0.000276093	3.16727e-09	3.16727e-09	0	0.0164235	4.29948	4.3	0.955306	65.7701	0	0.00226644	0.000146562	0.21075
0.000280094	3.21366e-09	3.21366e-09	0	0.0166615	4.29948	4.3	0.955306	65.7701	0	0.00233261	0.000150886	0.217306
0.000284095	3.26007e-09	3.26007e-09	0	0.0168995	4.29948	4.3	0.955306	65.7701	0	0.00239974	0.000155276	0.223956
0.000288097	3.3065e-09	3.3065e-09	0	0.0171376	4.29948	4.3	0.955306	65.7701	0	0.00246781	0.00015973	0.230701
0.000292098	3.35295e-09	3.35295e-09	0	0.0173756	4.29948	4.3	0.955306	65.7701	0	0.00253684	0.00016425	0.237539
0.000296099	3.39942e-09	3.39942e-09	0	0.0176136	4.29948	4.3	0.955306	65.7701	0	0.00260681	0.000168834	0.244472
0.000300101	3.44592e-09	3.44592e-09	0	0.0178516	4.29948	4.3	0.955306	65.7701	0	0.00267775	0.000173484	0.251499
0.000304102	3.49244e-09	3.49244e-09	0	0.0180897	4.29948	4.3	0.955306	65.7701	0	0.00274963	0.0001782	0.25862
0.000308103	3.53898e-09	3.53898e-09	0	0.0183277	4.29948	4.3	0.955306	65.7701	0	0.00282246	0.000182981	0.265836
0.000312105	3.58554e-09	3.58554e-09	0	0.0185657	4.29948	4.3	0.955306	65.7701	0	0.00289625	0.000187828	0.273145
0.000316106	3.63213e-09	3.63213e-09	0	0.0188037	4.29948	4.3	0.955306	65.7701	0	0.00297099	0.00019274	0.280548
0.000320107	3.67874e-09	3.67874e-09	0	0.0190417	4.29948	4.3	0.955306	65.7701	0	0.00304668	0.000197719	0.288046
0.000324109	3.72537e-09	3.72537e-09	0	0.0192798	4.29948	4.3	0.955306	65.7701	0	0.00312332	0.000202763	0.295638
0.00032811	3.77203e-09	3.77203e-09	0	0.0195178	4.29948	4.3	0.955306	65.7701	0	0.00320092	0.000207874	0.303323
0.000332112	3.81871e-09	3.81871e-09	0	0.0197558	4.29948	4.3	0.955306	65.7701	0	0.00327946	0.000213051	0.311103
0.000336113	3.86542e-09	3.86542e-09	0	0.0199938	4.29948	4.3	0.955306	65.7701	0	0.00335896	0.000218295	0.318977
0.000340114	3.91215e-09	3.91215e-09	0	0.0202319	4.29948	4.3	0.955306	65.7701	0	0.00343942	0.000223605	0.326945
0.000344116	3.95891e-09	3.95891e-09	0	0.0204699	4.29948	4.3	0.955306	65.7701	0	0.00352082	0.000228982	0.335007
0.000348117	4.00569e-09	4.00569e-09	0	0.0207079	4.29948	4.3	0.955306	65.7701	0	0.00360317	0.000234426	0.343163
0.000352118	4.0525e-09	4.0525e-09	0	0.0209459	4.29948	4.3	0.955306	65.7701	0	0.00368648	0.000239936	0.351413
0.00035612	4.09934e-09	4.09934e-09	0	0.0211839	4.29948	4.3	0.955306	65.7701	0	0.00377074	0.000245514	0.359758
0.000360121	4.1462e-09	4.1462e-09	0	0.021422	4.29948	4.3	0.955306	65.7701	0	0.00385595	0.00025116	0.368196
0.000364123	4.19309e-09	4.19309e-09	0	0.02166	4.29948	4.3	0.955306	65.7701	0	0.00394212	0.000256873	0.376728
0.000368124	4.24e-09	4.24e-09	0	0.021898	4.29948	4.3	0.955306	65.7701	0	0.00402923	0.000262653	0.385354
0.000372125	4.28695e-09	4.28695e-09	0	0.022136	4.29948	4.3	0.955306	65.7701	0	0.0041173	0.000268501	0.394074
0.000376127	4.33392e-09	4.33392e-09	0	0.022374	4.29948	4.3	0.955306	65.7701	0	0.00420632	0.000274417	0.402889
0.000380128	4.38092e-09	4.38092e-09	0	0.0226121	4.29948	4.3	0.955306	65.7701	0	0.00429629	0.000280401	0.411797
0.000384129	4.42794e-09	4.42794e-09	0	0.0228501	4.29948	4.3	0.955306	65.7701	0	0.00438722	0.000286454	0.420799
0.000388131	4.475e-09	4.475e-09	0	0.0230881	4.29948	4.3	0.955306	65.7701	0	0.00447909	0.000292574	0.429895
0.000392132	4.52209e-09	4.52209e-09	0	0.0233261	4.29948	4.3	0.955306	65.7701	0	0.00457192	0.000298764	0.439085
0.000396134	4.5692e-09	4.5692e-09	0	0.0235642	4.29948	4.3	0.955306	65.7701	0	0.0046657	0.000305022	0.448369
0.000400135	4.61634e-09	4.61634e-09	0	0.0238022	4.29948	4.3	0.955306	65.7701	0	0.00476044	0.000311348	0.457747
0.000404136	4.66352e-09	4.66352e-09	0	0.0240402	4.29948	4.3	0.955306	65.7701	0	0.00485612	0.000317744	0.467219
0.000408138	4.71072e-09	4.71072e-09	0	0.0242782	4.29948	4.3	0.955306	65.7701	0	0.00495276	0.000324209	0.476785
0.000412139	4.75796e-09	4.75796e-09	0	0.0245162	4.29948	4.3	0.955306	65.7701	0	0.00505035	0.000330743	0.486444
0.00041614	4.80522e-09	4.80522e-09	0	0.0247543	4.29948	4.3	0.955306	65.7701	0	0.00514889	0.000337347	0.496198
0.000420142	4.85252e-09	4.85252e-09	0	0.0249923	4.29948	4.3	0.955306	65.7701	0	0.00524838	0.000344021	0.506045
0.000424143	4.89985e-09	4.89985e-09	0	0.0252303	4.29948	4.3	0.955306	65.7701	0	0.00534883	0.000350764	0.515986
0.000428145	4.94721e-09	4.94721e-09	0	0.0254683	4.29948	4.3	0.955306	65.7701	0	0.00545022	0.000357578	0.526022
0.000432146	4.9946e-09	4.9946e-09	0	0.0257064	4.29948	4.3	0.955306	65.7701	0	0.00555257	0.000364461	0.536151
0.000436147	5.04202e-09	5.04202e-09	0	0.0259444	4.29948	4.3	0.955306	65.7701	0	0.00565587	0.000371415	0.546373
0.000440149	5.08948e-09	5.08948e-09	0	0.0261824	4.29948	4.3	0.955306	65.7701	0	0.00576013	0.00037844	0.55669
0.00044415	5.13697e-09	5.13697e-09	0	0.0264204	4.29948	4.3	0.955306	65.7701	0	0.00586533	0.000385535	0.5671
0.000448151	5.18449e-09	5.18449e-09	0	0.0266584	4.29948	4.3	0.955306	65.7701	0	0.00597149	0.000392701	0.577605
0.000452153	5.23205e-09	5.23205e-09	0	0.0268965	4.29948	4.3	0.955306	65.7701	0	0.0060786	0.000399939	0.588203
0.000456154	5.27964e-09	5.27964e-09	0	0.0271345	4.29948	4.3	0.955306	65.7701	0	0.00618666	0.000407247	0.598894
0.000460156	5.32726e-09	5.32726e-09	0	0.0273725	4.29948	4.3	0.955306	65.7701	0	0.00629568	0.000414627	0.60968
0.000464157	5.37492e-09	5.37492e-09	0	0.0276105	4.29948	4.3	0.955306	65.7701	0	0.00640564	0.000422079	0.620559
0.000468158	5.42261e-09	5.42261e-09	0	0.0278486	4.29948	4.3	0.955306	65.7701	0	0.00651656	0.000429603	0.631532
0.00047216	5.47034e-09	5.47034e-09	0	0.0280866	4.29948	4.3	0.955306	65.7701	0	0.00662843	0.000437199	0.642599
0.000476161	5.5181e-09	5.5181e-09	0	0.0283246	4.29948	4.3	0.955306	65.7701	0	0.00674125	0.000444867	0.653759
0.000480163	5.5659e-09	5.5659e-09	0	0.0285626	4.29948	4.3	0.955306	65.7701	0	0.00685503	0.000452607	0.665013
0.000484164	5.61374e-09	5.61374e-09	0	0.0288006	4.29948	4.3	0.955306	65.7701	0	0.00696975	0.000460421	0.676361
0.000488165	5.66161e-09	5.66161e-09	0	0.0290387	4.29948	4.3	0.955306	65.7701	0	0.00708543	0.000468307	0.687803
0.000492167	5.70952e-09	5.70952e-09	0	0.0292767	4.29948	4.3	0.955306	65.7701	0	0.00720206	0.000476266	0.699338
0.000496168	5.75746e-09	5.75746e-09	0	0.0295147	4.29948	4.3	0.955306	65.7701	0	0.00731965	0.000484298	0.710967
0.00050017	5.80545e-09	5.80545e-09	0	0.0297527	4.29948	4.3	0.955306	65.7701	0	0.00743818	0.000492404	0.722689
0.000504171	5.85347e-09	5.85347e-09	0	0.0299907	4.29948	4.3	0.955306	65.7701	0	0.00755767	0.000500583	0.734505
0.000508172	5.90152e-09	5.90152e-09	0	0.0302288	4.29948	4.3	0.955306	65.7701	0	0.00767811	0.000508837	0.746415
0.000512174	5.94962e-09	5.94962e-09	0	0.0304668	4.29948	4.3	0.955306	65.7701	0	0.0077995	0.000517164	0.758418
0.000516175	5.99775e-09	5.99775e-09	0	0.0307048	4.29948	4.3	0.955306	65.7701	0	0.00792184	0.000525566	0.770515
0.000520177	6.04593e-09	6.04593e-09	0	0.0309428	4.29948	4.3	0.955306	65.7701	0	0.00804514	0.000534043	0.782705
0.000524178	6.09414e-09	6.09414e-09	0	0.0311809	4.29948	4.3	0.955306	65.7701	0	0.00816938	0.000542594	0.794989
0.000528179	6.14239e-09	6.14239e-09	0	0.0314189	4.29948	4.3	0.955306	65.7701	0	0.00829458	0.00055122	0.807367
0.000532181	6.19068e-09	6.19068e-09	0	0.0316569	4.29948	4.3	0.955306	65.7701	0	0.00842074	0.000559921	0.819838
0.000536182	6.23901e-09	6.23901e-09	0	0.0318949	4.29948	4.3	0.955306	65.7701	0	0.00854784	0.000568698	0.832402
0.000540184	6.28738e-09	6.28738e-09	0	0.0321329	4.29948	4.3	0.955306	65.7701	0	0.00867589	0.00057755	0.84506
0.000544185	6.33579e-09	6.33579e-09	0	0.032371	4.29948	4.3	0.955306	65.7701	0	0.0088049	0.000586479	0.857812
0.000548187	6.38425e-09	6.38425e-09	0	0.032609	4.29948	4.3	0.955306	65.7701	0	0.00893486	0.000595483	0.870657
0.000552188	6.43274e-09	6.43274e-09	0	0.032847	4.29948	4.3	0.955306	65.7701	0	0.00906577	0.000604564	0.883595
0.000556189	6.48127e-09	6.48127e-09	0	0.033085	4.29948	4.3	0.955306	65.7701	0	0.00919764	0.000613721	0.896627
0.000560191	6.52985e-09	6.52985e-09	0	0.0333231	4.29948	4.3	0.955306	65.7701	0	0.00933045	0.000622955	0.909752
0.000564192	6.57847e-09	6.57847e-09	0	0.0335611	4.29948	4.3	0.955306	65.7701	0	0.00946422	0.000632266	0.92297
0.000568194	6.62713e-09	6.62713e-09	0	0.0337991	4.29948	4.3	0.955306	65.7701	0	0.00959894	0.000641655	0.936282
0.000572195	6.67584e-09	6.67584e-09	0	0.0340371	4.29948	4.3	0.955306	65.7701	0	0.00973462	0.000651121	0.949688
0.000576196	6.72458e-09	6.72458e-09	0	0.0342751	4.29948	4.3	0.955306	65.7701	0	0.00987124	0.000660665	0.963186
0.000580198	6.77337e-09	6.77337e-09	0	0.0345132	4.29948	4.3	0.955306	65.7701	0	0.0100088	0.000670286	0.976778
0.000584199	6.82221e-09	6.82221e-09	0	0.0347512	4.29948	4.3	0.955306	65.7701	0	0.0101473	0.000679986	0.990464
0.000588201	6.87109e-09	6.87109e-09	0	0.0349892	4.29948	4.3	0.955306	65.7701	0	0.0102868	0.000689765	1.00424
0.000592202	6.92001e-09	6.92001e-09	0	0.0352272	4.29948	4.3	0.955306	65.7701	0	0.0104273	0.000699622	1.01811
0.000596204	6.96898e-09	6.96898e-09	0	0.0354652	4.29948	4.3	0.955306	65.7701	0	0.0105686	0.000709558	1.03208
0.000600205	7.01799e-09	7.01799e-09	0	0.0357033	4.29948	4.3	0.955306	65.7701	0	0.010711	0.000719574	1.04614
0.000604206	7.06704e-09	7.06704e-09	0	0.0359413	4.29948	4.3	0.955306	65.7701	0	0.0108543	0.000729669	1.06029
0.000608208	7.11615e-09	7.11615e-09	0	0.0361793	4.29948	4.3	0.955306	65.7701	0	0.0109985	0.000739844	1.07453
0.000612209	7.1653e-09	7.1653e-09	0	0.0364173	4.29948	4.3	0.955306	65.7701	0	0.0111437	0.000750099	1.08887
0.000616211	7.21449e-09	7.21449e-09	0	0.0366554	4.29948	4.3	0.955306	65.7701	0	0.0112899	0.000760434	1.1033
0.000620212	7.26373e-09	7.26373e-09	0	0.0368934	4.29948	4.3	0.955306	65.7701	0	0.0114369	0.00077085	1.11783
0.000624214	7.31302e-09	7.31302e-09	0	0.0371314	4.29948	4.3	0.955306	65.7701	0	0.011585	0.000781346	1.13245
0.000628215	7.36235e-09	7.36235e-09	0	0.0373694	4.29948	4.3	0.955306	65.7701	0	0.011734	0.000791924	1.14716
0.000632217	7.41174e-09	7.41174e-09	0	0.0376074	4.29948	4.3	0.955306	65.7701	0	0.011884	0.000802583	1.16196
0.000636218	7.46117e-09	7.46117e-09	0	0.0378455	4.29948	4.3	0.955306	65.7701	0	0.0120349	0.000813324	1.17686
0.000640219	7.51064e-09	7.51064e-09	0	0.0380835	4.29948	4.3	0.955306	65.7701	0	0.0121867	0.000824147	1.19185
0.000644221	7.56017e-09	7.56017e-09	0	0.0383215	4.29948	4.3	0.955306	65.7701	0	0.0123395	0.000835052	1.20693
0.000648222	7.60975e-09	7.60975e-09	0	0.0385595	4.29948	4.3	0.955306	65.7701	0	0.0124933	0.000846039	1.22211
0.000652224	7.65937e-09	7.65937e-09	0	0.0387976	4.29948	4.3	0.955306	65.7701	0	0.012648	0.000857109	1.23738
0.000656225	7.70904e-09	7.70904e-09	0	0.0390356	4.29948	4.3	0.955306	65.7701	0	0.0128037	0.000868263	1.25274
0.000660227	7.75877e-09	7.75877e-09	0	0.0392736	4.29948	4.3	0.955306	65.7701	0	0.0129603	0.000879499	1.26819
0.000664228	7.80854e-09	7.80854e-09	0	0.0395116	4.29948	4.3	0.955306	65.7701	0	0.0131179	0.000890819	1.28374
0.00066823	7.85836e-09	7.85836e-09	0	0.0397496	4.29948	4.3	0.955306	65.7701	0	0.0132764	0.000902224	1.29938
0.000672231	7.90823e-09	7.90823e-09	0	0.0399877	4.29948	4.3	0.955306	65.7701	0	0.0134359	0.000913712	1.31511
0.000676233	7.95816e-09	7.95816e-09	0	0.0402257	4.29948	4.3	0.955306	65.7701	0	0.0135963	0.000925285	1.33094
0.000680234	8.00813e-09	8.00813e-09	0	0.0404637	4.29948	4.3	0.955306	65.7701	0	0.0137577	0.000936942	1.34686
0.000684235	8.05816e-09	8.05816e-09	0	0.0407017	4.29948	4.3	0.955306	65.7701	0	0.01392	0.000948685	1.36287
0.000688237	8.10824e-09	8.10824e-09	0	0.0409398	4.29948	4.3	0.955306	65.7701	0	0.0140833	0.000960513	1.37898
0.000692238	8.15837e-09	8.15837e-09	0	0.0411778	4.29948	4.3	0.955306	65.7701	0	0.0142475	0.000972427	1.39518
0.00069624	8.20855e-09	8.20855e-09	0	0.0414158	4.29948	4.3	0.955306	65.7701	0	0.0144127	0.000984427	1.41147
0.000700241	8.25879e-09	8.25879e-09	0	0.0416538	4.29948	4.3	0.955306	65.7701	0	0.0145788	0.000996513	1.42785
0.000704243	8.30908e-09	8.30908e-09	0	0.0418918	4.29948	4.3	0.955306	65.7701	0	0.0147459	0.00100869	1.44433
0.000708244	8.35942e-09	8.35942e-09	0	0.0421299	4.29948	4.3	0.955306	65.7701	0	0.014914	0.00102095	1.4609
0.000712246	8.40981e-09	8.40981e-09	0	0.0423679	4.29948	4.3	0.955306	65.7701	0	0.015083	0.00103329	1.47756
0.000716247	8.46026e-09	8.46026e-09	0	0.0426059	4.29948	4.3	0.955306	65.7701	0	0.0152529	0.00104573	1.49431
0.000720249	8.51077e-09	8.51077e-09	0	0.0428439	4.29948	4.3	0.955306	65.7701	0	0.0154238	0.00105825	1.51116
0.00072425	8.56133e-09	8.56133e-09	0	0.0430819	4.29948	4.3	0.955306	65.7701	0	0.0155957	0.00107086	1.5281
0.000728252	8.61194e-09	8.61194e-09	0	0.04332	4.29948	4.3	0.955306	65.7701	0	0.0157685	0.00108356	1.54513
0.000732253	8.66261e-09	8.66261e-09	0	0.043558	4.29948	4.3	0.955306	65.7701	0	0.0159422	0.00109635	1.56226
0.000736255	8.71333e-09	8.71333e-09	0	0.043796	4.29948	4.3	0.955306	65.7701	0	0.0161169	0.00110922	1.57947
0.000740256	8.76411e-09	8.76411e-09	0	0.044034	4.29948	4.3	0.955306	65.7701	0	0.0162926	0.00112219	1.59678
0.000744258	8.81495e-09	8.81495e-09	0	0.0442721	4.29948	4.3	0.955306	65.7701	0	0.0164692	0.00113525	1.61419
0.000748259	8.86584e-09	8.86584e-09	0	0.0445101	4.29948	4.3	0.955306	65.7701	0	0.0166468	0.00114839	1.63168
0.000752261	8.91679e-09	8.91679e-09	0	0.0447481	4.29948	4.3	0.955306	65.7701	0	0.0168253	0.00116163	1.64927
0.000756262	8.9678e-09	8.9678e-09	0	0.0449861	4.29948	4.3	0.955306	65.7701	0	0.0170048	0.00117496	1.66695
0.000760264	9.01887e-09	9.01887e-09	0	0.0452241	4.29948	4.3	0.955306	65.7701	0	0.0171852	0.00118838	1.68472
0.000764265	9.06999e-09	9.06999e-09	0	0.0454622	4.29948	4.3	0.955306	65.7701	0	0.0173665	0.00120189	1.70259
0.000768267	9.12117e-09	9.12117e-09	0	0.0457002	4.29948	4.3	0.955306	65.7701	0	0.0175489	0.00121549	1.72054
0.000772268	9.17241e-09	9.17241e-09	0	0.0459382	4.29948	4.3	0.955306	65.7701	0	0.0177321	0.00122918	1.73859
0.00077627	9.2237e-09	9.2237e-09	0	0.0461762	4.29948	4.3	0.955306	65.7701	0	0.0179164	0.00124297	1.75673
0.000780271	9.27506e-09	9.27506e-09	0	0.0464143	4.29948	4.3	0.955306	65.7701	0	0.0181016	0.00125685	1.77497
0.000784273	9.32648e-09	9.32648e-09	0	0.0466523	4.29948	4.3	0.955306	65.7701	0	0.0182877	0.00127082	1.79329
0.000788274	9.37795e-09	9.37795e-09	0	0.0468903	4.29948	4.3	0.955306	65.7701	0	0.0184748	0.00128489	1.81171
0.000792276	9.42949e-09	9.42949e-09	0	0.0471283	4.29948	4.3	0.955306	65.7701	0	0.0186628	0.00129905	1.83022
0.000796277	9.48108e-09	9.48108e-09	0	0.0473663	4.29948	4.3	0.955306	65.7701	0	0.0188518	0.00131331	1.84883
0.000800279	9.53274e-09	9.53274e-09	0	0.0476044	4.29948	4.3	0.955306	65.7701	0	0.0190417	0.00132766	1.86752
0.00080428	9.58446e-09	9.58446e-09	0	0.0478424	4.29948	4.3	0.955306	65.7701	0	0.0192326	0.0013421	1.88631
0.000808282	9.63624e-09	9.63624e-09	0	0.0480804	4.29948	4.3	0.955306	65.7701	0	0.0194245	0.00135664	1.90519
0.000812283	9.68808e-09	9.68808e-09	0	0.0483184	4.29948	4.3	0.955306	65.7701	0	0.0196173	0.00137128	1.92416
0.000816285	9.73998e-09	9.73998e-09	0	0.0485564	4.29948	4.3	0.955306	65.7701	0	0.019811	0.00138601	1.94322
0.000820286	9.79195e-09	9.79195e-09	0	0.0487945	4.29948	4.3	0.955306	65.7701	0	0.0200057	0.00140084	1.96238
0.000824288	9.84397e-09	9.84397e-09	0	0.0490325	4.29948	4.3	0.955306	65.7701	0	0.0202014	0.00141576	1.98163
0.000828289	9.89606e-09	9.89606e-09	0	0.0492705	4.29948	4.3	0.955306	65.7701	0	0.020398	0.00143079	2.00097
0.000832291	9.94822e-09	9.94822e-09	0	0.0495085	4.29948	4.3	0.955306	65.7701	0	0.0205956	0.00144591	2.0204
0.000836292	1.00004e-08	1.00004e-08	0	0.0497466	4.29948	4.3	0.955306	65.7701	0	0.0207941	0.00146113	2.03992
0.000840294	1.00527e-08	1.00527e-08	0	0.0499846	4.29948	4.3	0.955306	65.7701	0	0.0209935	0.00147644	2.05954
0.000844295	1.01051e-08	1.01051e-08	0	0.0502226	4.29948	4.3	0.955306	65.7701	0	0.0211939	0.00149186	2.07924
0.000848297	1.01575e-08	1.01575e-08	0	0.0504606	4.29948	4.3	0.955306	65.7701	0	0.0213953	0.00150738	2.09904
0.000852298	1.02099e-08	1.02099e-08	0	0.0506986	4.29948	4.3	0.955306	65.7701	0	0.0215976	0.00152299	2.11893
0.0008563	1.02625e-08	1.02625e-08	0	0.0509367	4.29948	4.3	0.955306	65.7701	0	0.0218009	0.00153871	2.13892
0.000860301	1.03151e-08	1.03151e-08	0	0.0511747	4.29948	4.3	0.955306	65.7701	0	0.0220051	0.00155452	2.15899
0.000864303	1.03678e-08	1.03678e-08	0	0.0514127	4.29948	4.3	0.955306	65.7701	0	0.0222103	0.00157044	2.17916
0.000868304	1.04205e-08	1.04205e-08	0	0.0516507	4.29948	4.3	0.955306	65.7701	0	0.0224164	0.00158645	2.19941
0.000872306	1.04733e-08	1.04733e-08	0	0.0518888	4.29948	4.3	0.955306	65.7701	0	0.0226235	0.00160257	2.21976
0.000876308	1.05262e-08	1.05262e-08	0	0.0521268	4.29948	4.3	0.955306	65.7701	0	0.0228315	0.00161879	2.24021
0.000880309	1.05791e-08	1.05791e-08	0	0.0523648	4.29948	4.3	0.955306	65.7701	0	0.0230405	0.00163512	2.26074
0.000884311	1.06321e-08	1.06321e-08	0	0.0526028	4.29948	4.3	0.955306	65.7701	0	0.0232504	0.00165154	2.28136
0.000888312	1.06852e-08	1.06852e-08	0	0.0528408	4.29948	4.3	0.955306	65.7701	0	0.0234613	0.00166807	2.30208
0.000892314	1.07383e-08	1.07383e-08	0	0.0530789	4.29948	4.3	0.955306	65.7701	0	0.0236732	0.00168471	2.32288
0.000896315	1.07915e-08	1.07915e-08	0	0.0533169	4.29948	4.3	0.955306	65.7701	0	0.023886	0.00170144	2.34378
0.000900317	1.08448e-08	1.08448e-08	0	0.0535549	4.29948	4.3	0.955306	65.7701	0	0.0240997	0.00171828	2.36477
0.000904318	1.08982e-08	1.08982e-08	0	0.0537929	4.29948	4.3	0.955306	65.7701	0	0.0243144	0.00173523	2.38586
0.00090832	1.09516e-08	1.09516e-08	0	0.054031	4.29948	4.3	0.955306	65.7701	0	0.0245301	0.00175228	2.40703
0.000912322	1.10051e-08	1.10051e-08	0	0.054269	4.29948	4.3	0.955306	65.7701	0	0.0247467	0.00176944	2.42829
0.000916323	1.10586e-08	1.10586e-08	0	0.054507	4.29948	4.3	0.955306	65.7701	0	0.0249642	0.00178671	2.44965
0.000920325	1.11123e-08	1.11123e-08	0	0.054745	4.29948	4.3	0.955306	65.7701	0	0.0251827	0.00180408	2.47109
0.000924326	1.1166e-08	1.1166e-08	0	0.054983	4.29948	4.3	0.955306	65.7701	0	0.0254022	0.00182155	2.49263
0.000928328	1.12197e-08	1.12197e-08	0	0.0552211	4.29948	4.3	0.955306	65.7701	0	0.0256226	0.00183914	2.51426
0.000932329	1.12736e-08	1.12736e-08	0	0.0554591	4.29948	4.3	0.955306	65.7701	0	0.0258439	0.00185683	2.53598
0.000936331	1.13275e-08	1.13275e-08	0	0.0556971	4.29948	4.3	0.955306	65.7701	0	0.0260662	0.00187463	2.55779
0.000940333	1.13815e-08	1.13815e-08	0	0.0559351	4.29948	4.3	0.955306	65.7701	0	0.0262895	0.00189255	2.5797
0.000944334	1.14355e-08	1.14355e-08	0	0.0561731	4.29948	4.3	0.955306	65.7701	0	0.0265137	0.00191057	2.60169
0.000948336	1.14896e-08	1.14896e-08	0	0.0564112	4.29948	4.3	0.955306	65.7701	0	0.0267389	0.0019287	2.62377
0.000952337	1.15439e-08	1.15439e-08	0	0.0566492	4.29948	4.3	0.955306	65.7701	0	0.026965	0.00194694	2.64595
0.000956339	1.15981e-08	1.15981e-08	0	0.0568872	4.29948	4.3	0.955306	65.7701	0	0.0271921	0.00196529	2.66822
0.00096034	1.16525e-08	1.16525e-08	0	0.0571252	4.29948	4.3	0.955306	65.7701	0	0.0274201	0.00198375	2.69057
0.000964342	1.17069e-08	1.17069e-08	0	0.0573633	4.29948	4.3	0.955306	65.7701	0	0.0276491	0.00200232	2.71302
0.000968344	1.17614e-08	1.17614e-08	0	0.0576013	4.29948	4.3	0.955306	65.7701	0	0.027879	0.00202101	2.73556
0.000972345	1.1816e-08	1.1816e-08	0	0.0578393	4.29948	4.3	0.955306	65.7701	0	0.0281099	0.00203981	2.75819
0.000976347	1.18706e-08	1.18706e-08	0	0.0580773	4.29948	4.3	0.955306	65.7701	0	0.0283417	0.00205872	2.78091
0.000980348	1.19253e-08	1.19253e-08	0	0.0583153	4.29948	4.3	0.955306	65.7701	0	0.0285745	0.00207774	2.80372
0.00098435	1.19801e-08	1.19801e-08	0	0.0585534	4.29948	4.3	0.955306	65.7701	0	0.0288083	0.00209688	2.82663
0.000988352	1.2035e-08	1.2035e-08	0	0.0587914	4.29948	4.3	0.955306	65.7701	0	0.0290429	0.00211614	2.84962
0.000992353	1.209e-08	1.209e-08	0	0.0590294	4.29948	4.3	0.955306	65.7701	0	0.0292786	0.0021355	2.8727
0.000996355	1.2145e-08	1.2145e-08	0	0.0592674	4.29948	4.3	0.955306	65.7701	0	0.0295152	0.00215499	2.89588
0.00100036	1.22001e-08	1.22001e-08	0	0.0595055	4.29948	4.3	0.955306	65.7701	0	0.0297527	0.00217459	2.91914
0.00100436	1.22553e-08	1.22553e-08	0	0.0597435	4.29948	4.3	0.955306	65.7701	0	0.0299912	0.0021943	2.9425
0.00100836	1.23105e-08	1.23105e-08	0	0.0599815	4.29948	4.3	0.955306	65.7701	0	0.0302307	0.00221414	2.96594
0.00101236	1.23659e-08	1.23659e-08	0	0.0602195	4.29948	4.3	0.955306	65.7701	0	0.0304711	0.00223409	2.98948
0.00101636	1.24213e-08	1.24213e-08	0	0.0604575	4.29948	4.3	0.955306	65.7701	0	0.0307124	0.00225416	3.01311
0.00102036	1.24768e-08	1.24768e-08	0	0.0606956	4.29948	4.3	0.955306	65.7701	0	0.0309547	0.00227434	3.03682
0.00102437	1.25324e-08	1.25324e-08	0	0.0609336	4.29948	4.3	0.955306	65.7701	0	0.031198	0.00229465	3.06063
0.00102837	1.2588e-08	1.2588e-08	0	0.0611716	4.29948	4.3	0.955306	65.7701	0	0.0314422	0.00231507	3.08453
0.00103237	1.26438e-08	1.26438e-08	0	0.0614096	4.29948	4.3	0.955306	65.7701	0	0.0316874	0.00233562	3.10851
0.00103637	1.26996e-08	1.26996e-08	0	0.0616476	4.29948	4.3	0.955306	65.7701	0	0.0319335	0.00235628	3.13259
0.00104037	1.27555e-08	1.27555e-08	0	0.0618857	4.29948	4.3	0.955306	65.7701	0	0.0321805	0.00237707	3.15676
0.00104437	1.28114e-08	1.28114e-08	0	0.0621237	4.29948	4.3	0.955306	65.7701	0	0.0324286	0.00239798	3.18102
0.00104838	1.28675e-08	1.28675e-08	0	0.0623617	4.29948	4.3	0.955306	65.7701	0	0.0326775	0.00241901	3.20537
0.00105238	1.29236e-08	1.29236e-08	0	0.0625997	4.29948	4.3	0.955306	65.7701	0	0.0329275	0.00244016	3.2298
0.00105638	1.29798e-08	1.29798e-08	0	0.0628378	4.29948	4.3	0.955306	65.7701	0	0.0331783	0.00246144	3.25433
0.00106038	1.30361e-08	1.30361e-08	0	0.0630758	4.29948	4.3	0.955306	65.7701	0	0.0334302	0.00248284	3.27895
0.00106438	1.30925e-08	1.30925e-08	0	0.0633138	4.29948	4.3	0.955306	65.7701	0	0.0336829	0.00250436	3.30366
0.00106838	1.3149e-08	1.3149e-08	0	0.0635518	4.29948	4.3	0.955306	65.7701	0	0.0339367	0.00252601	3.32846
0.00107239	1.32055e-08	1.32055e-08	0	0.0637898	4.29948	4.3	0.955306	65.7701	0	0.0341914	0.00254778	3.35334
0.00107639	1.32622e-08	1.32622e-08	0	0.0640279	4.29948	4.3	0.955306	65.7701	0	0.034447	0.00256968	3.37832
0.00108039	1.33189e-08	1.33189e-08	0	0.0642659	4.29948	4.3	0.955306	65.7701	0	0.0347036	0.00259171	3.40339
0.00108439	1.33757e-08	1.33757e-08	0	0.0645039	4.29948	4.3	0.955306	65.7701	0	0.0349611	0.00261386	3.42855
0.00108839	1.34326e-08	1.34326e-08	0	0.0647419	4.29948	4.3	0.955306	65.7701	0	0.0352196	0.00263614	3.45379
0.00109239	1.34895e-08	1.34895e-08	0	0.06498	4.29948	4.3	0.955306	65.7701	0	0.0354791	0.00265855	3.47913
0.0010964	1.35466e-08	1.35466e-08	0	0.065218	4.29948	4.3	0.955306	65.7701	0	0.0357395	0.00268109	3.50455
0.0011004	1.36037e-08	1.36037e-08	0	0.065456	4.29948	4.3	0.955306	65.7701	0	0.0360008	0.00270375	3.53007
0.0011044	1.3661e-08	1.3661e-08	0	0.065694	4.29948	4.3	0.955306	65.7701	0	0.0362631	0.00272655	3.55567
0.0011084	1.37183e-08	1.37183e-08	0	0.065932	4.29948	4.3	0.955306	65.7701	0	0.0365264	0.00274947	3.58137
0.0011124	1.37757e-08	1.37757e-08	0	0.0661701	4.29948	4.3	0.955306	65.7701	0	0.0367906	0.00277253	3.60715
0.0011164	1.38332e-08	1.38332e-08	0	0.0664081	4.29948	4.3	0.955306	65.7701	0	0.0370557	0.00279572	3.63302
0.00112041	1.38907e-08	1.38907e-08	0	0.0666461	4.29948	4.3	0.955306	65.7701	0	0.0373218	0.00281904	3.65898
0.00112441	1.39484e-08	1.39484e-08	0	0.0668841	4.29948	4.3	0.955306	65.7701	0	0.0375889	0.00284249	3.68503
0.00112841	1.40061e-08	1.40061e-08	0	0.0671221	4.29948	4.3	0.955306	65.7701	0	0.0378569	0.00286607	3.71117
0.00113241	1.4064e-08	1.4064e-08	0	0.0673602	4.29948	4.3	0.955306	65.7701	0	0.0381259	0.00288979	3.7374
0.00113641	1.41219e-08	1.41219e-08	0	0.0675982	4.29948	4.3	0.955306	65.7701	0	0.0383958	0.00291365	3.76372
0.00114041	1.41799e-08	1.41799e-08	0	0.0678362	4.29948	4.3	0.955306	65.7701	0	0.0386666	0.00293763	3.79013
0.00114442	1.4238e-08	1.4238e-08	0	0.0680742	4.29948	4.3	0.955306	65.7701	0	0.0389385	0.00296176	3.81662
0.00114842	1.42962e-08	1.42962e-08	0	0.0683123	4.29948	4.3	0.955306	65.7701	0	0.0392112	0.00298602	3.84321
0.00115242	1.43545e-08	1.43545e-08	0	0.0685503	4.29948	4.3	0.955306	65.7701	0	0.039485	0.00301041	3.86988
0.00115642	1.44129e-08	1.44129e-08	0	0.0687883	4.29948	4.3	0.955306	65.7701	0	0.0397596	0.00303495	3.89665
0.00116042	1.44713e-08	1.44713e-08	0	0.0690263	4.29948	4.3	0.955306	65.7701	0	0.0400353	0.00305962	3.9235
0.00116442	1.45299e-08	1.45299e-08	0	0.0692643	4.29948	4.3	0.955306	65.7701	0	0.0403118	0.00308443	3.95044
0.00116843	1.45885e-08	1.45885e-08	0	0.0695024	4.29948	4.3	0.955306	65.7701	0	0.0405894	0.00310938	3.97747
0.00117243	1.46473e-08	1.46473e-08	0	0.0697404	4.29948	4.3	0.955306	65.7701	0	0.0408679	0.00313447	4.00458
0.00117643	1.47061e-08	1.47061e-08	0	0.0699784	4.29948	4.3	0.955306	65.7701	0	0.0411473	0.00315969	4.03179
0.00118043	1.4765e-08	1.4765e-08	0	0.0702164	4.29948	4.3	0.955306	65.7701	0	0.0414277	0.00318507	4.05908
0.00118443	1.4824e-08	1.4824e-08	0	0.0704545	4.29948	4.3	0.955306	65.7701	0	0.041709	0.00321058	4.08647
0.00118843	1.48831e-08	1.48831e-08	0	0.0706925	4.29948	4.3	0.955306	65.7701	0	0.0419913	0.00323623	4.11394
0.00119244	1.49423e-08	1.49423e-08	0	0.0709305	4.29948	4.3	0.955306	65.7701	0	0.0422746	0.00326203	4.1415
0.00119644	1.50016e-08	1.50016e-08	0	0.0711685	4.29948	4.3	0.955306	65.7701	0	0.0425588	0.00328797	4.16914
0.00120044	1.5061e-08	1.5061e-08	0	0.0714065	4.29948	4.3	0.955306	65.7701	0	0.0428439	0.00331405	4.19688
0.00120444	1.51205e-08	1.51205e-08	0	0.0716446	4.29948	4.3	0.955306	65.7701	0	0.04313	0.00334028	4.2247
0.00120844	1.51801e-08	1.51801e-08	0	0.0718826	4.29948	4.3	0.955306	65.7701	0	0.0434171	0.00336666	4.25262
0.00121245	1.52398e-08	1.52398e-08	0	0.0721206	4.29948	4.3	0.955306	65.7701	0	0.0437051	0.00339318	4.28062
0.00121645	1.52995e-08	1.52995e-08	0	0.0723586	4.29948	4.3	0.955306	65.7701	0	0.043994	0.00341985	4.30871
0.00122045	1.53594e-08	1.53594e-08	0	0.0725967	4.29948	4.3	0.955306	65.7701	0	0.044284	0.00344666	4.33688
0.00122445	1.54194e-08	1.54194e-08	0	0.0728347	4.29948	4.3	0.955306	65.7701	0	0.0445748	0.00347362	4.36515
0.00122845	1.54794e-08	1.54794e-08	0	0.0730727	4.29948	4.3	0.955306	65.7701	0	0.0448666	0.00350073	4.3935
0.00123245	1.55396e-08	1.55396e-08	0	0.0733107	4.29948	4.3	0.955306	65.7701	0	0.0451594	0.003528	4.42194
0.00123646	1.55998e-08	1.55998e-08	0	0.0735487	4.29948	4.3	0.955306	65.7701	0	0.0454531	0.00355541	4.45047
0.00124046	1.56602e-08	1.56602e-08	0	0.0737868	4.29948	4.3	0.955306	65.7701	0	0.0457478	0.00358297	4.47908
0.00124446	1.57206e-08	1.57206e-08	0	0.0740248	4.29948	4.3	0.955306	65.7701	0	0.0460434	0.00361068	4.50778
0.00124846	1.57812e-08	1.57812e-08	0	0.0742628	4.29948	4.3	0.955306	65.7701	0	0.04634	0.00363855	4.53657
0.00125246	1.58418e-08	1.58418e-08	0	0.0745008	4.29948	4.3	0.955306	65.7701	0	0.0466375	0.00366657	4.56545
0.00125646	1.59025e-08	1.59025e-08	0	0.0747388	4.29948	4.3	0.955306	65.7701	0	0.046936	0.00369474	4.59442
0.00126047	1.59634e-08	1.59634e-08	0	0.0749769	4.29948	4.3	0.955306	65.7701	0	0.0472354	0.00372306	4.62347
0.00126447	1.60243e-08	1.60243e-08	0	0.0752149	4.29948	4.3	0.955306	65.7701	0	0.0475358	0.00375155	4.65261
0.00126847	1.60854e-08	1.60854e-08	0	0.0754529	4.29948	4.3	0.955306	65.7701	0	0.0478371	0.00378018	4.68184
0.00127247	1.61465e-08	1.61465e-08	0	0.0756909	4.29948	4.3	0.955306	65.7701	0	0.0481394	0.00380897	4.71115
0.00127647	1.62078e-08	1.62078e-08	0	0.075929	4.29948	4.3	0.955306	65.7701	0	0.0484427	0.00383792	4.74055
0.00128048	1.62691e-08	1.62691e-08	0	0.076167	4.29948	4.3	0.955306	65.7701	0	0.0487469	0.00386703	4.77004
0.00128448	1.63306e-08	1.63306e-08	0	0.076405	4.29948	4.3	0.955306	65.7701	0	0.049052	0.0038963	4.79961
0.00128848	1.63921e-08	1.63921e-08	0	0.076643	4.29948	4.3	0.955306	65.7701	0	0.0493581	0.00392572	4.82928
0.00129248	1.64538e-08	1.64538e-08	0	0.076881	4.29948	4.3	0.955306	65.7701	0	0.0496652	0.00395531	4.85903
0.00129648	1.65155e-08	1.65155e-08	0	0.0771191	4.29948	4.3	0.955306	65.7701	0	0.0499732	0.00398505	4.88886
0.00130048	1.65774e-08	1.65774e-08	0	0.0773571	4.29948	4.3	0.955306	65.7701	0	0.0502821	0.00401496	4.91878
0.00130449	1.66393e-08	1.66393e-08	0	0.0775951	4.29948	4.3	0.955306	65.7701	0	0.050592	0.00404503	4.94879
0.00130849	1.67014e-08	1.67014e-08	0	0.0778331	4.29948	4.3	0.955306	65.7701	0	0.0509029	0.00407526	4.97889
0.00131249	1.67636e-08	1.67636e-08	0	0.0780712	4.29948	4.3	0.955306	65.7701	0	0.0512147	0.00410565	5.00907
0.00131649	1.68258e-08	1.68258e-08	0	0.0783092	4.29948	4.3	0.955306	65.7701	0	0.0515274	0.00413621	5.03934
0.00132049	1.68882e-08	1.68882e-08	0	0.0785472	4.29948	4.3	0.955306	65.7701	0	0.0518411	0.00416694	5.0697
0.0013245	1.69507e-08	1.69507e-08	0	0.0787852	4.29948	4.3	0.955306	65.7701	0	0.0521558	0.00419783	5.10014
0.0013285	1.70133e-08	1.70133e-08	0	0.0790232	4.29948	4.3	0.955306	65.7701	0	0.0524714	0.00422888	5.13066
0.0013325	1.7076e-08	1.7076e-08	0	0.0792613	4.29948	4.3	0.955306	65.7701	0	0.052788	0.00426011	5.16128
0.0013365	1.71388e-08	1.71388e-08	0	0.0794993	4.29948	4.3	0.955306	65.7701	0	0.0531055	0.0042915	5.19198
0.0013405	1.72017e-08	1.72017e-08	0	0.0797373	4.29948	4.3	0.955306	65.7701	0	0.053424	0.00432306	5.22276
0.0013445	1.72647e-08	1.72647e-08	0	0.0799753	4.29948	4.3	0.955306	65.7701	0	0.0537434	0.00435479	5.25364
0.00134851	1.73278e-08	1.73278e-08	0	0.0802133	4.29948	4.3	0.955306	65.7701	0	0.0540638	0.00438669	5.28459
0.00135251	1.7391e-08	1.7391e-08	0	0.0804514	4.29948	4.3	0.955306	65.7701	0	0.0543851	0.00441876	5.31564
0.00135651	1.74544e-08	1.74544e-08	0	0.0806894	4.29948	4.3	0.955306	65.7701	0	0.0547074	0.004451	5.34677
0.00136051	1.75178e-08	1.75178e-08	0	0.0809274	4.29948	4.3	0.955306	65.7701	0	0.0550306	0.00448342	5.37798
0.00136451	1.75814e-08	1.75814e-08	0	0.0811654	4.29948	4.3	0.955306	65.7701	0	0.0553548	0.00451601	5.40928
0.00136852	1.7645e-08	1.7645e-08	0	0.0814035	4.29948	4.3	0.955306	65.7701	0	0.05568	0.00454877	5.44067
0.00137252	1.77088e-08	1.77088e-08	0	0.0816415	4.29948	4.3	0.955306	65.7701	0	0.0560061	0.00458171	5.47214
0.00137652	1.77727e-08	1.77727e-08	0	0.0818795	4.29948	4.3	0.955306	65.7701	0	0.0563331	0.00461483	5.5037
0.00138052	1.78367e-08	1.78367e-08	0	0.0821175	4.29948	4.3	0.955306	65.7701	0	0.0566611	0.00464812	5.53534
0.00138452	1.79008e-08	1.79008e-08	0	0.0823555	4.29948	4.3	0.955306	65.7701	0	0.05699	0.00468159	5.56707
0.00138852	1.7965e-08	1.7965e-08	0	0.0825936	4.29948	4.3	0.955306	65.7701	0	0.0573199	0.00471523	5.59889
0.00139253	1.80293e-08	1.80293e-08	0	0.0828316	4.29948	4.3	0.955306	65.7701	0	0.0576508	0.00474906	5.63078
0.00139653	1.80937e-08	1.80937e-08	0	0.0830696	4.29948	4.3	0.955306	65.7701	0	0.0579826	0.00478306	5.66277
0.00140053	1.81583e-08	1.81583e-08	0	0.0833076	4.29948	4.3	0.955306	65.7701	0	0.0583153	0.00481725	5.69484
0.00140453	1.82229e-08	1.82229e-08	0	0.0835457	4.29948	4.3	0.955306	65.7701	0	0.058649	0.00485162	5.72699
0.00140853	1.82877e-08	1.82877e-08	0	0.0837837	4.29948	4.3	0.955306	65.7701	0	0.0589837	0.00488617	5.75923
0.00141254	1.83526e-08	1.83526e-08	0	0.0840217	4.29948	4.3	0.955306	65.7701	0	0.0593193	0.0049209	5.79155
0.00141654	1.84176e-08	1.84176e-08	0	0.0842597	4.29948	4.3	0.955306	65.7701	0	0.0596559	0.00495582	5.82396
0.00142054	1.84827e-08	1.84827e-08	0	0.0844977	4.29948	4.3	0.955306	65.7701	0	0.0599934	0.00499092	5.85645
0.00142454	1.85479e-08	1.85479e-08	0	0.0847358	4.29948	4.3	0.955306	65.7701	0	0.0603319	0.00502621	5.88903
0.00142854	1.86133e-08	1.86133e-08	0	0.0849738	4.29948	4.3	0.955306	65.7701	0	0.0606713	0.00506169	5.92169
0.00143255	1.86787e-08	1.86787e-08	0	0.0852118	4.29948	4.3	0.955306	65.7701	0	0.0610117	0.00509735	5.95443
0.00143655	1.87443e-08	1.87443e-08	0	0.0854498	4.29948	4.3	0.955306	65.7701	0	0.061353	0.0051332	5.98726
0.00144055	1.881e-08	1.881e-08	0	0.0856879	4.29948	4.3	0.955306	65.7701	0	0.0616953	0.00516924	6.02018
0.00144455	1.88758e-08	1.88758e-08	0	0.0859259	4.29948	4.3	0.955306	65.7701	0	0.0620385	0.00520547	6.05317
0.00144855	1.89417e-08	1.89417e-08	0	0.0861639	4.29948	4.3	0.955306	65.7701	0	0.0623827	0.00524189	6.08626
0.00145256	1.90077e-08	1.90077e-08	0	0.0864019	4.29948	4.3	0.955306	65.7701	0	0.0627278	0.00527851	6.11942
0.00145656	1.90739e-08	1.90739e-08	0	0.0866399	4.29948	4.3	0.955306	65.7701	0	0.0630739	0.00531531	6.15267
0.00146056	1.91402e-08	1.91402e-08	0	0.086878	4.29948	4.3	0.955306	65.7701	0	0.0634209	0.00535231	6.18601
0.00146456	1.92066e-08	1.92066e-08	0	0.087116	4.29948	4.3	0.955306	65.7701	0	0.0637689	0.00538951	6.21942
0.00146856	1.92731e-08	1.92731e-08	0	0.087354	4.29948	4.3	0.955306	65.7701	0	0.0641178	0.0054269	6.25292
0.00147257	1.93397e-08	1.93397e-08	0	0.087592	4.29948	4.3	0.955306	65.7701	0	0.0644677	0.00546448	6.28651
0.00147657	1.94064e-08	1.94064e-08	0	0.08783	4.29948	4.3	0.955306	65.7701	0	0.0648186	0.00550226	6.32018
0.00148057	1.94733e-08	1.94733e-08	0	0.0880681	4.29948	4.3	0.955306	65.7701	0	0.0651704	0.00554024	6.35393
0.00148457	1.95403e-08	1.95403e-08	0	0.0883061	4.29948	4.3	0.955306	65.7701	0	0.0655231	0.00557842	6.38776
0.00148857	1.96074e-08	1.96074e-08	0	0.0885441	4.29948	4.3	0.955306	65.7701	0	0.0658768	0.0056168	6.42168
0.00149257	1.96746e-08	1.96746e-08	0	0.0887821	4.29948	4.3	0.955306	65.7701	0	0.0662315	0.00565539	6.45568
0.00149658	1.97419e-08	1.97419e-08	0	0.0890202	4.29948	4.3	0.955306	65.7701	0	0.0665871	0.00569417	6.48977
0.00150058	1.98094e-08	1.98094e-08	0	0.0892582	4.29948	4.3	0.955306	65.7701	0	0.0669436	0.00573315	6.52393
0.00150458	1.9877e-08	1.9877e-08	0	0.0894962	4.29948	4.3	0.955306	65.7701	0	0.0673011	0.00577234	6.55818
0.00150858	1.99447e-08	1.99447e-08	0	0.0897342	4.29948	4.3	0.955306	65.7701	0	0.0676596	0.00581174	6.59251
0.00151258	2.00125e-08	2.00125e-08	0	0.0899722	4.29948	4.3	0.955306	65.7701	0	0.068019	0.00585133	6.62693
0.00151659	2.00805e-08	2.00805e-08	0	0.0902103	4.29948	4.3	0.955306	65.7701	0	0.0683794	0.00589114	6.66143
0.00152059	2.01486e-08	2.01486e-08	0	0.0904483	4.29948	4.3	0.955306	65.7701	0	0.0687407	0.00593115	6.69601
0.00152459	2.02168e-08	2.02168e-08	0	0.0906863	4.29948	4.3	0.955306	65.7701	0	0.069103	0.00597137	6.73067
0.00152859	2.02851e-08	2.02851e-08	0	0.0909243	4.29948	4.3	0.955306	65.7701	0	0.0694662	0.0060118	6.76541
0.00153259	2.03536e-08	2.03536e-08	0	0.0911624	4.29948	4.3	0.955306	65.7701	0	0.0698304	0.00605244	6.80024
0.0015366	2.04221e-08	2.04221e-08	0	0.0914004	4.29948	4.3	0.955306	65.7701	0	0.0701955	0.0060933	6.83515
0.0015406	2.04908e-08	2.04908e-08	0	0.0916384	4.29948	4.3	0.955306	65.7701	0	0.0705616	0.00613436	6.87014
0.0015446	2.05597e-08	2.05597e-08	0	0.0918764	4.29948	4.3	0.955306	65.7701	0	0.0709286	0.00617564	6.90521
0.0015486	2.06286e-08	2.06286e-08	0	0.0921144	4.29948	4.3	0.955306	65.7701	0	0.0712966	0.00621713	6.94037
0.0015526	2.06977e-08	2.06977e-08	0	0.0923525	4.29948	4.3	0.955306	65.7701	0	0.0716655	0.00625884	6.97561
0.00155661	2.07669e-08	2.07669e-08	0	0.0925905	4.29948	4.3	0.955306	65.7701	0	0.0720354	0.00630076	7.01092
0.00156061	2.08362e-08	2.08362e-08	0	0.0928285	4.29948	4.3	0.955306	65.7701	0	0.0724062	0.0063429	7.04632
0.00156461	2.09057e-08	2.09057e-08	0	0.0930665	4.29948	4.3	0.955306	65.7701	0	0.072778	0.00638526	7.08181
0.00156861	2.09753e-08	2.09753e-08	0	0.0933045	4.29948	4.3	0.955306	65.7701	0	0.0731508	0.00642784	7.11737
0.00157261	2.1045e-08	2.1045e-08	0	0.0935426	4.29948	4.3	0.955306	65.7701	0	0.0735245	0.00647064	7.15301
0.00157662	2.11148e-08	2.11148e-08	0	0.0937806	4.29948	4.3	0.955306	65.7701	0	0.0738991	0.00651366	7.18874
0.00158062	2.11848e-08	2.11848e-08	0	0.0940186	4.29948	4.3	0.955306	65.7701	0	0.0742747	0.0065569	7.22454
0.00158462	2.12549e-08	2.12549e-08	0	0.0942566	4.29948	4.3	0.955306	65.7701	0	0.0746513	0.00660036	7.26043
0.00158862	2.13251e-08	2.13251e-08	0	0.0944947	4.29948	4.3	0.955306	65.7701	0	0.0750288	0.00664405	7.2964
0.00159263	2.13955e-08	2.13955e-08	0	0.0947327	4.29948	4.3	0.955306	65.7701	0	0.0754072	0.00668797	7.33245
0.00159663	2.1466e-08	2.1466e-08	0	0.0949707	4.29948	4.3	0.955306	65.7701	0	0.0757866	0.00673211	7.36858
0.00160063	2.15366e-08	2.15366e-08	0	0.0952087	4.29948	4.3	0.955306	65.7701	0	0.076167	0.00677648	7.40479
0.00160463	2.16073e-08	2.16073e-08	0	0.0954467	4.29948	4.3	0.955306	65.7701	0	0.0765483	0.00682107	7.44108
0.00160863	2.16782e-08	2.16782e-08	0	0.0956848	4.29948	4.3	0.955306	65.7701	0	0.0769306	0.0068659	7.47745
0.00161264	2.17492e-08	2.17492e-08	0	0.0959228	4.29948	4.3	0.955306	65.7701	0	0.0773138	0.00691096	7.5139
0.00161664	2.18204e-08	2.18204e-08	0	0.0961608	4.29948	4.3	0.955306	65.7701	0	0.0776979	0.00695625	7.55043
0.00162064	2.18917e-08	2.18917e-08	0	0.0963988	4.29948	4.3	0.955306	65.7701	0	0.0780831	0.00700177	7.58704
0.00162464	2.19631e-08	2.19631e-08	0	0.0966369	4.29948	4.3	0.955306	65.7701	0	0.0784691	0.00704752	7.62373
0.00162864	2.20346e-08	2.20346e-08	0	0.0968749	4.29948	4.3	0.955306	65.7701	0	0.0788561	0.00709352	7.6605
0.00163265	2.21063e-08	2.21063e-08	0	0.0971129	4.29948	4.3	0.955306	65.7701	0	0.0792441	0.00713974	7.69735
0.00163665	2.21781e-08	2.21781e-08	0	0.0973509	4.29948	4.3	0.955306	65.7701	0	0.0796331	0.00718621	7.73428
0.00164065	2.22501e-08	2.22501e-08	0	0.0975889	4.29948	4.3	0.955306	65.7701	0	0.0800229	0.00723291	7.77129
0.00164465	2.23222e-08	2.23222e-08	0	0.097827	4.29948	4.3	0.955306	65.7701	0	0.0804138	0.00727985	7.80838
0.00164865	2.23944e-08	2.23944e-08	0	0.098065	4.29948	4.3	0.955306	65.7701	0	0.0808055	0.00732703	7.84555
0.00165266	2.24667e-08	2.24667e-08	0	0.098303	4.29948	4.3	0.955306	65.7701	0	0.0811983	0.00737445	7.8828
0.00165666	2.25392e-08	2.25392e-08	0	0.098541	4.29948	4.3	0.955306	65.7701	0	0.081592	0.00742212	7.92012
0.00166066	2.26118e-08	2.26118e-08	0	0.0987791	4.29948	4.3	0.955306	65.7701	0	0.0819866	0.00747003	7.95753
0.00166466	2.26846e-08	2.26846e-08	0	0.0990171	4.29948	4.3	0.955306	65.7701	0	0.0823822	0.00751818	7.99501
0.00166866	2.27575e-08	2.27575e-08	0	0.0992551	4.29948	4.3	0.955306	65.7701	0	0.0827787	0.00756658	8.03258
0.00167267	2.28306e-08	2.28306e-08	0	0.0994931	4.29948	4.3	0.955306	65.7701	0	0.0831762	0.00761523	8.07022
0.00167667	2.29037e-08	2.29037e-08	0	0.0997311	4.29948	4.3	0.955306	65.7701	0	0.0835747	0.00766413	8.10794
0.00168067	2.2977e-08	2.2977e-08	0	0.0999692	4.29948	4.3	0.955306	65.7701	0	0.0839741	0.00771327	8.14574
0.00168467	2.30505e-08	2.30505e-08	0	0.100207	4.29948	4.3	0.955306	65.7701	0	0.0843744	0.00776267	8.18362
0.00168868	2.31241e-08	2.31241e-08	0	0.100445	4.29948	4.3	0.955306	65.7701	0	0.0847758	0.00781232	8.22157
0.00169268	2.31978e-08	2.31978e-08	0	0.100683	4.29948	4.3	0.955306	65.7701	0	0.085178	0.00786222	8.2596
0.00169668	2.32717e-08	2.32717e-08	0	0.100921	4.29948	4.3	0.955306	65.7701	0	0.0855812	0.00791237	8.29772
0.00170068	2.33457e-08	2.33457e-08	0	0.101159	4.29948	4.3	0.955306	65.7701	0	0.0859854	0.00796278	8.3359
0.00170468	2.34199e-08	2.34199e-08	0	0.101397	4.29948	4.3	0.955306	65.7701	0	0.0863905	0.00801345	8.37417
0.00170869	2.34942e-08	2.34942e-08	0	0.101635	4.29948	4.3	0.955306	65.7701	0	0.0867966	0.00806437	8.41252
0.00171269	2.35686e-08	2.35686e-08	0	0.101873	4.29948	4.3	0.955306	65.7701	0	0.0872036	0.00811556	8.45094
0.00171669	2.36432e-08	2.36432e-08	0	0.102111	4.29948	4.3	0.955306	65.7701	0	0.0876115	0.008167	8.48944
0.00172069	2.37179e-08	2.37179e-08	0	0.102349	4.29948	4.3	0.955306	65.7701	0	0.0880205	0.0082187	8.52801
0.0017247	2.37928e-08	2.37928e-08	0	0.102587	4.29948	4.3	0.955306	65.7701	0	0.0884303	0.00827067	8.56667
0.0017287	2.38678e-08	2.38678e-08	0	0.102825	4.29948	4.3	0.955306	65.7701	0	0.0888412	0.0083229	8.6054
0.0017327	2.39429e-08	2.39429e-08	0	0.103063	4.29948	4.3	0.955306	65.7701	0	0.0892529	0.0083754	8.6442
0.0017367	2.40182e-08	2.40182e-08	0	0.103301	4.29948	4.3	0.955306	65.7701	0	0.0896657	0.00842816	8.68309
0.0017407	2.40937e-08	2.40937e-08	0	0.103539	4.29948	4.3	0.955306	65.7701	0	0.0900794	0.00848119	8.72205
0.00174471	2.41693e-08	2.41693e-08	0	0.103778	4.29948	4.3	0.955306	65.7701	0	0.090494	0.00853448	8.76109
0.00174871	2.4245e-08	2.4245e-08	0	0.104016	4.29948	4.3	0.955306	65.7701	0	0.0909096	0.00858805	8.8002
0.00175271	2.43209e-08	2.43209e-08	0	0.104254	4.29948	4.3	0.955306	65.7701	0	0.0913261	0.00864189	8.83939
0.00175671	2.43969e-08	2.43969e-08	0	0.104492	4.29948	4.3	0.955306	65.7701	0	0.0917436	0.008696	8.87866
0.00176072	2.44731e-08	2.44731e-08	0	0.10473	4.29948	4.3	0.955306	65.7701	0	0.092162	0.00875038	8.918
0.00176472	2.45494e-08	2.45494e-08	0	0.104968	4.29948	4.3	0.955306	65.7701	0	0.0925814	0.00880504	8.95742
0.00176872	2.46258e-08	2.46258e-08	0	0.105206	4.29948	4.3	0.955306	65.7701	0	0.0930018	0.00885998	8.99691
0.00177272	2.47025e-08	2.47025e-08	0	0.105444	4.29948	4.3	0.955306	65.7701	0	0.0934231	0.00891519	9.03648
0.00177672	2.47792e-08	2.47792e-08	0	0.105682	4.29948	4.3	0.955306	65.7701	0	0.0938453	0.00897068	9.07612
0.00178073	2.48561e-08	2.48561e-08	0	0.10592	4.29948	4.3	0.955306	65.7701	0	0.0942685	0.00902645	9.11584
0.00178473	2.49332e-08	2.49332e-08	0	0.106158	4.29948	4.3	0.955306	65.7701	0	0.0946927	0.0090825	9.15564
0.00178873	2.50104e-08	2.50104e-08	0	0.106396	4.29948	4.3	0.955306	65.7701	0	0.0951178	0.00913884	9.19551
0.00179273	2.50877e-08	2.50877e-08	0	0.106634	4.29948	4.3	0.955306	65.7701	0	0.0955439	0.00919546	9.23545
0.00179674	2.51652e-08	2.51652e-08	0	0.106872	4.29948	4.3	0.955306	65.7701	0	0.0959709	0.00925236	9.27547
0.00180074	2.52429e-08	2.52429e-08	0	0.10711	4.29948	4.3	0.955306	65.7701	0	0.0963988	0.00930955	9.31557
0.00180474	2.53207e-08	2.53207e-08	0	0.107348	4.29948	4.3	0.955306	65.7701	0	0.0968277	0.00936703	9.35574
0.00180874	2.53987e-08	2.53987e-08	0	0.107586	4.29948	4.3	0.955306	65.7701	0	0.0972576	0.00942479	9.39598
0.00181274	2.54768e-08	2.54768e-08	0	0.107824	4.29948	4.3	0.955306	65.7701	0	0.0976884	0.00948285	9.4363
0.00181675	2.5555e-08	2.5555e-08	0	0.108062	4.29948	4.3	0.955306	65.7701	0	0.0981202	0.0095412	9.47669
0.00182075	2.56334e-08	2.56334e-08	0	0.1083	4.29948	4.3	0.955306	65.7701	0	0.0985529	0.00959984	9.51716
0.00182475	2.5712e-08	2.5712e-08	0	0.108538	4.29948	4.3	0.955306	65.7701	0	0.0989866	0.00965878	9.5577
0.00182875	2.57907e-08	2.57907e-08	0	0.108776	4.29948	4.3	0.955306	65.7701	0	0.0994212	0.00971801	9.59831
0.00183276	2.58696e-08	2.58696e-08	0	0.109014	4.29948	4.3	0.955306	65.7701	0	0.0998568	0.00977754	9.639
0.00183676	2.59486e-08	2.59486e-08	0	0.109252	4.29948	4.3	0.955306	65.7701	0	0.100293	0.00983737	9.67976
0.00184076	2.60278e-08	2.60278e-08	0	0.10949	4.29948	4.3	0.955306	65.7701	0	0.100731	0.0098975	9.72059
0.00184476	2.61071e-08	2.61071e-08	0	0.109728	4.29948	4.3	0.955306	65.7701	0	0.101169	0.00995793	9.7615
0.00184877	2.61866e-08	2.61866e-08	0	0.109966	4.29948	4.3	0.955306	65.7701	0	0.101609	0.0100187	9.80248
0.00185277	2.62663e-08	2.62663e-08	0	0.110204	4.29948	4.3	0.955306	65.7701	0	0.102049	0.0100797	9.84353
0.00185677	2.63461e-08	2.63461e-08	0	0.110442	4.29948	4.3	0.955306	65.7701	0	0.10249	0.010141	9.88466
0.00186077	2.6426e-08	2.6426e-08	0	0.11068	4.29948	4.3	0.955306	65.7701	0	0.102933	0.0102027	9.92586
0.00186477	2.65062e-08	2.65062e-08	0	0.110918	4.29948	4.3	0.955306	65.7701	0	0.103376	0.0102646	9.96713
0.00186878	2.65864e-08	2.65864e-08	0	0.111156	4.29948	4.3	0.955306	65.7701	0	0.10382	0.0103269	10.0085
0.00187278	2.66669e-08	2.66669e-08	0	0.111394	4.29948	4.3	0.955306	65.7701	0	0.104265	0.0103895	10.0499
0.00187678	2.67475e-08	2.67475e-08	0	0.111632	4.29948	4.3	0.955306	65.7701	0	0.104711	0.0104524	10.0914
0.00188078	2.68282e-08	2.68282e-08	0	0.11187	4.29948	4.3	0.955306	65.7701	0	0.105158	0.0105156	10.1329
0.00188479	2.69091e-08	2.69091e-08	0	0.112108	4.29948	4.3	0.955306	65.7701	0	0.105606	0.0105791	10.1746
0.00188879	2.69902e-08	2.69902e-08	0	0.112346	4.29948	4.3	0.955306	65.7701	0	0.106055	0.0106429	10.2163
0.00189279	2.70714e-08	2.70714e-08	0	0.112584	4.29948	4.3	0.955306	65.7701	0	0.106505	0.0107071	10.258
0.00189679	2.71528e-08	2.71528e-08	0	0.112822	4.29948	4.3	0.955306	65.7701	0	0.106956	0.0107716	10.2999
0.0019008	2.72343e-08	2.72343e-08	0	0.11306	4.29948	4.3	0.955306	65.7701	0	0.107407	0.0108364	10.3418
0.0019048	2.7316e-08	2.7316e-08	0	0.113298	4.29948	4.3	0.955306	65.7701	0	0.10786	0.0109015	10.3838
0.0019088	2.73979e-08	2.73979e-08	0	0.113536	4.29948	4.3	0.955306	65.7701	0	0.108314	0.0109669	10.4258
0.0019128	2.74799e-08	2.74799e-08	0	0.113774	4.29948	4.3	0.955306	65.7701	0	0.108768	0.0110327	10.468
0.00191681	2.75621e-08	2.75621e-08	0	0.114012	4.29948	4.3	0.955306	65.7701	0	0.109224	0.0110988	10.5102
0.00192081	2.76445e-08	2.76445e-08	0	0.11425	4.29948	4.3	0.955306	65.7701	0	0.10968	0.0111652	10.5524
0.00192481	2.7727e-08	2.7727e-08	0	0.114488	4.29948	4.3	0.955306	65.7701	0	0.110138	0.011232	10.5948
0.00192881	2.78097e-08	2.78097e-08	0	0.114727	4.29948	4.3	0.955306	65.7701	0	0.110596	0.0112991	10.6372
0.00193282	2.78925e-08	2.78925e-08	0	0.114965	4.29948	4.3	0.955306	65.7701	0	0.111056	0.0113665	10.6797
0.00193682	2.79755e-08	2.79755e-08	0	0.115203	4.29948	4.3	0.955306	65.7701	0	0.111516	0.0114342	10.7222
0.00194082	2.80587e-08	2.80587e-08	0	0.115441	4.29948	4.3	0.955306	65.7701	0	0.111977	0.0115023	10.7648
0.00194482	2.81421e-08	2.81421e-08	0	0.115679	4.29948	4.3	0.955306	65.7701	0	0.11244	0.0115708	10.8075
0.00194882	2.82256e-08	2.82256e-08	0	0.115917	4.29948	4.3	0.955306	65.7701	0	0.112903	0.0116395	10.8503
0.00195283	2.83092e-08	2.83092e-08	0	0.116155	4.29948	4.3	0.955306	65.7701	0	0.113367	0.0117086	10.8931
0.00195683	2.83931e-08	2.83931e-08	0	0.116393	4.29948	4.3	0.955306	65.7701	0	0.113832	0.0117781	10.936
0.00196083	2.84771e-08	2.84771e-08	0	0.116631	4.29948	4.3	0.955306	65.7701	0	0.114298	0.0118479	10.979
0.00196483	2.85612e-08	2.85612e-08	0	0.116869	4.29948	4.3	0.955306	65.7701	0	0.114765	0.011918	11.022
0.00196884	2.86456e-08	2.86456e-08	0	0.117107	4.29948	4.3	0.955306	65.7701	0	0.115233	0.0119885	11.0651
0.00197284	2.87301e-08	2.87301e-08	0	0.117345	4.29948	4.3	0.955306	65.7701	0	0.115702	0.0120594	11.1083
0.00197684	2.88148e-08	2.88148e-08	0	0.117583	4.29948	4.3	0.955306	65.7701	0	0.116172	0.0121305	11.1515
0.00198084	2.88996e-08	2.88996e-08	0	0.117821	4.29948	4.3	0.955306	65.7701	0	0.116643	0.0122021	11.1948
0.00198485	2.89846e-08	2.89846e-08	0	0.118059	4.29948	4.3	0.955306	65.7701	0	0.117114	0.012274	11.2382
0.00198885	2.90698e-08	2.90698e-08	0	0.118297	4.29948	4.3	0.955306	65.7701	0	0.117587	0.0123462	11.2816
0.00199285	2.91552e-08	2.91552e-08	0	0.118535	4.29948	4.3	0.955306	65.7701	0	0.118061	0.0124188	11.3251
0.00199685	2.92407e-08	2.92407e-08	0	0.118773	4.29948	4.3	0.955306	65.7701	0	0.118535	0.0124918	11.3687
0.00200086	2.93264e-08	2.93264e-08	0	0.119011	4.29948	4.3	0.955306	65.7701	0	0.119011	0.0125651	11.4124
0.00200486	2.94122e-08	2.94122e-08	0	0.119249	4.29948	4.3	0.955306	65.7701	0	0.119487	0.0126388	11.4561
0.00200886	2.94983e-08	2.94983e-08	0	0.119487	4.29948	4.3	0.955306	65.7701	0	0.119965	0.0127129	11.4998
0.00201286	2.95845e-08	2.95845e-08	0	0.119725	4.29948	4.3	0.955306	65.7701	0	0.120443	0.0127873	11.5437
0.00201687	2.96709e-08	2.96709e-08	0	0.119963	4.29948	4.3	0.955306	65.7701	0	0.120923	0.0128621	11.5876
0.00202087	2.97574e-08	2.97574e-08	0	0.120201	4.29948	4.3	0.955306	65.7701	0	0.121403	0.0129372	11.6316
0.00202487	2.98442e-08	2.98442e-08	0	0.120439	4.29948	4.3	0.955306	65.7701	0	0.121884	0.0130127	11.6756
0.00202887	2.99311e-08	2.99311e-08	0	0.120677	4.29948	4.3	0.955306	65.7701	0	0.122367	0.0130886	11.7197
0.00203288	3.00181e-08	3.00181e-08	0	0.120915	4.29948	4.3	0.955306	65.7701	0	0.12285	0.0131649	11.7639
0.00203688	3.01054e-08	3.01054e-08	0	0.121153	4.29948	4.3	0.955306	65.7701	0	0.123334	0.0132415	11.8081
0.00204088	3.01928e-08	3.01928e-08	0	0.121391	4.29948	4.3	0.955306	65.7701	0	0.123819	0.0133186	11.8524
0.00204488	3.02804e-08	3.02804e-08	0	0.121629	4.29948	4.3	0.955306	65.7701	0	0.124305	0.013396	11.8968
0.00204889	3.03682e-08	3.03682e-08	0	0.121867	4.29948	4.3	0.955306	65.7701	0	0.124792	0.0134737	11.9412
0.00205289	3.04562e-08	3.04562e-08	0	0.122105	4.29948	4.3	0.955306	65.7701	0	0.12528	0.0135519	11.9857
0.00205689	3.05443e-08	3.05443e-08	0	0.122343	4.29948	4.3	0.955306	65.7701	0	0.125769	0.0136305	12.0303
0.0020609	3.06326e-08	3.06326e-08	0	0.122581	4.29948	4.3	0.955306	65.7701	0	0.126259	0.0137094	12.0749
0.0020649	3.07211e-08	3.07211e-08	0	0.122819	4.29948	4.3	0.955306	65.7701	0	0.126749	0.0137887	12.1196
0.0020689	3.08097e-08	3.08097e-08	0	0.123057	4.29948	4.3	0.955306	65.7701	0	0.127241	0.0138684	12.1644
0.0020729	3.08986e-08	3.08986e-08	0	0.123295	4.29948	4.3	0.955306	65.7701	0	0.127734	0.0139485	12.2092
0.00207691	3.09876e-08	3.09876e-08	0	0.123533	4.29948	4.3	0.955306	65.7701	0	0.128228	0.014029	12.2541
0.00208091	3.10768e-08	3.10768e-08	0	0.123771	4.29948	4.3	0.955306	65.7701	0	0.128722	0.0141099	12.299
0.00208491	3.11662e-08	3.11662e-08	0	0.124009	4.29948	4.3	0.955306	65.7701	0	0.129218	0.0141912	12.344
0.00208891	3.12558e-08	3.12558e-08	0	0.124247	4.29948	4.3	0.955306	65.7701	0	0.129714	0.0142728	12.3891
0.00209292	3.13455e-08	3.13455e-08	0	0.124485	4.29948	4.3	0.955306	65.7701	0	0.130212	0.0143549	12.4342
0.00209692	3.14354e-08	3.14354e-08	0	0.124723	4.29948	4.3	0.955306	65.7701	0	0.13071	0.0144374	12.4794
0.00210092	3.15255e-08	3.15255e-08	0	0.124961	4.29948	4.3	0.955306	65.7701	0	0.13121	0.0145203	12.5247
0.00210492	3.16158e-08	3.16158e-08	0	0.125199	4.29948	4.3	0.955306	65.7701	0	0.13171	0.0146036	12.57
0.00210893	3.17063e-08	3.17063e-08	0	0.125437	4.29948	4.3	0.955306	65.7701	0	0.132211	0.0146873	12.6154
0.00211293	3.17969e-08	3.17969e-08	0	0.125676	4.29948	4.3	0.955306	65.7701	0	0.132713	0.0147714	12.6608
0.00211693	3.18878e-08	3.18878e-08	0	0.125914	4.29948	4.3	0.955306	65.7701	0	0.133217	0.0148559	12.7063
0.00212093	3.19788e-08	3.19788e-08	0	0.126152	4.29948	4.3	0.955306	65.7701	0	0.133721	0.0149408	12.7519
0.00212494	3.207e-08	3.207e-08	0	0.12639	4.29948	4.3	0.955306	65.7701	0	0.134226	0.0150262	12.7975
0.00212894	3.21614e-08	3.21614e-08	0	0.126628	4.29948	4.3	0.955306	65.7701	0	0.134732	0.0151119	12.8432
0.00213294	3.2253e-08	3.2253e-08	0	0.126866	4.29948	4.3	0.955306	65.7701	0	0.135239	0.0151981	12.889
0.00213695	3.23447e-08	3.23447e-08	0	0.127104	4.29948	4.3	0.955306	65.7701	0	0.135747	0.0152847	12.9348
0.00214095	3.24367e-08	3.24367e-08	0	0.127342	4.29948	4.3	0.955306	65.7701	0	0.136256	0.0153717	12.9807
0.00214495	3.25288e-08	3.25288e-08	0	0.12758	4.29948	4.3	0.955306	65.7701	0	0.136765	0.0154592	13.0266
0.00214895	3.26211e-08	3.26211e-08	0	0.127818	4.29948	4.3	0.955306	65.7701	0	0.137276	0.015547	13.0726
0.00215296	3.27136e-08	3.27136e-08	0	0.128056	4.29948	4.3	0.955306	65.7701	0	0.137788	0.0156353	13.1186
0.00215696	3.28063e-08	3.28063e-08	0	0.128294	4.29948	4.3	0.955306	65.7701	0	0.138301	0.0157241	13.1648
0.00216096	3.28992e-08	3.28992e-08	0	0.128532	4.29948	4.3	0.955306	65.7701	0	0.138814	0.0158132	13.2109
0.00216496	3.29922e-08	3.29922e-08	0	0.12877	4.29948	4.3	0.955306	65.7701	0	0.139329	0.0159028	13.2572
0.00216897	3.30855e-08	3.30855e-08	0	0.129008	4.29948	4.3	0.955306	65.7701	0	0.139844	0.0159928	13.3035
0.00217297	3.31789e-08	3.31789e-08	0	0.129246	4.29948	4.3	0.955306	65.7701	0	0.140361	0.0160833	13.3498
0.00217697	3.32726e-08	3.32726e-08	0	0.129484	4.29948	4.3	0.955306	65.7701	0	0.140878	0.0161742	13.3962
0.00218097	3.33664e-08	3.33664e-08	0	0.129722	4.29948	4.3	0.955306	65.7701	0	0.141397	0.0162656	13.4427
0.00218498	3.34604e-08	3.34604e-08	0	0.12996	4.29948	4.3	0.955306	65.7701	0	0.141916	0.0163574	13.4892
0.00218898	3.35546e-08	3.35546e-08	0	0.130198	4.29948	4.3	0.955306	65.7701	0	0.142437	0.0164496	13.5358
0.00219298	3.3649e-08	3.3649e-08	0	0.130436	4.29948	4.3	0.955306	65.7701	0	0.142958	0.0165423	13.5824
0.00219699	3.37436e-08	3.37436e-08	0	0.130674	4.29948	4.3	0.955306	65.7701	0	0.14348	0.0166354	13.6291
0.00220099	3.38384e-08	3.38384e-08	0	0.130912	4.29948	4.3	0.955306	65.7701	0	0.144003	0.016729	13.6759
0.00220499	3.39334e-08	3.39334e-08	0	0.13115	4.29948	4.3	0.955306	65.7701	0	0.144527	0.016823	13.7227
0.00220899	3.40285e-08	3.40285e-08	0	0.131388	4.29948	4.3	0.955306	65.7701	0	0.145052	0.0169175	13.7696
0.002213	3.41239e-08	3.41239e-08	0	0.131626	4.29948	4.3	0.955306	65.7701	0	0.145578	0.0170125	13.8165
0.002217	3.42195e-08	3.42195e-08	0	0.131864	4.29948	4.3	0.955306	65.7701	0	0.146105	0.0171079	13.8635
0.002221	3.43152e-08	3.43152e-08	0	0.132102	4.29948	4.3	0.955306	65.7701	0	0.146633	0.0172038	13.9105
0.00222501	3.44112e-08	3.44112e-08	0	0.13234	4.29948	4.3	0.955306	65.7701	0	0.147162	0.0173001	13.9576
0.00222901	3.45073e-08	3.45073e-08	0	0.132578	4.29948	4.3	0.955306	65.7701	0	0.147692	0.0173969	14.0047
0.00223301	3.46036e-08	3.46036e-08	0	0.132816	4.29948	4.3	0.955306	65.7701	0	0.148223	0.0174942	14.0519
0.00223701	3.47002e-08	3.47002e-08	0	0.133054	4.29948	4.3	0.955306	65.7701	0	0.148755	0.0175919	14.0992
0.00224102	3.47969e-08	3.47969e-08	0	0.133292	4.29948	4.3	0.955306	65.7701	0	0.149287	0.0176901	14.1465
0.00224502	3.48938e-08	3.48938e-08	0	0.13353	4.29948	4.3	0.955306	65.7701	0	0.149821	0.0177888	14.1939
0.00224902	3.49909e-08	3.49909e-08	0	0.133768	4.29948	4.3	0.955306	65.7701	0	0.150356	0.017888	14.2413
0.00225303	3.50883e-08	3.50883e-08	0	0.134006	4.29948	4.3	0.955306	65.7701	0	0.150891	0.0179876	14.2888
0.00225703	3.51858e-08	3.51858e-08	0	0.134244	4.29948	4.3	0.955306	65.7701	0	0.151428	0.0180878	14.3363
0.00226103	3.52835e-08	3.52835e-08	0	0.134482	4.29948	4.3	0.955306	65.7701	0	0.151965	0.0181884	14.3839
0.00226503	3.53814e-08	3.53814e-08	0	0.13472	4.29948	4.3	0.955306	65.7701	0	0.152503	0.0182895	14.4316
0.00226904	3.54795e-08	3.54795e-08	0	0.134958	4.29948	4.3	0.955306	65.7701	0	0.153043	0.018391	14.4793
0.00227304	3.55779e-08	3.55779e-08	0	0.135196	4.29948	4.3	0.955306	65.7701	0	0.153583	0.0184931	14.527
0.00227704	3.56764e-08	3.56764e-08	0	0.135434	4.29948	4.3	0.955306	65.7701	0	0.154124	0.0185957	14.5748
0.00228105	3.57751e-08	3.57751e-08	0	0.135672	4.29948	4.3	0.955306	65.7701	0	0.154667	0.0186987	14.6227
0.00228505	3.5874e-08	3.5874e-08	0	0.13591	4.29948	4.3	0.955306	65.7701	0	0.15521	0.0188023	14.6706
0.00228905	3.59731e-08	3.59731e-08	0	0.136148	4.29948	4.3	0.955306	65.7701	0	0.155754	0.0189063	14.7185
0.00229305	3.60725e-08	3.60725e-08	0	0.136386	4.29948	4.3	0.955306	65.7701	0	0.156299	0.0190109	14.7665
0.00229706	3.6172e-08	3.6172e-08	0	0.136625	4.29948	4.3	0.955306	65.7701	0	0.156845	0.0191159	14.8146
0.00230106	3.62717e-08	3.62717e-08	0	0.136863	4.29948	4.3	0.955306	65.7701	0	0.157392	0.0192215	14.8627
0.00230506	3.63717e-08	3.63717e-08	0	0.137101	4.29948	4.3	0.955306	65.7701	0	0.15794	0.0193275	14.9109
0.00230907	3.64718e-08	3.64718e-08	0	0.137339	4.29948	4.3	0.955306	65.7701	0	0.158489	0.0194341	14.9591
0.00231307	3.65721e-08	3.65721e-08	0	0.137577	4.29948	4.3	0.955306	65.7701	0	0.159039	0.0195412	15.0073
0.00231707	3.66727e-08	3.66727e-08	0	0.137815	4.29948	4.3	0.955306	65.7701	0	0.159589	0.0196488	15.0557
0.00232107	3.67734e-08	3.67734e-08	0	0.138053	4.29948	4.3	0.955306	65.7701	0	0.160141	0.0197569	15.104
0.00232508	3.68744e-08	3.68744e-08	0	0.138291	4.29948	4.3	0.955306	65.7701	0	0.160694	0.0198655	15.1524
0.00232908	3.69756e-08	3.69756e-08	0	0.138529	4.29948	4.3	0.955306	65.7701	0	0.161247	0.0199747	15.2009
0.00233308	3.70769e-08	3.70769e-08	0	0.138767	4.29948	4.3	0.955306	65.7701	0	0.161802	0.0200844	15.2494
0.00233709	3.71785e-08	3.71785e-08	0	0.139005	4.29948	4.3	0.955306	65.7701	0	0.162358	0.0201946	15.298
0.00234109	3.72803e-08	3.72803e-08	0	0.139243	4.29948	4.3	0.955306	65.7701	0	0.162914	0.0203053	15.3466
0.00234509	3.73823e-08	3.73823e-08	0	0.139481	4.29948	4.3	0.955306	65.7701	0	0.163471	0.0204165	15.3953
0.0023491	3.74845e-08	3.74845e-08	0	0.139719	4.29948	4.3	0.955306	65.7701	0	0.16403	0.0205283	15.444
0.0023531	3.75869e-08	3.75869e-08	0	0.139957	4.29948	4.3	0.955306	65.7701	0	0.164589	0.0206407	15.4927
0.0023571	3.76895e-08	3.76895e-08	0	0.140195	4.29948	4.3	0.955306	65.7701	0	0.16515	0.0207535	15.5415
0.0023611	3.77924e-08	3.77924e-08	0	0.140433	4.29948	4.3	0.955306	65.7701	0	0.165711	0.0208669	15.5904
0.00236511	3.78954e-08	3.78954e-08	0	0.140671	4.29948	4.3	0.955306	65.7701	0	0.166273	0.0209809	15.6393
0.00236911	3.79987e-08	3.79987e-08	0	0.140909	4.29948	4.3	0.955306	65.7701	0	0.166836	0.0210954	15.6882
0.00237311	3.81021e-08	3.81021e-08	0	0.141147	4.29948	4.3	0.955306	65.7701	0	0.1674	0.0212104	15.7372
0.00237712	3.82058e-08	3.82058e-08	0	0.141385	4.29948	4.3	0.955306	65.7701	0	0.167965	0.021326	15.7863
0.00238112	3.83097e-08	3.83097e-08	0	0.141623	4.29948	4.3	0.955306	65.7701	0	0.168531	0.0214421	15.8354
0.00238512	3.84138e-08	3.84138e-08	0	0.141861	4.29948	4.3	0.955306	65.7701	0	0.169098	0.0215588	15.8845
0.00238913	3.85181e-08	3.85181e-08	0	0.142099	4.29948	4.3	0.955306	65.7701	0	0.169666	0.0216761	15.9337
0.00239313	3.86226e-08	3.86226e-08	0	0.142337	4.29948	4.3	0.955306	65.7701	0	0.170235	0.0217939	15.9829
0.00239713	3.87274e-08	3.87274e-08	0	0.142575	4.29948	4.3	0.955306	65.7701	0	0.170805	0.0219122	16.0322
0.00240113	3.88323e-08	3.88323e-08	0	0.142813	4.29948	4.3	0.955306	65.7701	0	0.171376	0.0220312	16.0815
0.00240514	3.89375e-08	3.89375e-08	0	0.143051	4.29948	4.3	0.955306	65.7701	0	0.171947	0.0221506	16.1309
0.00240914	3.90429e-08	3.90429e-08	0	0.143289	4.29948	4.3	0.955306	65.7701	0	0.17252	0.0222707	16.1803
0.00241314	3.91485e-08	3.91485e-08	0	0.143527	4.29948	4.3	0.955306	65.7701	0	0.173094	0.0223913	16.2297
0.00241715	3.92543e-08	3.92543e-08	0	0.143765	4.29948	4.3	0.955306	65.7701	0	0.173668	0.0225126	16.2792
0.00242115	3.93603e-08	3.93603e-08	0	0.144003	4.29948	4.3	0.955306	65.7701	0	0.174244	0.0226343	16.3288
0.00242515	3.94666e-08	3.94666e-08	0	0.144241	4.29948	4.3	0.955306	65.7701	0	0.17482	0.0227567	16.3783
0.00242916	3.95731e-08	3.95731e-08	0	0.144479	4.29948	4.3	0.955306	65.7701	0	0.175398	0.0228797	16.428
0.00243316	3.96797e-08	3.96797e-08	0	0.144717	4.29948	4.3	0.955306	65.7701	0	0.175976	0.0230032	16.4776
0.00243716	3.97866e-08	3.97866e-08	0	0.144955	4.29948	4.3	0.955306	65.7701	0	0.176556	0.0231273	16.5273
0.00244117	3.98938e-08	3.98938e-08	0	0.145193	4.29948	4.3	0.955306	65.7701	0	0.177136	0.023252	16.5771
0.00244517	4.00011e-08	4.00011e-08	0	0.145431	4.29948	4.3	0.955306	65.7701	0	0.177717	0.0233773	16.6269
0.00244917	4.01087e-08	4.01087e-08	0	0.145669	4.29948	4.3	0.955306	65.7701	0	0.178299	0.0235032	16.6767
0.00245318	4.02165e-08	4.02165e-08	0	0.145907	4.29948	4.3	0.955306	65.7701	0	0.178882	0.0236297	16.7266
0.00245718	4.03245e-08	4.03245e-08	0	0.146145	4.29948	4.3	0.955306	65.7701	0	0.179467	0.0237568	16.7765
0.00246118	4.04327e-08	4.04327e-08	0	0.146383	4.29948	4.3	0.955306	65.7701	0	0.180052	0.0238845	16.8265
0.00246518	4.05411e-08	4.05411e-08	0	0.146621	4.29948	4.3	0.955306	65.7701	0	0.180638	0.0240127	16.8765
0.00246919	4.06498e-08	4.06498e-08	0	0.146859	4.29948	4.3	0.955306	65.7701	0	0.181225	0.0241416	16.9265
0.00247319	4.07587e-08	4.07587e-08	0	0.147097	4.29948	4.3	0.955306	65.7701	0	0.181812	0.0242712	16.9766
0.00247719	4.08678e-08	4.08678e-08	0	0.147335	4.29948	4.3	0.955306	65.7701	0	0.182401	0.0244013	17.0267
0.0024812	4.09771e-08	4.09771e-08	0	0.147574	4.29948	4.3	0.955306	65.7701	0	0.182991	0.024532	17.0769
0.0024852	4.10867e-08	4.10867e-08	0	0.147812	4.29948	4.3	0.955306	65.7701	0	0.183582	0.0246634	17.1271
0.0024892	4.11965e-08	4.11965e-08	0	0.14805	4.29948	4.3	0.955306	65.7701	0	0.184174	0.0247953	17.1773
0.00249321	4.13065e-08	4.13065e-08	0	0.148288	4.29948	4.3	0.955306	65.7701	0	0.184766	0.0249279	17.2276
0.00249721	4.14167e-08	4.14167e-08	0	0.148526	4.29948	4.3	0.955306	65.7701	0	0.18536	0.0250612	17.2779
0.00250121	4.15272e-08	4.15272e-08	0	0.148764	4.29948	4.3	0.955306	65.7701	0	0.185955	0.025195	17.3283
0.00250522	4.16378e-08	4.16378e-08	0	0.149002	4.29948	4.3	0.955306	65.7701	0	0.18655	0.0253295	17.3787
0.00250922	4.17488e-08	4.17488e-08	0	0.14924	4.29948	4.3	0.955306	65.7701	0	0.187147	0.0254646	17.4291
0.00251322	4.18599e-08	4.18599e-08	0	0.149478	4.29948	4.3	0.955306	65.7701	0	0.187744	0.0256004	17.4795
0.00251723	4.19713e-08	4.19713e-08	0	0.149716	4.29948	4.3	0.955306	65.7701	0	0.188342	0.0257368	17.53
0.00252123	4.20829e-08	4.20829e-08	0	0.149954	4.29948	4.3	0.955306	65.7701	0	0.188942	0.0258738	17.5806
0.00252523	4.21947e-08	4.21947e-08	0	0.150192	4.29948	4.3	0.955306	65.7701	0	0.189542	0.0260115	17.6311
0.00252924	4.23067e-08	4.23067e-08	0	0.15043	4.29948	4.3	0.955306	65.7701	0	0.190143	0.0261498	17.6818
0.00253324	4.2419e-08	4.2419e-08	0	0.150668	4.29948	4.3	0.955306	65.7701	0	0.190745	0.0262888	17.7324
0.00253724	4.25315e-08	4.25315e-08	0	0.150906	4.29948	4.3	0.955306	65.7701	0	0.191349	0.0264285	17.7831
0.00254125	4.26442e-08	4.26442e-08	0	0.151144	4.29948	4.3	0.955306	65.7701	0	0.191953	0.0265687	17.8338
0.00254525	4.27572e-08	4.27572e-08	0	0.151382	4.29948	4.3	0.955306	65.7701	0	0.192558	0.0267097	17.8845
0.00254925	4.28704e-08	4.28704e-08	0	0.15162	4.29948	4.3	0.955306	65.7701	0	0.193164	0.0268513	17.9353
0.00255326	4.29838e-08	4.29838e-08	0	0.151858	4.29948	4.3	0.955306	65.7701	0	0.193771	0.0269936	17.9861
0.00255726	4.30975e-08	4.30975e-08	0	0.152096	4.29948	4.3	0.955306	65.7701	0	0.194379	0.0271365	18.037
0.00256126	4.32114e-08	4.32114e-08	0	0.152334	4.29948	4.3	0.955306	65.7701	0	0.194987	0.0272802	18.0879
0.00256527	4.33255e-08	4.33255e-08	0	0.152572	4.29948	4.3	0.955306	65.7701	0	0.195597	0.0274244	18.1388
0.00256927	4.34399e-08	4.34399e-08	0	0.15281	4.29948	4.3	0.955306	65.7701	0	0.196208	0.0275694	18.1897
0.00257327	4.35545e-08	4.35545e-08	0	0.153048	4.29948	4.3	0.955306	65.7701	0	0.19682	0.0277151	18.2407
0.00257728	4.36693e-08	4.36693e-08	0	0.153286	4.29948	4.3	0.955306	65.7701	0	0.197432	0.0278614	18.2917
0.00258128	4.37844e-08	4.37844e-08	0	0.153524	4.29948	4.3	0.955306	65.7701	0	0.198046	0.0280084	18.3428
0.00258528	4.38997e-08	4.38997e-08	0	0.153762	4.29948	4.3	0.955306	65.7701	0	0.198661	0.0281561	18.3938
0.00258929	4.40152e-08	4.40152e-08	0	0.154	4.29948	4.3	0.955306	65.7701	0	0.199276	0.0283045	18.445
0.00259329	4.4131e-08	4.4131e-08	0	0.154238	4.29948	4.3	0.955306	65.7701	0	0.199893	0.0284536	18.4961
0.00259729	4.4247e-08	4.4247e-08	0	0.154476	4.29948	4.3	0.955306	65.7701	0	0.20051	0.0286034	18.5473
0.0026013	4.43632e-08	4.43632e-08	0	0.154714	4.29948	4.3	0.955306	65.7701	0	0.201128	0.0287539	18.5984
0.0026053	4.44797e-08	4.44797e-08	0	0.154952	4.29948	4.3	0.955306	65.7701	0	0.201748	0.028905	18.6497
0.0026093	4.45964e-08	4.45964e-08	0	0.15519	4.29948	4.3	0.955306	65.7701	0	0.202368	0.0290569	18.7009
0.00261331	4.47134e-08	4.47134e-08	0	0.155428	4.29948	4.3	0.955306	65.7701	0	0.202989	0.0292095	18.7522
0.00261731	4.48306e-08	4.48306e-08	0	0.155666	4.29948	4.3	0.955306	65.7701	0	0.203611	0.0293629	18.8035
0.00262131	4.4948e-08	4.4948e-08	0	0.155904	4.29948	4.3	0.955306	65.7701	0	0.204235	0.0295169	18.8549
0.00262532	4.50657e-08	4.50657e-08	0	0.156142	4.29948	4.3	0.955306	65.7701	0	0.204859	0.0296716	18.9062
0.00262932	4.51836e-08	4.51836e-08	0	0.15638	4.29948	4.3	0.955306	65.7701	0	0.205484	0.0298271	18.9576
0.00263332	4.53017e-08	4.53017e-08	0	0.156618	4.29948	4.3	0.955306	65.7701	0	0.20611	0.0299833	19.0091
0.00263733	4.54201e-08	4.54201e-08	0	0.156856	4.29948	4.3	0.955306	65.7701	0	0.206737	0.0301402	19.0605
0.00264133	4.55387e-08	4.55387e-08	0	0.157094	4.29948	4.3	0.955306	65.7701	0	0.207365	0.0302979	19.112
0.00264533	4.56576e-08	4.56576e-08	0	0.157332	4.29948	4.3	0.955306	65.7701	0	0.207993	0.0304563	19.1635
0.00264934	4.57767e-08	4.57767e-08	0	0.15757	4.29948	4.3	0.955306	65.7701	0	0.208623	0.0306154	19.215
0.00265334	4.58961e-08	4.58961e-08	0	0.157808	4.29948	4.3	0.955306	65.7701	0	0.209254	0.0307753	19.2666
0.00265734	4.60157e-08	4.60157e-08	0	0.158046	4.29948	4.3	0.955306	65.7701	0	0.209886	0.0309359	19.3182
0.00266135	4.61355e-08	4.61355e-08	0	0.158285	4.29948	4.3	0.955306	65.7701	0	0.210518	0.0310972	19.3698
0.00266535	4.62556e-08	4.62556e-08	0	0.158523	4.29948	4.3	0.955306	65.7701	0	0.211152	0.0312593	19.4214
0.00266936	4.6376e-08	4.6376e-08	0	0.158761	4.29948	4.3	0.955306	65.7701	0	0.211787	0.0314222	19.473
0.00267336	4.64966e-08	4.64966e-08	0	0.158999	4.29948	4.3	0.955306	65.7701	0	0.212422	0.0315858	19.5247
0.00267736	4.66174e-08	4.66174e-08	0	0.159237	4.29948	4.3	0.955306	65.7701	0	0.213059	0.0317502	19.5764
0.00268137	4.67385e-08	4.67385e-08	0	0.159475	4.29948	4.3	0.955306	65.7701	0	0.213696	0.0319153	19.6281
0.00268537	4.68598e-08	4.68598e-08	0	0.159713	4.29948	4.3	0.955306	65.7701	0	0.214334	0.0320812	19.6799
0.00268937	4.69813e-08	4.69813e-08	0	0.159951	4.29948	4.3	0.955306	65.7701	0	0.214974	0.0322479	19.7317
0.00269338	4.71031e-08	4.71031e-08	0	0.160189	4.29948	4.3	0.955306	65.7701	0	0.215614	0.0324153	19.7835
0.00269738	4.72252e-08	4.72252e-08	0	0.160427	4.29948	4.3	0.955306	65.7701	0	0.216255	0.0325835	19.8353
0.00270138	4.73475e-08	4.73475e-08	0	0.160665	4.29948	4.3	0.955306	65.7701	0	0.216897	0.0327525	19.8871
0.00270539	4.74701e-08	4.74701e-08	0	0.160903	4.29948	4.3	0.955306	65.7701	0	0.217541	0.0329223	19.939
0.00270939	4.75929e-08	4.75929e-08	0	0.161141	4.29948	4.3	0.955306	65.7701	0	0.218185	0.0330928	19.9908
0.00271339	4.77159e-08	4.77159e-08	0	0.161379	4.29948	4.3	0.955306	65.7701	0	0.21883	0.0332642	20.0427
0.0027174	4.78392e-08	4.78392e-08	0	0.161617	4.29948	4.3	0.955306	65.7701	0	0.219476	0.0334363	20.0946
0.0027214	4.79628e-08	4.79628e-08	0	0.161855	4.29948	4.3	0.955306	65.7701	0	0.220123	0.0336093	20.1466
0.00272541	4.80866e-08	4.80866e-08	0	0.162093	4.29948	4.3	0.955306	65.7701	0	0.22077	0.033783	20.1985
0.00272941	4.82106e-08	4.82106e-08	0	0.162331	4.29948	4.3	0.955306	65.7701	0	0.221419	0.0339575	20.2505
0.00273341	4.8335e-08	4.8335e-08	0	0.162569	4.29948	4.3	0.955306	65.7701	0	0.222069	0.0341329	20.3025
0.00273742	4.84595e-08	4.84595e-08	0	0.162807	4.29948	4.3	0.955306	65.7701	0	0.22272	0.034309	20.3545
0.00274142	4.85843e-08	4.85843e-08	0	0.163045	4.29948	4.3	0.955306	65.7701	0	0.223372	0.034486	20.4065
0.00274542	4.87094e-08	4.87094e-08	0	0.163283	4.29948	4.3	0.955306	65.7701	0	0.224024	0.0346638	20.4586
0.00274943	4.88347e-08	4.88347e-08	0	0.163521	4.29948	4.3	0.955306	65.7701	0	0.224678	0.0348424	20.5106
0.00275343	4.89603e-08	4.89603e-08	0	0.163759	4.29948	4.3	0.955306	65.7701	0	0.225332	0.0350218	20.5627
0.00275743	4.90861e-08	4.90861e-08	0	0.163997	4.29948	4.3	0.955306	65.7701	0	0.225988	0.035202	20.6148
0.00276144	4.92122e-08	4.92122e-08	0	0.164235	4.29948	4.3	0.955306	65.7701	0	0.226644	0.0353831	20.6669
0.00276544	4.93385e-08	4.93385e-08	0	0.164473	4.29948	4.3	0.955306	65.7701	0	0.227302	0.035565	20.719
0.00276945	4.94651e-08	4.94651e-08	0	0.164711	4.29948	4.3	0.955306	65.7701	0	0.22796	0.0357477	20.7712
0.00277345	4.9592e-08	4.9592e-08	0	0.164949	4.29948	4.3	0.955306	65.7701	0	0.228619	0.0359313	20.8233
0.00277745	4.97191e-08	4.97191e-08	0	0.165187	4.29948	4.3	0.955306	65.7701	0	0.22928	0.0361157	20.8755
0.00278146	4.98465e-08	4.98465e-08	0	0.165425	4.29948	4.3	0.955306	65.7701	0	0.229941	0.036301	20.9277
0.00278546	4.99741e-08	4.99741e-08	0	0.165663	4.29948	4.3	0.955306	65.7701	0	0.230603	0.0364871	20.9799
0.00278946	5.0102e-08	5.0102e-08	0	0.165901	4.29948	4.3	0.955306	65.7701	0	0.231266	0.0366741	21.0321
0.00279347	5.02301e-08	5.02301e-08	0	0.166139	4.29948	4.3	0.955306	65.7701	0	0.23193	0.0368619	21.0843
0.00279747	5.03585e-08	5.03585e-08	0	0.166377	4.29948	4.3	0.955306	65.7701	0	0.232595	0.0370506	21.1365
0.00280148	5.04871e-08	5.04871e-08	0	0.166615	4.29948	4.3	0.955306	65.7701	0	0.233261	0.0372402	21.1887
0.00280548	5.06161e-08	5.06161e-08	0	0.166853	4.29948	4.3	0.955306	65.7701	0	0.233928	0.0374306	21.241
0.00280948	5.07452e-08	5.07452e-08	0	0.167091	4.29948	4.3	0.955306	65.7701	0	0.234596	0.0376219	21.2933
0.00281349	5.08747e-08	5.08747e-08	0	0.167329	4.29948	4.3	0.955306	65.7701	0	0.235265	0.0378141	21.3455
0.00281749	5.10044e-08	5.10044e-08	0	0.167567	4.29948	4.3	0.955306	65.7701	0	0.235935	0.0380071	21.3978
0.00282149	5.11343e-08	5.11343e-08	0	0.167805	4.29948	4.3	0.955306	65.7701	0	0.236606	0.0382011	21.4501
0.0028255	5.12646e-08	5.12646e-08	0	0.168043	4.29948	4.3	0.955306	65.7701	0	0.237277	0.0383959	21.5024
0.0028295	5.1395e-08	5.1395e-08	0	0.168281	4.29948	4.3	0.955306	65.7701	0	0.23795	0.0385916	21.5547
0.00283351	5.15258e-08	5.15258e-08	0	0.168519	4.29948	4.3	0.955306	65.7701	0	0.238624	0.0387882	21.6071
0.00283751	5.16568e-08	5.16568e-08	0	0.168757	4.29948	4.3	0.955306	65.7701	0	0.239298	0.0389857	21.6594
0.00284151	5.17881e-08	5.17881e-08	0	0.168995	4.29948	4.3	0.955306	65.7701	0	0.239974	0.0391841	21.7117
0.00284552	5.19196e-08	5.19196e-08	0	0.169234	4.29948	4.3	0.955306	65.7701	0	0.24065	0.0393834	21.7641
0.00284952	5.20514e-08	5.20514e-08	0	0.169472	4.29948	4.3	0.955306	65.7701	0	0.241327	0.0395836	21.8164
0.00285352	5.21835e-08	5.21835e-08	0	0.16971	4.29948	4.3	0.955306	65.7701	0	0.242006	0.0397847	21.8688
0.00285753	5.23158e-08	5.23158e-08	0	0.169948	4.29948	4.3	0.955306	65.7701	0	0.242685	0.0399868	21.9211
0.00286153	5.24484e-08	5.24484e-08	0	0.170186	4.29948	4.3	0.955306	65.7701	0	0.243365	0.0401897	21.9735
0.00286554	5.25813e-08	5.25813e-08	0	0.170424	4.29948	4.3	0.955306	65.7701	0	0.244047	0.0403936	22.0259
0.00286954	5.27144e-08	5.27144e-08	0	0.170662	4.29948	4.3	0.955306	65.7701	0	0.244729	0.0405984	22.0783
0.00287354	5.28478e-08	5.28478e-08	0	0.1709	4.29948	4.3	0.955306	65.7701	0	0.245412	0.0408042	22.1306
0.00287755	5.29815e-08	5.29815e-08	0	0.171138	4.29948	4.3	0.955306	65.7701	0	0.246096	0.0410108	22.183
0.00288155	5.31154e-08	5.31154e-08	0	0.171376	4.29948	4.3	0.955306	65.7701	0	0.246781	0.0412185	22.2354
0.00288556	5.32496e-08	5.32496e-08	0	0.171614	4.29948	4.3	0.955306	65.7701	0	0.247467	0.041427	22.2878
0.00288956	5.33841e-08	5.33841e-08	0	0.171852	4.29948	4.3	0.955306	65.7701	0	0.248154	0.0416365	22.3402
0.00289356	5.35189e-08	5.35189e-08	0	0.17209	4.29948	4.3	0.955306	65.7701	0	0.248842	0.041847	22.3926
0.00289757	5.36539e-08	5.36539e-08	0	0.172328	4.29948	4.3	0.955306	65.7701	0	0.249531	0.0420584	22.445
0.00290157	5.37892e-08	5.37892e-08	0	0.172566	4.29948	4.3	0.955306	65.7701	0	0.25022	0.0422708	22.4974
0.00290558	5.39247e-08	5.39247e-08	0	0.172804	4.29948	4.3	0.955306	65.7701	0	0.250911	0.0424841	22.5498
0.00290958	5.40606e-08	5.40606e-08	0	0.173042	4.29948	4.3	0.955306	65.7701	0	0.251603	0.0426984	22.6022
0.00291358	5.41967e-08	5.41967e-08	0	0.17328	4.29948	4.3	0.955306	65.7701	0	0.252296	0.0429136	22.6546
0.00291759	5.4333e-08	5.4333e-08	0	0.173518	4.29948	4.3	0.955306	65.7701	0	0.252989	0.0431299	22.707
0.00292159	5.44697e-08	5.44697e-08	0	0.173756	4.29948	4.3	0.955306	65.7701	0	0.253684	0.0433471	22.7594
0.0029256	5.46066e-08	5.46066e-08	0	0.173994	4.29948	4.3	0.955306	65.7701	0	0.254379	0.0435653	22.8118
0.0029296	5.47438e-08	5.47438e-08	0	0.174232	4.29948	4.3	0.955306	65.7701	0	0.255076	0.0437845	22.8642
0.0029336	5.48813e-08	5.48813e-08	0	0.17447	4.29948	4.3	0.955306	65.7701	0	0.255773	0.0440046	22.9166
0.00293761	5.5019e-08	5.5019e-08	0	0.174708	4.29948	4.3	0.955306	65.7701	0	0.256471	0.0442258	22.969
0.00294161	5.5157e-08	5.5157e-08	0	0.174946	4.29948	4.3	0.955306	65.7701	0	0.257171	0.044448	23.0214
0.00294562	5.52953e-08	5.52953e-08	0	0.175184	4.29948	4.3	0.955306	65.7701	0	0.257871	0.0446711	23.0737
0.00294962	5.54339e-08	5.54339e-08	0	0.175422	4.29948	4.3	0.955306	65.7701	0	0.258572	0.0448953	23.1261
0.00295362	5.55727e-08	5.55727e-08	0	0.17566	4.29948	4.3	0.955306	65.7701	0	0.259274	0.0451205	23.1785
0.00295763	5.57119e-08	5.57119e-08	0	0.175898	4.29948	4.3	0.955306	65.7701	0	0.259977	0.0453467	23.2309
0.00296163	5.58513e-08	5.58513e-08	0	0.176136	4.29948	4.3	0.955306	65.7701	0	0.260681	0.0455739	23.2832
0.00296564	5.59909e-08	5.59909e-08	0	0.176374	4.29948	4.3	0.955306	65.7701	0	0.261387	0.0458021	23.3356
0.00296964	5.61309e-08	5.61309e-08	0	0.176612	4.29948	4.3	0.955306	65.7701	0	0.262092	0.0460314	23.3879
0.00297364	5.62711e-08	5.62711e-08	0	0.17685	4.29948	4.3	0.955306	65.7701	0	0.262799	0.0462617	23.4403
0.00297765	5.64116e-08	5.64116e-08	0	0.177088	4.29948	4.3	0.955306	65.7701	0	0.263507	0.046493	23.4926
0.00298165	5.65524e-08	5.65524e-08	0	0.177326	4.29948	4.3	0.955306	65.7701	0	0.264216	0.0467254	23.545
0.00298566	5.66935e-08	5.66935e-08	0	0.177564	4.29948	4.3	0.955306	65.7701	0	0.264926	0.0469588	23.5973
0.00298966	5.68349e-08	5.68349e-08	0	0.177802	4.29948	4.3	0.955306	65.7701	0	0.265637	0.0471933	23.6496
0.00299366	5.69765e-08	5.69765e-08	0	0.17804	4.29948	4.3	0.955306	65.7701	0	0.266348	0.0474288	23.7019
0.00299767	5.71184e-08	5.71184e-08	0	0.178278	4.29948	4.3	0.955306	65.7701	0	0.267061	0.0476653	23.7542
0.00300167	5.72606e-08	5.72606e-08	0	0.178516	4.29948	4.3	0.955306	65.7701	0	0.267775	0.047903	23.8065
0.00300568	5.74031e-08	5.74031e-08	0	0.178754	4.29948	4.3	0.955306	65.7701	0	0.268489	0.0481416	23.8588
0.00300968	5.75459e-08	5.75459e-08	0	0.178992	4.29948	4.3	0.955306	65.7701	0	0.269205	0.0483814	23.911
0.00301369	5.76889e-08	5.76889e-08	0	0.17923	4.29948	4.3	0.955306	65.7701	0	0.269921	0.0486222	23.9633
0.00301769	5.78322e-08	5.78322e-08	0	0.179468	4.29948	4.3	0.955306	65.7701	0	0.270638	0.0488641	24.0155
0.00302169	5.79759e-08	5.79759e-08	0	0.179706	4.29948	4.3	0.955306	65.7701	0	0.271357	0.0491071	24.0677
0.0030257	5.81197e-08	5.81197e-08	0	0.179944	4.29948	4.3	0.955306	65.7701	0	0.272076	0.0493512	24.12
0.0030297	5.82639e-08	5.82639e-08	0	0.180183	4.29948	4.3	0.955306	65.7701	0	0.272796	0.0495964	24.1722
0.00303371	5.84084e-08	5.84084e-08	0	0.180421	4.29948	4.3	0.955306	65.7701	0	0.273518	0.0498426	24.2243
0.00303771	5.85532e-08	5.85532e-08	0	0.180659	4.29948	4.3	0.955306	65.7701	0	0.27424	0.05009	24.2765
0.00304172	5.86982e-08	5.86982e-08	0	0.180897	4.29948	4.3	0.955306	65.7701	0	0.274963	0.0503384	24.3287
0.00304572	5.88435e-08	5.88435e-08	0	0.181135	4.29948	4.3	0.955306	65.7701	0	0.275687	0.050588	24.3808
0.00304972	5.89891e-08	5.89891e-08	0	0.181373	4.29948	4.3	0.955306	65.7701	0	0.276412	0.0508387	24.433
0.00305373	5.9135e-08	5.9135e-08	0	0.181611	4.29948	4.3	0.955306	65.7701	0	0.277138	0.0510905	24.4851
0.00305773	5.92812e-08	5.92812e-08	0	0.181849	4.29948	4.3	0.955306	65.7701	0	0.277865	0.0513434	24.5372
0.00306174	5.94277e-08	5.94277e-08	0	0.182087	4.29948	4.3	0.955306	65.7701	0	0.278593	0.0515974	24.5892
0.00306574	5.95745e-08	5.95745e-08	0	0.182325	4.29948	4.3	0.955306	65.7701	0	0.279321	0.0518526	24.6413
0.00306975	5.97215e-08	5.97215e-08	0	0.182563	4.29948	4.3	0.955306	65.7701	0	0.280051	0.0521089	24.6933
0.00307375	5.98689e-08	5.98689e-08	0	0.182801	4.29948	4.3	0.955306	65.7701	0	0.280782	0.0523664	24.7454
0.00307775	6.00165e-08	6.00165e-08	0	0.183039	4.29948	4.3	0.955306	65.7701	0	0.281514	0.0526249	24.7974
0.00308176	6.01644e-08	6.01644e-08	0	0.183277	4.29948	4.3	0.955306	65.7701	0	0.282246	0.0528847	24.8493
0.00308576	6.03126e-08	6.03126e-08	0	0.183515	4.29948	4.3	0.955306	65.7701	0	0.28298	0.0531456	24.9013
0.00308977	6.04612e-08	6.04612e-08	0	0.183753	4.29948	4.3	0.955306	65.7701	0	0.283714	0.0534076	24.9532
0.00309377	6.061e-08	6.061e-08	0	0.183991	4.29948	4.3	0.955306	65.7701	0	0.28445	0.0536708	25.0052
0.00309778	6.0759e-08	6.0759e-08	0	0.184229	4.29948	4.3	0.955306	65.7701	0	0.285186	0.0539352	25.0571
0.00310178	6.09084e-08	6.09084e-08	0	0.184467	4.29948	4.3	0.955306	65.7701	0	0.285924	0.0542007	25.1089
0.00310578	6.10581e-08	6.10581e-08	0	0.184705	4.29948	4.3	0.955306	65.7701	0	0.286662	0.0544674	25.1608
0.00310979	6.12081e-08	6.12081e-08	0	0.184943	4.29948	4.3	0.955306	65.7701	0	0.287401	0.0547353	25.2126
0.00311379	6.13583e-08	6.13583e-08	0	0.185181	4.29948	4.3	0.955306	65.7701	0	0.288142	0.0550044	25.2644
0.0031178	6.15089e-08	6.15089e-08	0	0.185419	4.29948	4.3	0.955306	65.7701	0	0.288883	0.0552747	25.3162
0.0031218	6.16598e-08	6.16598e-08	0	0.185657	4.29948	4.3	0.955306	65.7701	0	0.289625	0.0555461	25.368
0.00312581	6.18109e-08	6.18109e-08	0	0.185895	4.29948	4.3	0.955306	65.7701	0	0.290368	0.0558188	25.4197
0.00312981	6.19624e-08	6.19624e-08	0	0.186133	4.29948	4.3	0.955306	65.7701	0	0.291112	0.0560927	25.4714
0.00313381	6.21141e-08	6.21141e-08	0	0.186371	4.29948	4.3	0.955306	65.7701	0	0.291857	0.0563677	25.5231
0.00313782	6.22661e-08	6.22661e-08	0	0.186609	4.29948	4.3	0.955306	65.7701	0	0.292603	0.056644	25.5747
0.00314182	6.24185e-08	6.24185e-08	0	0.186847	4.29948	4.3	0.955306	65.7701	0	0.29335	0.0569215	25.6263
0.00314583	6.25711e-08	6.25711e-08	0	0.187085	4.29948	4.3	0.955306	65.7701	0	0.294098	0.0572003	25.6779
0.00314983	6.2724e-08	6.2724e-08	0	0.187323	4.29948	4.3	0.955306	65.7701	0	0.294847	0.0574802	25.7295
0.00315384	6.28773e-08	6.28773e-08	0	0.187561	4.29948	4.3	0.955306	65.7701	0	0.295596	0.0577614	25.781
0.00315784	6.30308e-08	6.30308e-08	0	0.187799	4.29948	4.3	0.955306	65.7701	0	0.296347	0.0580438	25.8326
0.00316185	6.31846e-08	6.31846e-08	0	0.188037	4.29948	4.3	0.955306	65.7701	0	0.297099	0.0583275	25.884
0.00316585	6.33388e-08	6.33388e-08	0	0.188275	4.29948	4.3	0.955306	65.7701	0	0.297851	0.0586124	25.9355
0.00316986	6.34932e-08	6.34932e-08	0	0.188513	4.29948	4.3	0.955306	65.7701	0	0.298605	0.0588985	25.9869
0.00317386	6.36479e-08	6.36479e-08	0	0.188751	4.29948	4.3	0.955306	65.7701	0	0.29936	0.0591859	26.0383
0.00317786	6.38029e-08	6.38029e-08	0	0.188989	4.29948	4.3	0.955306	65.7701	0	0.300115	0.0594746	26.0896
0.00318187	6.39583e-08	6.39583e-08	0	0.189227	4.29948	4.3	0.955306	65.7701	0	0.300871	0.0597645	26.1409
0.00318587	6.41139e-08	6.41139e-08	0	0.189465	4.29948	4.3	0.955306	65.7701	0	0.301629	0.0600558	26.1922
0.00318988	6.42698e-08	6.42698e-08	0	0.189703	4.29948	4.3	0.955306	65.7701	0	0.302387	0.0603482	26.2435
0.00319388	6.44261e-08	6.44261e-08	0	0.189941	4.29948	4.3	0.955306	65.7701	0	0.303146	0.060642	26.2947
0.00319789	6.45826e-08	6.45826e-08	0	0.190179	4.29948	4.3	0.955306	65.7701	0	0.303907	0.0609371	26.3459
0.00320189	6.47395e-08	6.47395e-08	0	0.190417	4.29948	4.3	0.955306	65.7701	0	0.304668	0.0612334	26.397
0.0032059	6.48966e-08	6.48966e-08	0	0.190655	4.29948	4.3	0.955306	65.7701	0	0.30543	0.061531	26.4481
0.0032099	6.50541e-08	6.50541e-08	0	0.190893	4.29948	4.3	0.955306	65.7701	0	0.306193	0.06183	26.4992
0.00321391	6.52118e-08	6.52118e-08	0	0.191132	4.29948	4.3	0.955306	65.7701	0	0.306957	0.0621302	26.5503
0.00321791	6.53699e-08	6.53699e-08	0	0.19137	4.29948	4.3	0.955306	65.7701	0	0.307722	0.0624317	26.6013
0.00322191	6.55282e-08	6.55282e-08	0	0.191608	4.29948	4.3	0.955306	65.7701	0	0.308488	0.0627346	26.6522
0.00322592	6.56869e-08	6.56869e-08	0	0.191846	4.29948	4.3	0.955306	65.7701	0	0.309255	0.0630388	26.7031
0.00322992	6.58459e-08	6.58459e-08	0	0.192084	4.29948	4.3	0.955306	65.7701	0	0.310023	0.0633443	26.754
0.00323393	6.60052e-08	6.60052e-08	0	0.192322	4.29948	4.3	0.955306	65.7701	0	0.310792	0.0636511	26.8049
0.00323793	6.61648e-08	6.61648e-08	0	0.19256	4.29948	4.3	0.955306	65.7701	0	0.311562	0.0639593	26.8557
0.00324194	6.63247e-08	6.63247e-08	0	0.192798	4.29948	4.3	0.955306	65.7701	0	0.312332	0.0642688	26.9064
0.00324594	6.64849e-08	6.64849e-08	0	0.193036	4.29948	4.3	0.955306	65.7701	0	0.313104	0.0645797	26.9571
0.00324995	6.66454e-08	6.66454e-08	0	0.193274	4.29948	4.3	0.955306	65.7701	0	0.313877	0.0648919	27.0078
0.00325395	6.68062e-08	6.68062e-08	0	0.193512	4.29948	4.3	0.955306	65.7701	0	0.31465	0.0652055	27.0585
0.00325796	6.69674e-08	6.69674e-08	0	0.19375	4.29948	4.3	0.955306	65.7701	0	0.315425	0.0655204	27.109
0.00326196	6.71288e-08	6.71288e-08	0	0.193988	4.29948	4.3	0.955306	65.7701	0	0.3162	0.0658367	27.1596
0.00326597	6.72906e-08	6.72906e-08	0	0.194226	4.29948	4.3	0.955306	65.7701	0	0.316976	0.0661543	27.2101
0.00326997	6.74526e-08	6.74526e-08	0	0.194464	4.29948	4.3	0.955306	65.7701	0	0.317754	0.0664734	27.2605
0.00327398	6.7615e-08	6.7615e-08	0	0.194702	4.29948	4.3	0.955306	65.7701	0	0.318532	0.0667938	27.311
0.00327798	6.77777e-08	6.77777e-08	0	0.19494	4.29948	4.3	0.955306	65.7701	0	0.319311	0.0671156	27.3613
0.00328199	6.79407e-08	6.79407e-08	0	0.195178	4.29948	4.3	0.955306	65.7701	0	0.320092	0.0674388	27.4116
0.00328599	6.8104e-08	6.8104e-08	0	0.195416	4.29948	4.3	0.955306	65.7701	0	0.320873	0.0677634	27.4619
0.00328999	6.82676e-08	6.82676e-08	0	0.195654	4.29948	4.3	0.955306	65.7701	0	0.321655	0.0680894	27.5121
0.003294	6.84316e-08	6.84316e-08	0	0.195892	4.29948	4.3	0.955306	65.7701	0	0.322438	0.0684168	27.5623
0.003298	6.85958e-08	6.85958e-08	0	0.19613	4.29948	4.3	0.955306	65.7701	0	0.323222	0.0687457	27.6124
0.00330201	6.87604e-08	6.87604e-08	0	0.196368	4.29948	4.3	0.955306	65.7701	0	0.324007	0.0690759	27.6625
0.00330601	6.89252e-08	6.89252e-08	0	0.196606	4.29948	4.3	0.955306	65.7701	0	0.324793	0.0694076	27.7125
0.00331002	6.90904e-08	6.90904e-08	0	0.196844	4.29948	4.3	0.955306	65.7701	0	0.32558	0.0697407	27.7625
0.00331402	6.9256e-08	6.9256e-08	0	0.197082	4.29948	4.3	0.955306	65.7701	0	0.326368	0.0700752	27.8124
0.00331803	6.94218e-08	6.94218e-08	0	0.19732	4.29948	4.3	0.955306	65.7701	0	0.327157	0.0704112	27.8623
0.00332203	6.95879e-08	6.95879e-08	0	0.197558	4.29948	4.3	0.955306	65.7701	0	0.327946	0.0707486	27.9121
0.00332604	6.97544e-08	6.97544e-08	0	0.197796	4.29948	4.3	0.955306	65.7701	0	0.328737	0.0710875	27.9619
0.00333004	6.99211e-08	6.99211e-08	0	0.198034	4.29948	4.3	0.955306	65.7701	0	0.329529	0.0714278	28.0116
0.00333405	7.00882e-08	7.00882e-08	0	0.198272	4.29948	4.3	0.955306	65.7701	0	0.330321	0.0717696	28.0612
0.00333805	7.02556e-08	7.02556e-08	0	0.19851	4.29948	4.3	0.955306	65.7701	0	0.331115	0.0721128	28.1108
0.00334206	7.04234e-08	7.04234e-08	0	0.198748	4.29948	4.3	0.955306	65.7701	0	0.33191	0.0724576	28.1604
0.00334606	7.05914e-08	7.05914e-08	0	0.198986	4.29948	4.3	0.955306	65.7701	0	0.332705	0.0728038	28.2099
0.00335007	7.07598e-08	7.07598e-08	0	0.199224	4.29948	4.3	0.955306	65.7701	0	0.333501	0.0731515	28.2593
0.00335407	7.09285e-08	7.09285e-08	0	0.199462	4.29948	4.3	0.955306	65.7701	0	0.334299	0.0735006	28.3087
0.00335808	7.10975e-08	7.10975e-08	0	0.1997	4.29948	4.3	0.955306	65.7701	0	0.335097	0.0738513	28.358
0.00336208	7.12668e-08	7.12668e-08	0	0.199938	4.29948	4.3	0.955306	65.7701	0	0.335896	0.0742035	28.4073
0.00336609	7.14364e-08	7.14364e-08	0	0.200176	4.29948	4.3	0.955306	65.7701	0	0.336697	0.0745572	28.4564
0.00337009	7.16064e-08	7.16064e-08	0	0.200414	4.29948	4.3	0.955306	65.7701	0	0.337498	0.0749124	28.5056
0.0033741	7.17767e-08	7.17767e-08	0	0.200652	4.29948	4.3	0.955306	65.7701	0	0.3383	0.0752691	28.5547
0.0033781	7.19473e-08	7.19473e-08	0	0.20089	4.29948	4.3	0.955306	65.7701	0	0.339103	0.0756273	28.6037
0.00338211	7.21182e-08	7.21182e-08	0	0.201128	4.29948	4.3	0.955306	65.7701	0	0.339907	0.0759871	28.6526
0.00338611	7.22894e-08	7.22894e-08	0	0.201366	4.29948	4.3	0.955306	65.7701	0	0.340712	0.0763484	28.7015
0.00339012	7.2461e-08	7.2461e-08	0	0.201604	4.29948	4.3	0.955306	65.7701	0	0.341518	0.0767112	28.7504
0.00339412	7.26329e-08	7.26329e-08	0	0.201842	4.29948	4.3	0.955306	65.7701	0	0.342325	0.0770756	28.7991
0.00339813	7.28051e-08	7.28051e-08	0	0.202081	4.29948	4.3	0.955306	65.7701	0	0.343133	0.0774415	28.8478
0.00340213	7.29777e-08	7.29777e-08	0	0.202319	4.29948	4.3	0.955306	65.7701	0	0.343942	0.077809	28.8965
0.00340614	7.31505e-08	7.31505e-08	0	0.202557	4.29948	4.3	0.955306	65.7701	0	0.344751	0.0781781	28.945
0.00341014	7.33237e-08	7.33237e-08	0	0.202795	4.29948	4.3	0.955306	65.7701	0	0.345562	0.0785487	28.9935
0.00341415	7.34972e-08	7.34972e-08	0	0.203033	4.29948	4.3	0.955306	65.7701	0	0.346374	0.0789209	29.042
0.00341815	7.36711e-08	7.36711e-08	0	0.203271	4.29948	4.3	0.955306	65.7701	0	0.347186	0.0792947	29.0903
0.00342216	7.38452e-08	7.38452e-08	0	0.203509	4.29948	4.3	0.955306	65.7701	0	0.348	0.0796701	29.1386
0.00342616	7.40197e-08	7.40197e-08	0	0.203747	4.29948	4.3	0.955306	65.7701	0	0.348814	0.080047	29.1869
0.00343017	7.41945e-08	7.41945e-08	0	0.203985	4.29948	4.3	0.955306	65.7701	0	0.34963	0.0804256	29.235
0.00343417	7.43697e-08	7.43697e-08	0	0.204223	4.29948	4.3	0.955306	65.7701	0	0.350446	0.0808057	29.2831
0.00343818	7.45452e-08	7.45452e-08	0	0.204461	4.29948	4.3	0.955306	65.7701	0	0.351264	0.0811875	29.3311
0.00344218	7.4721e-08	7.4721e-08	0	0.204699	4.29948	4.3	0.955306	65.7701	0	0.352082	0.0815709	29.3791
0.00344619	7.48971e-08	7.48971e-08	0	0.204937	4.29948	4.3	0.955306	65.7701	0	0.352901	0.0819559	29.427
0.00345019	7.50735e-08	7.50735e-08	0	0.205175	4.29948	4.3	0.955306	65.7701	0	0.353721	0.0823425	29.4748
0.0034542	7.52503e-08	7.52503e-08	0	0.205413	4.29948	4.3	0.955306	65.7701	0	0.354543	0.0827308	29.5225
0.0034582	7.54274e-08	7.54274e-08	0	0.205651	4.29948	4.3	0.955306	65.7701	0	0.355365	0.0831207	29.5702
0.00346221	7.56049e-08	7.56049e-08	0	0.205889	4.29948	4.3	0.955306	65.7701	0	0.356188	0.0835122	29.6178
0.00346621	7.57827e-08	7.57827e-08	0	0.206127	4.29948	4.3	0.955306	65.7701	0	0.357012	0.0839054	29.6653
0.00347022	7.59608e-08	7.59608e-08	0	0.206365	4.29948	4.3	0.955306	65.7701	0	0.357837	0.0843003	29.7127
0.00347422	7.61392e-08	7.61392e-08	0	0.206603	4.29948	4.3	0.955306	65.7701	0	0.358663	0.0846968	29.7601
0.00347823	7.6318e-08	7.6318e-08	0	0.206841	4.29948	4.3	0.955306	65.7701	0	0.35949	0.085095	29.8074
0.00348224	7.64971e-08	7.64971e-08	0	0.207079	4.29948	4.3	0.955306	65.7701	0	0.360317	0.0854948	29.8546
0.00348624	7.66765e-08	7.66765e-08	0	0.207317	4.29948	4.3	0.955306	65.7701	0	0.361146	0.0858964	29.9017
0.00349025	7.68563e-08	7.68563e-08	0	0.207555	4.29948	4.3	0.955306	65.7701	0	0.361976	0.0862996	29.9487
0.00349425	7.70364e-08	7.70364e-08	0	0.207793	4.29948	4.3	0.955306	65.7701	0	0.362807	0.0867045	29.9957
0.00349826	7.72168e-08	7.72168e-08	0	0.208031	4.29948	4.3	0.955306	65.7701	0	0.363638	0.0871111	30.0426
0.00350226	7.73975e-08	7.73975e-08	0	0.208269	4.29948	4.3	0.955306	65.7701	0	0.364471	0.0875195	30.0894
0.00350627	7.75786e-08	7.75786e-08	0	0.208507	4.29948	4.3	0.955306	65.7701	0	0.365304	0.0879295	30.1361
0.00351027	7.77601e-08	7.77601e-08	0	0.208745	4.29948	4.3	0.955306	65.7701	0	0.366139	0.0883412	30.1828
0.00351428	7.79418e-08	7.79418e-08	0	0.208983	4.29948	4.3	0.955306	65.7701	0	0.366974	0.0887547	30.2293
0.00351828	7.81239e-08	7.81239e-08	0	0.209221	4.29948	4.3	0.955306	65.7701	0	0.367811	0.0891699	30.2758
0.00352229	7.83064e-08	7.83064e-08	0	0.209459	4.29948	4.3	0.955306	65.7701	0	0.368648	0.0895869	30.3222
0.00352629	7.84891e-08	7.84891e-08	0	0.209697	4.29948	4.3	0.955306	65.7701	0	0.369486	0.0900056	30.3685
0.0035303	7.86722e-08	7.86722e-08	0	0.209935	4.29948	4.3	0.955306	65.7701	0	0.370326	0.090426	30.4147
0.0035343	7.88557e-08	7.88557e-08	0	0.210173	4.29948	4.3	0.955306	65.7701	0	0.371166	0.0908482	30.4608
0.00353831	7.90395e-08	7.90395e-08	0	0.210411	4.29948	4.3	0.955306	65.7701	0	0.372007	0.0912721	30.5069
0.00354231	7.92236e-08	7.92236e-08	0	0.210649	4.29948	4.3	0.955306	65.7701	0	0.372849	0.0916978	30.5528
0.00354632	7.9408e-08	7.9408e-08	0	0.210887	4.29948	4.3	0.955306	65.7701	0	0.373692	0.0921253	30.5987
0.00355033	7.95928e-08	7.95928e-08	0	0.211125	4.29948	4.3	0.955306	65.7701	0	0.374536	0.0925546	30.6445
0.00355433	7.97779e-08	7.97779e-08	0	0.211363	4.29948	4.3	0.955306	65.7701	0	0.375381	0.0929856	30.6902
0.00355834	7.99634e-08	7.99634e-08	0	0.211601	4.29948	4.3	0.955306	65.7701	0	0.376227	0.0934185	30.7358
0.00356234	8.01492e-08	8.01492e-08	0	0.211839	4.29948	4.3	0.955306	65.7701	0	0.377074	0.0938531	30.7813
0.00356635	8.03354e-08	8.03354e-08	0	0.212077	4.29948	4.3	0.955306	65.7701	0	0.377922	0.0942896	30.8267
0.00357035	8.05218e-08	8.05218e-08	0	0.212315	4.29948	4.3	0.955306	65.7701	0	0.378771	0.0947278	30.872
0.00357436	8.07087e-08	8.07087e-08	0	0.212553	4.29948	4.3	0.955306	65.7701	0	0.379621	0.0951679	30.9173
0.00357836	8.08958e-08	8.08958e-08	0	0.212791	4.29948	4.3	0.955306	65.7701	0	0.380471	0.0956098	30.9624
0.00358237	8.10833e-08	8.10833e-08	0	0.21303	4.29948	4.3	0.955306	65.7701	0	0.381323	0.0960536	31.0074
0.00358637	8.12712e-08	8.12712e-08	0	0.213268	4.29948	4.3	0.955306	65.7701	0	0.382175	0.0964991	31.0524
0.00359038	8.14594e-08	8.14594e-08	0	0.213506	4.29948	4.3	0.955306	65.7701	0	0.383029	0.0969465	31.0972
0.00359439	8.16479e-08	8.16479e-08	0	0.213744	4.29948	4.3	0.955306	65.7701	0	0.383883	0.0973958	31.142
0.00359839	8.18368e-08	8.18368e-08	0	0.213982	4.29948	4.3	0.955306	65.7701	0	0.384739	0.0978469	31.1866
0.0036024	8.2026e-08	8.2026e-08	0	0.21422	4.29948	4.3	0.955306	65.7701	0	0.385595	0.0982999	31.2312
0.0036064	8.22155e-08	8.22155e-08	0	0.214458	4.29948	4.3	0.955306	65.7701	0	0.386453	0.0987547	31.2757
0.00361041	8.24054e-08	8.24054e-08	0	0.214696	4.29948	4.3	0.955306	65.7701	0	0.387311	0.0992115	31.32
0.00361441	8.25957e-08	8.25957e-08	0	0.214934	4.29948	4.3	0.955306	65.7701	0	0.38817	0.0996701	31.3643
0.00361842	8.27863e-08	8.27863e-08	0	0.215172	4.29948	4.3	0.955306	65.7701	0	0.38903	0.100131	31.4084
0.00362242	8.29772e-08	8.29772e-08	0	0.21541	4.29948	4.3	0.955306	65.7701	0	0.389892	0.100593	31.4525
0.00362643	8.31685e-08	8.31685e-08	0	0.215648	4.29948	4.3	0.955306	65.7701	0	0.390754	0.101057	31.4965
0.00363044	8.33601e-08	8.33601e-08	0	0.215886	4.29948	4.3	0.955306	65.7701	0	0.391617	0.101523	31.5403
0.00363444	8.3552e-08	8.3552e-08	0	0.216124	4.29948	4.3	0.955306	65.7701	0	0.392481	0.101992	31.5841
0.00363845	8.37443e-08	8.37443e-08	0	0.216362	4.29948	4.3	0.955306	65.7701	0	0.393346	0.102462	31.6277
0.00364245	8.3937e-08	8.3937e-08	0	0.2166	4.29948	4.3	0.955306	65.7701	0	0.394212	0.102934	31.6712
0.00364646	8.413e-08	8.413e-08	0	0.216838	4.29948	4.3	0.955306	65.7701	0	0.395079	0.103408	31.7147
0.00365046	8.43234e-08	8.43234e-08	0	0.217076	4.29948	4.3	0.955306	65.7701	0	0.395946	0.103883	31.758
0.00365447	8.4517e-08	8.4517e-08	0	0.217314	4.29948	4.3	0.955306	65.7701	0	0.396815	0.104361	31.8012
0.00365848	8.47111e-08	8.47111e-08	0	0.217552	4.29948	4.3	0.955306	65.7701	0	0.397685	0.104841	31.8443
0.00366248	8.49055e-08	8.49055e-08	0	0.21779	4.29948	4.3	0.955306	65.7701	0	0.398556	0.105323	31.8873
0.00366649	8.51002e-08	8.51002e-08	0	0.218028	4.29948	4.3	0.955306	65.7701	0	0.399427	0.105806	31.9302
0.00367049	8.52953e-08	8.52953e-08	0	0.218266	4.29948	4.3	0.955306	65.7701	0	0.4003	0.106292	31.973
0.0036745	8.54907e-08	8.54907e-08	0	0.218504	4.29948	4.3	0.955306	65.7701	0	0.401173	0.10678	32.0157
0.0036785	8.56865e-08	8.56865e-08	0	0.218742	4.29948	4.3	0.955306	65.7701	0	0.402048	0.107269	32.0582
0.00368251	8.58826e-08	8.58826e-08	0	0.21898	4.29948	4.3	0.955306	65.7701	0	0.402923	0.107761	32.1007
0.00368652	8.60791e-08	8.60791e-08	0	0.219218	4.29948	4.3	0.955306	65.7701	0	0.4038	0.108254	32.143
0.00369052	8.62759e-08	8.62759e-08	0	0.219456	4.29948	4.3	0.955306	65.7701	0	0.404677	0.10875	32.1852
0.00369453	8.64731e-08	8.64731e-08	0	0.219694	4.29948	4.3	0.955306	65.7701	0	0.405555	0.109248	32.2273
0.00369853	8.66706e-08	8.66706e-08	0	0.219932	4.29948	4.3	0.955306	65.7701	0	0.406435	0.109747	32.2693
0.00370254	8.68685e-08	8.68685e-08	0	0.22017	4.29948	4.3	0.955306	65.7701	0	0.407315	0.110249	32.3112
0.00370654	8.70668e-08	8.70668e-08	0	0.220408	4.29948	4.3	0.955306	65.7701	0	0.408196	0.110753	32.353
0.00371055	8.72653e-08	8.72653e-08	0	0.220646	4.29948	4.3	0.955306	65.7701	0	0.409078	0.111259	32.3946
0.00371456	8.74643e-08	8.74643e-08	0	0.220884	4.29948	4.3	0.955306	65.7701	0	0.409961	0.111766	32.4361
0.00371856	8.76636e-08	8.76636e-08	0	0.221122	4.29948	4.3	0.955306	65.7701	0	0.410845	0.112276	32.4775
0.00372257	8.78632e-08	8.78632e-08	0	0.22136	4.29948	4.3	0.955306	65.7701	0	0.41173	0.112788	32.5188
0.00372657	8.80632e-08	8.80632e-08	0	0.221598	4.29948	4.3	0.955306	65.7701	0	0.412616	0.113302	32.56
0.00373058	8.82635e-08	8.82635e-08	0	0.221836	4.29948	4.3	0.955306	65.7701	0	0.413503	0.113818	32.601
0.00373458	8.84642e-08	8.84642e-08	0	0.222074	4.29948	4.3	0.955306	65.7701	0	0.414391	0.114337	32.6419
0.00373859	8.86653e-08	8.86653e-08	0	0.222312	4.29948	4.3	0.955306	65.7701	0	0.41528	0.114857	32.6827
0.0037426	8.88667e-08	8.88667e-08	0	0.22255	4.29948	4.3	0.955306	65.7701	0	0.416169	0.115379	32.7234
0.0037466	8.90684e-08	8.90684e-08	0	0.222788	4.29948	4.3	0.955306	65.7701	0	0.41706	0.115904	32.7639
0.00375061	8.92705e-08	8.92705e-08	0	0.223026	4.29948	4.3	0.955306	65.7701	0	0.417952	0.11643	32.8044
0.00375461	8.9473e-08	8.9473e-08	0	0.223264	4.29948	4.3	0.955306	65.7701	0	0.418844	0.116959	32.8447
0.00375862	8.96758e-08	8.96758e-08	0	0.223502	4.29948	4.3	0.955306	65.7701	0	0.419738	0.11749	32.8848
0.00376263	8.9879e-08	8.9879e-08	0	0.22374	4.29948	4.3	0.955306	65.7701	0	0.420632	0.118023	32.9249
0.00376663	9.00825e-08	9.00825e-08	0	0.223979	4.29948	4.3	0.955306	65.7701	0	0.421528	0.118558	32.9648
0.00377064	9.02864e-08	9.02864e-08	0	0.224217	4.29948	4.3	0.955306	65.7701	0	0.422424	0.119095	33.0046
0.00377464	9.04907e-08	9.04907e-08	0	0.224455	4.29948	4.3	0.955306	65.7701	0	0.423321	0.119635	33.0442
0.00377865	9.06953e-08	9.06953e-08	0	0.224693	4.29948	4.3	0.955306	65.7701	0	0.42422	0.120176	33.0838
0.00378266	9.09002e-08	9.09002e-08	0	0.224931	4.29948	4.3	0.955306	65.7701	0	0.425119	0.12072	33.1231
0.00378666	9.11055e-08	9.11055e-08	0	0.225169	4.29948	4.3	0.955306	65.7701	0	0.426019	0.121266	33.1624
0.00379067	9.13112e-08	9.13112e-08	0	0.225407	4.29948	4.3	0.955306	65.7701	0	0.42692	0.121814	33.2015
0.00379467	9.15172e-08	9.15172e-08	0	0.225645	4.29948	4.3	0.955306	65.7701	0	0.427822	0.122365	33.2405
0.00379868	9.17236e-08	9.17236e-08	0	0.225883	4.29948	4.3	0.955306	65.7701	0	0.428725	0.122917	33.2794
0.00380269	9.19304e-08	9.19304e-08	0	0.226121	4.29948	4.3	0.955306	65.7701	0	0.429629	0.123472	33.3181
0.00380669	9.21375e-08	9.21375e-08	0	0.226359	4.29948	4.3	0.955306	65.7701	0	0.430534	0.124029	33.3567
0.0038107	9.23449e-08	9.23449e-08	0	0.226597	4.29948	4.3	0.955306	65.7701	0	0.43144	0.124588	33.3952
0.0038147	9.25528e-08	9.25528e-08	0	0.226835	4.29948	4.3	0.955306	65.7701	0	0.432347	0.125149	33.4335
0.00381871	9.27609e-08	9.27609e-08	0	0.227073	4.29948	4.3	0.955306	65.7701	0	0.433255	0.125713	33.4717
0.00382272	9.29695e-08	9.29695e-08	0	0.227311	4.29948	4.3	0.955306	65.7701	0	0.434164	0.126279	33.5097
0.00382672	9.31784e-08	9.31784e-08	0	0.227549	4.29948	4.3	0.955306	65.7701	0	0.435073	0.126847	33.5476
0.00383073	9.33876e-08	9.33876e-08	0	0.227787	4.29948	4.3	0.955306	65.7701	0	0.435984	0.127418	33.5854
0.00383473	9.35973e-08	9.35973e-08	0	0.228025	4.29948	4.3	0.955306	65.7701	0	0.436896	0.12799	33.623
0.00383874	9.38073e-08	9.38073e-08	0	0.228263	4.29948	4.3	0.955306	65.7701	0	0.437808	0.128565	33.6605
0.00384275	9.40176e-08	9.40176e-08	0	0.228501	4.29948	4.3	0.955306	65.7701	0	0.438722	0.129142	33.6978
0.00384675	9.42283e-08	9.42283e-08	0	0.228739	4.29948	4.3	0.955306	65.7701	0	0.439636	0.129722	33.735
0.00385076	9.44394e-08	9.44394e-08	0	0.228977	4.29948	4.3	0.955306	65.7701	0	0.440552	0.130304	33.772
0.00385477	9.46508e-08	9.46508e-08	0	0.229215	4.29948	4.3	0.955306	65.7701	0	0.441468	0.130888	33.8089
0.00385877	9.48626e-08	9.48626e-08	0	0.229453	4.29948	4.3	0.955306	65.7701	0	0.442385	0.131474	33.8457
0.00386278	9.50747e-08	9.50747e-08	0	0.229691	4.29948	4.3	0.955306	65.7701	0	0.443304	0.132063	33.8823
0.00386678	9.52872e-08	9.52872e-08	0	0.229929	4.29948	4.3	0.955306	65.7701	0	0.444223	0.132654	33.9188
0.00387079	9.55001e-08	9.55001e-08	0	0.230167	4.29948	4.3	0.955306	65.7701	0	0.445143	0.133247	33.9551
0.0038748	9.57134e-08	9.57134e-08	0	0.230405	4.29948	4.3	0.955306	65.7701	0	0.446064	0.133843	33.9912
0.0038788	9.5927e-08	9.5927e-08	0	0.230643	4.29948	4.3	0.955306	65.7701	0	0.446986	0.134441	34.0272
0.00388281	9.61409e-08	9.61409e-08	0	0.230881	4.29948	4.3	0.955306	65.7701	0	0.447909	0.135041	34.0631
0.00388682	9.63553e-08	9.63553e-08	0	0.231119	4.29948	4.3	0.955306	65.7701	0	0.448833	0.135644	34.0988
0.00389082	9.657e-08	9.657e-08	0	0.231357	4.29948	4.3	0.955306	65.7701	0	0.449758	0.136249	34.1344
0.00389483	9.6785e-08	9.6785e-08	0	0.231595	4.29948	4.3	0.955306	65.7701	0	0.450684	0.136857	34.1698
0.00389883	9.70005e-08	9.70005e-08	0	0.231833	4.29948	4.3	0.955306	65.7701	0	0.451611	0.137467	34.205
0.00390284	9.72162e-08	9.72162e-08	0	0.232071	4.29948	4.3	0.955306	65.7701	0	0.452539	0.138079	34.2401
0.00390685	9.74324e-08	9.74324e-08	0	0.232309	4.29948	4.3	0.955306	65.7701	0	0.453468	0.138694	34.2751
0.00391085	9.76489e-08	9.76489e-08	0	0.232547	4.29948	4.3	0.955306	65.7701	0	0.454397	0.139311	34.3099
0.00391486	9.78658e-08	9.78658e-08	0	0.232785	4.29948	4.3	0.955306	65.7701	0	0.455328	0.13993	34.3445
0.00391887	9.80831e-08	9.80831e-08	0	0.233023	4.29948	4.3	0.955306	65.7701	0	0.45626	0.140552	34.379
0.00392287	9.83007e-08	9.83007e-08	0	0.233261	4.29948	4.3	0.955306	65.7701	0	0.457192	0.141177	34.4133
0.00392688	9.85187e-08	9.85187e-08	0	0.233499	4.29948	4.3	0.955306	65.7701	0	0.458126	0.141804	34.4474
0.00393089	9.8737e-08	9.8737e-08	0	0.233737	4.29948	4.3	0.955306	65.7701	0	0.45906	0.142433	34.4814
0.00393489	9.89557e-08	9.89557e-08	0	0.233975	4.29948	4.3	0.955306	65.7701	0	0.459996	0.143065	34.5152
0.0039389	9.91748e-08	9.91748e-08	0	0.234213	4.29948	4.3	0.955306	65.7701	0	0.460932	0.143699	34.5489
0.0039429	9.93943e-08	9.93943e-08	0	0.234451	4.29948	4.3	0.955306	65.7701	0	0.461869	0.144335	34.5824
0.00394691	9.96141e-08	9.96141e-08	0	0.23469	4.29948	4.3	0.955306	65.7701	0	0.462808	0.144975	34.6157
0.00395092	9.98343e-08	9.98343e-08	0	0.234928	4.29948	4.3	0.955306	65.7701	0	0.463747	0.145616	34.6489
0.00395492	1.00055e-07	1.00055e-07	0	0.235166	4.29948	4.3	0.955306	65.7701	0	0.464687	0.14626	34.6819
0.00395893	1.00276e-07	1.00276e-07	0	0.235404	4.29948	4.3	0.955306	65.7701	0	0.465628	0.146907	34.7148
0.00396294	1.00497e-07	1.00497e-07	0	0.235642	4.29948	4.3	0.955306	65.7701	0	0.46657	0.147556	34.7475
0.00396694	1.00719e-07	1.00719e-07	0	0.23588	4.29948	4.3	0.955306	65.7701	0	0.467513	0.148208	34.78
0.00397095	1.00941e-07	1.00941e-07	0	0.236118	4.29948	4.3	0.955306	65.7701	0	0.468457	0.148862	34.8123
0.00397496	1.01163e-07	1.01163e-07	0	0.236356	4.29948	4.3	0.955306	65.7701	0	0.469402	0.149519	34.8445
0.00397896	1.01386e-07	1.01386e-07	0	0.236594	4.29948	4.3	0.955306	65.7701	0	0.470348	0.150178	34.8765
0.00398297	1.01609e-07	1.01609e-07	0	0.236832	4.29948	4.3	0.955306	65.7701	0	0.471295	0.15084	34.9083
0.00398698	1.01833e-07	1.01833e-07	0	0.23707	4.29948	4.3	0.955306	65.7701	0	0.472243	0.151504	34.94
0.00399098	1.02056e-07	1.02056e-07	0	0.237308	4.29948	4.3	0.955306	65.7701	0	0.473192	0.152171	34.9715
0.00399499	1.02281e-07	1.02281e-07	0	0.237546	4.29948	4.3	0.955306	65.7701	0	0.474141	0.15284	35.0028
0.003999	1.02505e-07	1.02505e-07	0	0.237784	4.29948	4.3	0.955306	65.7701	0	0.475092	0.153512	35.0339
0.004003	1.0273e-07	1.0273e-07	0	0.238022	4.29948	4.3	0.955306	65.7701	0	0.476044	0.154187	35.0649
0.00400701	1.02956e-07	1.02956e-07	0	0.23826	4.29948	4.3	0.955306	65.7701	0	0.476996	0.154864	35.0957
0.00401101	1.03181e-07	1.03181e-07	0	0.238498	4.29948	4.3	0.955306	65.7701	0	0.47795	0.155544	35.1263
0.00401502	1.03408e-07	1.03408e-07	0	0.238736	4.29948	4.3	0.955306	65.7701	0	0.478904	0.156226	35.1567
0.00401903	1.03634e-07	1.03634e-07	0	0.238974	4.29948	4.3	0.955306	65.7701	0	0.47986	0.156912	35.187
0.00402303	1.03861e-07	1.03861e-07	0	0.239212	4.29948	4.3	0.955306	65.7701	0	0.480816	0.157599	35.217
0.00402704	1.04088e-07	1.04088e-07	0	0.23945	4.29948	4.3	0.955306	65.7701	0	0.481773	0.15829	35.2469
0.00403105	1.04316e-07	1.04316e-07	0	0.239688	4.29948	4.3	0.955306	65.7701	0	0.482732	0.158983	35.2766
0.00403505	1.04544e-07	1.04544e-07	0	0.239926	4.29948	4.3	0.955306	65.7701	0	0.483691	0.159678	35.3062
0.00403906	1.04772e-07	1.04772e-07	0	0.240164	4.29948	4.3	0.955306	65.7701	0	0.484651	0.160376	35.3355
0.00404307	1.05001e-07	1.05001e-07	0	0.240402	4.29948	4.3	0.955306	65.7701	0	0.485612	0.161077	35.3647
0.00404707	1.0523e-07	1.0523e-07	0	0.24064	4.29948	4.3	0.955306	65.7701	0	0.486574	0.161781	35.3937
0.00405108	1.05459e-07	1.05459e-07	0	0.240878	4.29948	4.3	0.955306	65.7701	0	0.487537	0.162487	35.4225
0.00405509	1.05689e-07	1.05689e-07	0	0.241116	4.29948	4.3	0.955306	65.7701	0	0.488501	0.163196	35.4511
0.00405909	1.05919e-07	1.05919e-07	0	0.241354	4.29948	4.3	0.955306	65.7701	0	0.489466	0.163908	35.4795
0.0040631	1.0615e-07	1.0615e-07	0	0.241592	4.29948	4.3	0.955306	65.7701	0	0.490432	0.164623	35.5077
0.00406711	1.06381e-07	1.06381e-07	0	0.24183	4.29948	4.3	0.955306	65.7701	0	0.491399	0.16534	35.5358
0.00407112	1.06612e-07	1.06612e-07	0	0.242068	4.29948	4.3	0.955306	65.7701	0	0.492367	0.16606	35.5636
0.00407512	1.06844e-07	1.06844e-07	0	0.242306	4.29948	4.3	0.955306	65.7701	0	0.493335	0.166782	35.5913
0.00407913	1.07076e-07	1.07076e-07	0	0.242544	4.29948	4.3	0.955306	65.7701	0	0.494305	0.167507	35.6187
0.00408314	1.07308e-07	1.07308e-07	0	0.242782	4.29948	4.3	0.955306	65.7701	0	0.495276	0.168236	35.646
0.00408714	1.07541e-07	1.07541e-07	0	0.24302	4.29948	4.3	0.955306	65.7701	0	0.496247	0.168966	35.6731
0.00409115	1.07774e-07	1.07774e-07	0	0.243258	4.29948	4.3	0.955306	65.7701	0	0.49722	0.1697	35.7
0.00409516	1.08008e-07	1.08008e-07	0	0.243496	4.29948	4.3	0.955306	65.7701	0	0.498193	0.170436	35.7267
0.00409916	1.08242e-07	1.08242e-07	0	0.243734	4.29948	4.3	0.955306	65.7701	0	0.499168	0.171176	35.7532
0.00410317	1.08476e-07	1.08476e-07	0	0.243972	4.29948	4.3	0.955306	65.7701	0	0.500143	0.171917	35.7795
0.00410718	1.08711e-07	1.08711e-07	0	0.24421	4.29948	4.3	0.955306	65.7701	0	0.50112	0.172662	35.8056
0.00411118	1.08946e-07	1.08946e-07	0	0.244448	4.29948	4.3	0.955306	65.7701	0	0.502097	0.17341	35.8315
0.00411519	1.09182e-07	1.09182e-07	0	0.244686	4.29948	4.3	0.955306	65.7701	0	0.503075	0.17416	35.8572
0.0041192	1.09417e-07	1.09417e-07	0	0.244924	4.29948	4.3	0.955306	65.7701	0	0.504054	0.174913	35.8828
0.0041232	1.09654e-07	1.09654e-07	0	0.245162	4.29948	4.3	0.955306	65.7701	0	0.505035	0.175669	35.9081
0.00412721	1.0989e-07	1.0989e-07	0	0.2454	4.29948	4.3	0.955306	65.7701	0	0.506016	0.176428	35.9332
0.00413122	1.10127e-07	1.10127e-07	0	0.245639	4.29948	4.3	0.955306	65.7701	0	0.506998	0.17719	35.9581
0.00413522	1.10365e-07	1.10365e-07	0	0.245877	4.29948	4.3	0.955306	65.7701	0	0.507981	0.177955	35.9828
0.00413923	1.10602e-07	1.10602e-07	0	0.246115	4.29948	4.3	0.955306	65.7701	0	0.508965	0.178722	36.0073
0.00414324	1.1084e-07	1.1084e-07	0	0.246353	4.29948	4.3	0.955306	65.7701	0	0.50995	0.179492	36.0316
0.00414725	1.11079e-07	1.11079e-07	0	0.246591	4.29948	4.3	0.955306	65.7701	0	0.510936	0.180265	36.0557
0.00415125	1.11318e-07	1.11318e-07	0	0.246829	4.29948	4.3	0.955306	65.7701	0	0.511923	0.181042	36.0796
0.00415526	1.11557e-07	1.11557e-07	0	0.247067	4.29948	4.3	0.955306	65.7701	0	0.51291	0.181821	36.1032
0.00415927	1.11796e-07	1.11796e-07	0	0.247305	4.29948	4.3	0.955306	65.7701	0	0.513899	0.182602	36.1267
0.00416327	1.12036e-07	1.12036e-07	0	0.247543	4.29948	4.3	0.955306	65.7701	0	0.514889	0.183387	36.1499
0.00416728	1.12277e-07	1.12277e-07	0	0.247781	4.29948	4.3	0.955306	65.7701	0	0.515879	0.184175	36.173
0.00417129	1.12518e-07	1.12518e-07	0	0.248019	4.29948	4.3	0.955306	65.7701	0	0.516871	0.184966	36.1958
0.00417529	1.12759e-07	1.12759e-07	0	0.248257	4.29948	4.3	0.955306	65.7701	0	0.517864	0.185759	36.2184
0.0041793	1.13e-07	1.13e-07	0	0.248495	4.29948	4.3	0.955306	65.7701	0	0.518857	0.186556	36.2409
0.00418331	1.13242e-07	1.13242e-07	0	0.248733	4.29948	4.3	0.955306	65.7701	0	0.519852	0.187355	36.2631
0.00418732	1.13484e-07	1.13484e-07	0	0.248971	4.29948	4.3	0.955306	65.7701	0	0.520847	0.188158	36.285
0.00419132	1.13727e-07	1.13727e-07	0	0.249209	4.29948	4.3	0.955306	65.7701	0	0.521843	0.188963	36.3068
0.00419533	1.1397e-07	1.1397e-07	0	0.249447	4.29948	4.3	0.955306	65.7701	0	0.522841	0.189772	36.3283
0.00419934	1.14213e-07	1.14213e-07	0	0.249685	4.29948	4.3	0.955306	65.7701	0	0.523839	0.190583	36.3497
0.00420334	1.14457e-07	1.14457e-07	0	0.249923	4.29948	4.3	0.955306	65.7701	0	0.524838	0.191398	36.3708
0.00420735	1.14701e-07	1.14701e-07	0	0.250161	4.29948	4.3	0.955306	65.7701	0	0.525838	0.192215	36.3917
0.00421136	1.14946e-07	1.14946e-07	0	0.250399	4.29948	4.3	0.955306	65.7701	0	0.526839	0.193035	36.4123
0.00421537	1.15191e-07	1.15191e-07	0	0.250637	4.29948	4.3	0.955306	65.7701	0	0.527841	0.193859	36.4328
0.00421937	1.15436e-07	1.15436e-07	0	0.250875	4.29948	4.3	0.955306	65.7701	0	0.528844	0.194685	36.453
0.00422338	1.15682e-07	1.15682e-07	0	0.251113	4.29948	4.3	0.955306	65.7701	0	0.529848	0.195515	36.473
0.00422739	1.15928e-07	1.15928e-07	0	0.251351	4.29948	4.3	0.955306	65.7701	0	0.530853	0.196348	36.4928
0.00423139	1.16174e-07	1.16174e-07	0	0.251589	4.29948	4.3	0.955306	65.7701	0	0.531859	0.197183	36.5124
0.0042354	1.16421e-07	1.16421e-07	0	0.251827	4.29948	4.3	0.955306	65.7701	0	0.532866	0.198022	36.5317
0.00423941	1.16668e-07	1.16668e-07	0	0.252065	4.29948	4.3	0.955306	65.7701	0	0.533874	0.198864	36.5508
0.00424342	1.16916e-07	1.16916e-07	0	0.252303	4.29948	4.3	0.955306	65.7701	0	0.534883	0.199709	36.5697
0.00424742	1.17164e-07	1.17164e-07	0	0.252541	4.29948	4.3	0.955306	65.7701	0	0.535892	0.200557	36.5883
0.00425143	1.17412e-07	1.17412e-07	0	0.252779	4.29948	4.3	0.955306	65.7701	0	0.536903	0.201408	36.6068
0.00425544	1.17661e-07	1.17661e-07	0	0.253017	4.29948	4.3	0.955306	65.7701	0	0.537915	0.202262	36.625
0.00425945	1.1791e-07	1.1791e-07	0	0.253255	4.29948	4.3	0.955306	65.7701	0	0.538927	0.203119	36.6429
0.00426345	1.18159e-07	1.18159e-07	0	0.253493	4.29948	4.3	0.955306	65.7701	0	0.539941	0.20398	36.6607
0.00426746	1.18409e-07	1.18409e-07	0	0.253731	4.29948	4.3	0.955306	65.7701	0	0.540955	0.204843	36.6782
0.00427147	1.1866e-07	1.1866e-07	0	0.253969	4.29948	4.3	0.955306	65.7701	0	0.54197	0.20571	36.6954
0.00427547	1.1891e-07	1.1891e-07	0	0.254207	4.29948	4.3	0.955306	65.7701	0	0.542987	0.20658	36.7124
0.00427948	1.19161e-07	1.19161e-07	0	0.254445	4.29948	4.3	0.955306	65.7701	0	0.544004	0.207453	36.7292
0.00428349	1.19413e-07	1.19413e-07	0	0.254683	4.29948	4.3	0.955306	65.7701	0	0.545022	0.208329	36.7458
0.0042875	1.19664e-07	1.19664e-07	0	0.254921	4.29948	4.3	0.955306	65.7701	0	0.546042	0.209209	36.7621
0.0042915	1.19917e-07	1.19917e-07	0	0.255159	4.29948	4.3	0.955306	65.7701	0	0.547062	0.210092	36.7782
0.00429551	1.20169e-07	1.20169e-07	0	0.255397	4.29948	4.3	0.955306	65.7701	0	0.548083	0.210977	36.794
0.00429952	1.20422e-07	1.20422e-07	0	0.255635	4.29948	4.3	0.955306	65.7701	0	0.549105	0.211866	36.8096
0.00430353	1.20675e-07	1.20675e-07	0	0.255873	4.29948	4.3	0.955306	65.7701	0	0.550128	0.212759	36.825
0.00430753	1.20929e-07	1.20929e-07	0	0.256111	4.29948	4.3	0.955306	65.7701	0	0.551152	0.213654	36.8401
0.00431154	1.21183e-07	1.21183e-07	0	0.256349	4.29948	4.3	0.955306	65.7701	0	0.552177	0.214553	36.855
0.00431555	1.21438e-07	1.21438e-07	0	0.256588	4.29948	4.3	0.955306	65.7701	0	0.553203	0.215455	36.8696
0.00431956	1.21692e-07	1.21692e-07	0	0.256826	4.29948	4.3	0.955306	65.7701	0	0.554229	0.21636	36.884
0.00432356	1.21948e-07	1.21948e-07	0	0.257064	4.29948	4.3	0.955306	65.7701	0	0.555257	0.217268	36.8982
0.00432757	1.22203e-07	1.22203e-07	0	0.257302	4.29948	4.3	0.955306	65.7701	0	0.556286	0.21818	36.9121
0.00433158	1.22459e-07	1.22459e-07	0	0.25754	4.29948	4.3	0.955306	65.7701	0	0.557316	0.219095	36.9257
0.00433559	1.22716e-07	1.22716e-07	0	0.257778	4.29948	4.3	0.955306	65.7701	0	0.558346	0.220014	36.9391
0.00433959	1.22972e-07	1.22972e-07	0	0.258016	4.29948	4.3	0.955306	65.7701	0	0.559378	0.220935	36.9523
0.0043436	1.23229e-07	1.23229e-07	0	0.258254	4.29948	4.3	0.955306	65.7701	0	0.56041	0.22186	36.9652
0.00434761	1.23487e-07	1.23487e-07	0	0.258492	4.29948	4.3	0.955306	65.7701	0	0.561444	0.222788	36.9779
0.00435162	1.23745e-07	1.23745e-07	0	0.25873	4.29948	4.3	0.955306	65.7701	0	0.562478	0.22372	36.9903
0.00435562	1.24003e-07	1.24003e-07	0	0.258968	4.29948	4.3	0.955306	65.7701	0	0.563514	0.224655	37.0024
0.00435963	1.24262e-07	1.24262e-07	0	0.259206	4.29948	4.3	0.955306	65.7701	0	0.56455	0.225593	37.0143
0.00436364	1.24521e-07	1.24521e-07	0	0.259444	4.29948	4.3	0.955306	65.7701	0	0.565587	0.226535	37.026
0.00436765	1.2478e-07	1.2478e-07	0	0.259682	4.29948	4.3	0.955306	65.7701	0	0.566626	0.227479	37.0374
0.00437165	1.2504e-07	1.2504e-07	0	0.25992	4.29948	4.3	0.955306	65.7701	0	0.567665	0.228428	37.0485
0.00437566	1.253e-07	1.253e-07	0	0.260158	4.29948	4.3	0.955306	65.7701	0	0.568705	0.229379	37.0594
0.00437967	1.25561e-07	1.25561e-07	0	0.260396	4.29948	4.3	0.955306	65.7701	0	0.569746	0.230334	37.07
0.00438368	1.25822e-07	1.25822e-07	0	0.260634	4.29948	4.3	0.955306	65.7701	0	0.570788	0.231293	37.0803
0.00438768	1.26083e-07	1.26083e-07	0	0.260872	4.29948	4.3	0.955306	65.7701	0	0.571831	0.232255	37.0904
0.00439169	1.26345e-07	1.26345e-07	0	0.26111	4.29948	4.3	0.955306	65.7701	0	0.572875	0.23322	37.1003
0.0043957	1.26607e-07	1.26607e-07	0	0.261348	4.29948	4.3	0.955306	65.7701	0	0.57392	0.234189	37.1099
0.00439971	1.2687e-07	1.2687e-07	0	0.261586	4.29948	4.3	0.955306	65.7701	0	0.574966	0.235161	37.1192
0.00440371	1.27132e-07	1.27132e-07	0	0.261824	4.29948	4.3	0.955306	65.7701	0	0.576013	0.236136	37.1282
0.00440772	1.27396e-07	1.27396e-07	0	0.262062	4.29948	4.3	0.955306	65.7701	0	0.577061	0.237115	37.137
0.00441173	1.27659e-07	1.27659e-07	0	0.2623	4.29948	4.3	0.955306	65.7701	0	0.578109	0.238098	37.1455
0.00441574	1.27923e-07	1.27923e-07	0	0.262538	4.29948	4.3	0.955306	65.7701	0	0.579159	0.239084	37.1538
0.00441975	1.28188e-07	1.28188e-07	0	0.262776	4.29948	4.3	0.955306	65.7701	0	0.58021	0.240073	37.1618
0.00442375	1.28453e-07	1.28453e-07	0	0.263014	4.29948	4.3	0.955306	65.7701	0	0.581261	0.241066	37.1695
0.00442776	1.28718e-07	1.28718e-07	0	0.263252	4.29948	4.3	0.955306	65.7701	0	0.582314	0.242063	37.1769
0.00443177	1.28983e-07	1.28983e-07	0	0.26349	4.29948	4.3	0.955306	65.7701	0	0.583367	0.243062	37.1841
0.00443578	1.29249e-07	1.29249e-07	0	0.263728	4.29948	4.3	0.955306	65.7701	0	0.584422	0.244066	37.191
0.00443978	1.29516e-07	1.29516e-07	0	0.263966	4.29948	4.3	0.955306	65.7701	0	0.585477	0.245073	37.1977
0.00444379	1.29782e-07	1.29782e-07	0	0.264204	4.29948	4.3	0.955306	65.7701	0	0.586533	0.246083	37.204
0.0044478	1.3005e-07	1.3005e-07	0	0.264442	4.29948	4.3	0.955306	65.7701	0	0.587591	0.247097	37.2101
0.00445181	1.30317e-07	1.30317e-07	0	0.26468	4.29948	4.3	0.955306	65.7701	0	0.588649	0.248115	37.2159
0.00445582	1.30585e-07	1.30585e-07	0	0.264918	4.29948	4.3	0.955306	65.7701	0	0.589708	0.249136	37.2215
0.00445982	1.30853e-07	1.30853e-07	0	0.265156	4.29948	4.3	0.955306	65.7701	0	0.590768	0.250161	37.2267
0.00446383	1.31122e-07	1.31122e-07	0	0.265394	4.29948	4.3	0.955306	65.7701	0	0.591829	0.251189	37.2317
0.00446784	1.31391e-07	1.31391e-07	0	0.265632	4.29948	4.3	0.955306	65.7701	0	0.592891	0.252221	37.2364
0.00447185	1.3166e-07	1.3166e-07	0	0.26587	4.29948	4.3	0.955306	65.7701	0	0.593954	0.253256	37.2409
0.00447585	1.3193e-07	1.3193e-07	0	0.266108	4.29948	4.3	0.955306	65.7701	0	0.595018	0.254295	37.245
0.00447986	1.322e-07	1.322e-07	0	0.266346	4.29948	4.3	0.955306	65.7701	0	0.596083	0.255338	37.2489
0.00448387	1.32471e-07	1.32471e-07	0	0.266584	4.29948	4.3	0.955306	65.7701	0	0.597149	0.256384	37.2525
0.00448788	1.32742e-07	1.32742e-07	0	0.266822	4.29948	4.3	0.955306	65.7701	0	0.598216	0.257434	37.2558
0.00449189	1.33013e-07	1.33013e-07	0	0.26706	4.29948	4.3	0.955306	65.7701	0	0.599284	0.258487	37.2588
0.00449589	1.33285e-07	1.33285e-07	0	0.267298	4.29948	4.3	0.955306	65.7701	0	0.600352	0.259545	37.2615
0.0044999	1.33557e-07	1.33557e-07	0	0.267537	4.29948	4.3	0.955306	65.7701	0	0.601422	0.260605	37.264
0.00450391	1.33829e-07	1.33829e-07	0	0.267775	4.29948	4.3	0.955306	65.7701	0	0.602493	0.26167	37.2662
0.00450792	1.34102e-07	1.34102e-07	0	0.268013	4.29948	4.3	0.955306	65.7701	0	0.603564	0.262738	37.268
0.00451193	1.34376e-07	1.34376e-07	0	0.268251	4.29948	4.3	0.955306	65.7701	0	0.604637	0.26381	37.2696
0.00451593	1.34649e-07	1.34649e-07	0	0.268489	4.29948	4.3	0.955306	65.7701	0	0.60571	0.264885	37.2709
0.00451994	1.34923e-07	1.34923e-07	0	0.268727	4.29948	4.3	0.955306	65.7701	0	0.606785	0.265965	37.2719
0.00452395	1.35198e-07	1.35198e-07	0	0.268965	4.29948	4.3	0.955306	65.7701	0	0.60786	0.267048	37.2726
0.00452796	1.35472e-07	1.35472e-07	0	0.269203	4.29948	4.3	0.955306	65.7701	0	0.608936	0.268134	37.2731
0.00453197	1.35748e-07	1.35748e-07	0	0.269441	4.29948	4.3	0.955306	65.7701	0	0.610014	0.269225	37.2732
0.00453597	1.36023e-07	1.36023e-07	0	0.269679	4.29948	4.3	0.955306	65.7701	0	0.611092	0.270319	37.273
0.00453998	1.36299e-07	1.36299e-07	0	0.269917	4.29948	4.3	0.955306	65.7701	0	0.612171	0.271417	37.2726
0.00454399	1.36576e-07	1.36576e-07	0	0.270155	4.29948	4.3	0.955306	65.7701	0	0.613251	0.272518	37.2718
0.004548	1.36852e-07	1.36852e-07	0	0.270393	4.29948	4.3	0.955306	65.7701	0	0.614332	0.273624	37.2708
0.00455201	1.37129e-07	1.37129e-07	0	0.270631	4.29948	4.3	0.955306	65.7701	0	0.615414	0.274733	37.2694
0.00455602	1.37407e-07	1.37407e-07	0	0.270869	4.29948	4.3	0.955306	65.7701	0	0.616497	0.275846	37.2678
0.00456002	1.37685e-07	1.37685e-07	0	0.271107	4.29948	4.3	0.955306	65.7701	0	0.617581	0.276963	37.2659
0.00456403	1.37963e-07	1.37963e-07	0	0.271345	4.29948	4.3	0.955306	65.7701	0	0.618666	0.278083	37.2636
0.00456804	1.38242e-07	1.38242e-07	0	0.271583	4.29948	4.3	0.955306	65.7701	0	0.619752	0.279208	37.2611
0.00457205	1.38521e-07	1.38521e-07	0	0.271821	4.29948	4.3	0.955306	65.7701	0	0.620839	0.280336	37.2582
0.00457606	1.388e-07	1.388e-07	0	0.272059	4.29948	4.3	0.955306	65.7701	0	0.621927	0.281468	37.2551
0.00458006	1.3908e-07	1.3908e-07	0	0.272297	4.29948	4.3	0.955306	65.7701	0	0.623015	0.282604	37.2516
0.00458407	1.3936e-07	1.3936e-07	0	0.272535	4.29948	4.3	0.955306	65.7701	0	0.624105	0.283744	37.2478
0.00458808	1.3964e-07	1.3964e-07	0	0.272773	4.29948	4.3	0.955306	65.7701	0	0.625196	0.284887	37.2438
0.00459209	1.39921e-07	1.39921e-07	0	0.273011	4.29948	4.3	0.955306	65.7701	0	0.626287	0.286035	37.2394
0.0045961	1.40203e-07	1.40203e-07	0	0.273249	4.29948	4.3	0.955306	65.7701	0	0.62738	0.287186	37.2347
0.0046001	1.40484e-07	1.40484e-07	0	0.273487	4.29948	4.3	0.955306	65.7701	0	0.628473	0.288341	37.2297
0.00460411	1.40767e-07	1.40767e-07	0	0.273725	4.29948	4.3	0.955306	65.7701	0	0.629568	0.2895	37.2244
0.00460812	1.41049e-07	1.41049e-07	0	0.273963	4.29948	4.3	0.955306	65.7701	0	0.630663	0.290663	37.2188
0.00461213	1.41332e-07	1.41332e-07	0	0.274201	4.29948	4.3	0.955306	65.7701	0	0.631759	0.29183	37.2129
0.00461614	1.41615e-07	1.41615e-07	0	0.274439	4.29948	4.3	0.955306	65.7701	0	0.632857	0.293001	37.2066
0.00462015	1.41899e-07	1.41899e-07	0	0.274677	4.29948	4.3	0.955306	65.7701	0	0.633955	0.294176	37.2001
0.00462415	1.42183e-07	1.42183e-07	0	0.274915	4.29948	4.3	0.955306	65.7701	0	0.635054	0.295355	37.1932
0.00462816	1.42467e-07	1.42467e-07	0	0.275153	4.29948	4.3	0.955306	65.7701	0	0.636154	0.296537	37.1861
0.00463217	1.42752e-07	1.42752e-07	0	0.275391	4.29948	4.3	0.955306	65.7701	0	0.637255	0.297724	37.1786
0.00463618	1.43037e-07	1.43037e-07	0	0.275629	4.29948	4.3	0.955306	65.7701	0	0.638357	0.298915	37.1707
0.00464019	1.43323e-07	1.43323e-07	0	0.275867	4.29948	4.3	0.955306	65.7701	0	0.63946	0.300109	37.1626
0.0046442	1.43608e-07	1.43608e-07	0	0.276105	4.29948	4.3	0.955306	65.7701	0	0.640564	0.301308	37.1542
0.0046482	1.43895e-07	1.43895e-07	0	0.276343	4.29948	4.3	0.955306	65.7701	0	0.641669	0.30251	37.1454
0.00465221	1.44181e-07	1.44181e-07	0	0.276581	4.29948	4.3	0.955306	65.7701	0	0.642775	0.303717	37.1363
0.00465622	1.44469e-07	1.44469e-07	0	0.276819	4.29948	4.3	0.955306	65.7701	0	0.643882	0.304927	37.1269
0.00466023	1.44756e-07	1.44756e-07	0	0.277057	4.29948	4.3	0.955306	65.7701	0	0.64499	0.306142	37.1172
0.00466424	1.45044e-07	1.45044e-07	0	0.277295	4.29948	4.3	0.955306	65.7701	0	0.646098	0.307361	37.1071
0.00466825	1.45332e-07	1.45332e-07	0	0.277533	4.29948	4.3	0.955306	65.7701	0	0.647208	0.308583	37.0967
0.00467226	1.45621e-07	1.45621e-07	0	0.277771	4.29948	4.3	0.955306	65.7701	0	0.648319	0.30981	37.086
0.00467626	1.4591e-07	1.4591e-07	0	0.278009	4.29948	4.3	0.955306	65.7701	0	0.64943	0.311041	37.075
0.00468027	1.46199e-07	1.46199e-07	0	0.278247	4.29948	4.3	0.955306	65.7701	0	0.650543	0.312276	37.0636
0.00468428	1.46489e-07	1.46489e-07	0	0.278486	4.29948	4.3	0.955306	65.7701	0	0.651656	0.313515	37.0519
0.00468829	1.46779e-07	1.46779e-07	0	0.278724	4.29948	4.3	0.955306	65.7701	0	0.652771	0.314758	37.0399
0.0046923	1.47069e-07	1.47069e-07	0	0.278962	4.29948	4.3	0.955306	65.7701	0	0.653886	0.316005	37.0275
0.00469631	1.4736e-07	1.4736e-07	0	0.2792	4.29948	4.3	0.955306	65.7701	0	0.655002	0.317256	37.0148
0.00470031	1.47651e-07	1.47651e-07	0	0.279438	4.29948	4.3	0.955306	65.7701	0	0.656119	0.318512	37.0018
0.00470432	1.47943e-07	1.47943e-07	0	0.279676	4.29948	4.3	0.955306	65.7701	0	0.657238	0.319771	36.9885
0.00470833	1.48235e-07	1.48235e-07	0	0.279914	4.29948	4.3	0.955306	65.7701	0	0.658357	0.321035	36.9748
0.00471234	1.48527e-07	1.48527e-07	0	0.280152	4.29948	4.3	0.955306	65.7701	0	0.659477	0.322303	36.9608
0.00471635	1.4882e-07	1.4882e-07	0	0.28039	4.29948	4.3	0.955306	65.7701	0	0.660598	0.323574	36.9464
0.00472036	1.49113e-07	1.49113e-07	0	0.280628	4.29948	4.3	0.955306	65.7701	0	0.66172	0.324851	36.9317
0.00472437	1.49407e-07	1.49407e-07	0	0.280866	4.29948	4.3	0.955306	65.7701	0	0.662843	0.326131	36.9167
0.00472837	1.49701e-07	1.49701e-07	0	0.281104	4.29948	4.3	0.955306	65.7701	0	0.663967	0.327415	36.9013
0.00473238	1.49995e-07	1.49995e-07	0	0.281342	4.29948	4.3	0.955306	65.7701	0	0.665092	0.328704	36.8856
0.00473639	1.5029e-07	1.5029e-07	0	0.28158	4.29948	4.3	0.955306	65.7701	0	0.666218	0.329997	36.8696
0.0047404	1.50585e-07	1.50585e-07	0	0.281818	4.29948	4.3	0.955306	65.7701	0	0.667345	0.331294	36.8532
0.00474441	1.5088e-07	1.5088e-07	0	0.282056	4.29948	4.3	0.955306	65.7701	0	0.668472	0.332595	36.8365
0.00474842	1.51176e-07	1.51176e-07	0	0.282294	4.29948	4.3	0.955306	65.7701	0	0.669601	0.333901	36.8194
0.00475243	1.51472e-07	1.51472e-07	0	0.282532	4.29948	4.3	0.955306	65.7701	0	0.670731	0.33521	36.802
0.00475643	1.51769e-07	1.51769e-07	0	0.28277	4.29948	4.3	0.955306	65.7701	0	0.671861	0.336524	36.7842
0.00476044	1.52066e-07	1.52066e-07	0	0.283008	4.29948	4.3	0.955306	65.7701	0	0.672993	0.337842	36.7661
0.00476445	1.52363e-07	1.52363e-07	0	0.283246	4.29948	4.3	0.955306	65.7701	0	0.674125	0.339165	36.7476
0.00476846	1.52661e-07	1.52661e-07	0	0.283484	4.29948	4.3	0.955306	65.7701	0	0.675259	0.340492	36.7288
0.00477247	1.52959e-07	1.52959e-07	0	0.283722	4.29948	4.3	0.955306	65.7701	0	0.676393	0.341823	36.7097
0.00477648	1.53258e-07	1.53258e-07	0	0.28396	4.29948	4.3	0.955306	65.7701	0	0.677529	0.343158	36.6902
0.00478049	1.53556e-07	1.53556e-07	0	0.284198	4.29948	4.3	0.955306	65.7701	0	0.678665	0.344498	36.6703
0.0047845	1.53856e-07	1.53856e-07	0	0.284436	4.29948	4.3	0.955306	65.7701	0	0.679802	0.345842	36.6501
0.0047885	1.54155e-07	1.54155e-07	0	0.284674	4.29948	4.3	0.955306	65.7701	0	0.68094	0.34719	36.6296
0.00479251	1.54455e-07	1.54455e-07	0	0.284912	4.29948	4.3	0.955306	65.7701	0	0.68208	0.348543	36.6087
0.00479652	1.54756e-07	1.54756e-07	0	0.28515	4.29948	4.3	0.955306	65.7701	0	0.68322	0.3499	36.5874
0.00480053	1.55056e-07	1.55056e-07	0	0.285388	4.29948	4.3	0.955306	65.7701	0	0.684361	0.351261	36.5658
0.00480454	1.55358e-07	1.55358e-07	0	0.285626	4.29948	4.3	0.955306	65.7701	0	0.685503	0.352626	36.5438
0.00480855	1.55659e-07	1.55659e-07	0	0.285864	4.29948	4.3	0.955306	65.7701	0	0.686646	0.353996	36.5215
0.00481256	1.55961e-07	1.55961e-07	0	0.286102	4.29948	4.3	0.955306	65.7701	0	0.68779	0.355371	36.4988
0.00481657	1.56263e-07	1.56263e-07	0	0.28634	4.29948	4.3	0.955306	65.7701	0	0.688935	0.35675	36.4757
0.00482057	1.56566e-07	1.56566e-07	0	0.286578	4.29948	4.3	0.955306	65.7701	0	0.69008	0.358133	36.4523
0.00482458	1.56869e-07	1.56869e-07	0	0.286816	4.29948	4.3	0.955306	65.7701	0	0.691227	0.35952	36.4285
0.00482859	1.57172e-07	1.57172e-07	0	0.287054	4.29948	4.3	0.955306	65.7701	0	0.692375	0.360912	36.4044
0.0048326	1.57476e-07	1.57476e-07	0	0.287292	4.29948	4.3	0.955306	65.7701	0	0.693524	0.362309	36.3799
0.00483661	1.5778e-07	1.5778e-07	0	0.28753	4.29948	4.3	0.955306	65.7701	0	0.694673	0.36371	36.355
0.00484062	1.58085e-07	1.58085e-07	0	0.287768	4.29948	4.3	0.955306	65.7701	0	0.695824	0.365115	36.3298
0.00484463	1.58389e-07	1.58389e-07	0	0.288006	4.29948	4.3	0.955306	65.7701	0	0.696975	0.366524	36.3042
0.00484864	1.58695e-07	1.58695e-07	0	0.288244	4.29948	4.3	0.955306	65.7701	0	0.698128	0.367939	36.2783
0.00485265	1.59e-07	1.59e-07	0	0.288482	4.29948	4.3	0.955306	65.7701	0	0.699281	0.369357	36.252
0.00485665	1.59306e-07	1.59306e-07	0	0.28872	4.29948	4.3	0.955306	65.7701	0	0.700436	0.37078	36.2253
0.00486066	1.59613e-07	1.59613e-07	0	0.288958	4.29948	4.3	0.955306	65.7701	0	0.701591	0.372208	36.1982
0.00486467	1.5992e-07	1.5992e-07	0	0.289196	4.29948	4.3	0.955306	65.7701	0	0.702747	0.37364	36.1708
0.00486868	1.60227e-07	1.60227e-07	0	0.289435	4.29948	4.3	0.955306	65.7701	0	0.703905	0.375077	36.143
0.00487269	1.60534e-07	1.60534e-07	0	0.289673	4.29948	4.3	0.955306	65.7701	0	0.705063	0.376518	36.1148
0.0048767	1.60842e-07	1.60842e-07	0	0.289911	4.29948	4.3	0.955306	65.7701	0	0.706222	0.377963	36.0863
0.00488071	1.6115e-07	1.6115e-07	0	0.290149	4.29948	4.3	0.955306	65.7701	0	0.707382	0.379414	36.0573
0.00488472	1.61459e-07	1.61459e-07	0	0.290387	4.29948	4.3	0.955306	65.7701	0	0.708543	0.380868	36.028
0.00488873	1.61768e-07	1.61768e-07	0	0.290625	4.29948	4.3	0.955306	65.7701	0	0.709705	0.382327	35.9984
0.00489274	1.62077e-07	1.62077e-07	0	0.290863	4.29948	4.3	0.955306	65.7701	0	0.710868	0.383791	35.9683
0.00489674	1.62387e-07	1.62387e-07	0	0.291101	4.29948	4.3	0.955306	65.7701	0	0.712032	0.38526	35.9379
0.00490075	1.62697e-07	1.62697e-07	0	0.291339	4.29948	4.3	0.955306	65.7701	0	0.713197	0.386733	35.9071
0.00490476	1.63008e-07	1.63008e-07	0	0.291577	4.29948	4.3	0.955306	65.7701	0	0.714363	0.38821	35.8759
0.00490877	1.63319e-07	1.63319e-07	0	0.291815	4.29948	4.3	0.955306	65.7701	0	0.71553	0.389692	35.8444
0.00491278	1.6363e-07	1.6363e-07	0	0.292053	4.29948	4.3	0.955306	65.7701	0	0.716697	0.391179	35.8124
0.00491679	1.63942e-07	1.63942e-07	0	0.292291	4.29948	4.3	0.955306	65.7701	0	0.717866	0.39267	35.7801
0.0049208	1.64253e-07	1.64253e-07	0	0.292529	4.29948	4.3	0.955306	65.7701	0	0.719036	0.394166	35.7474
0.00492481	1.64566e-07	1.64566e-07	0	0.292767	4.29948	4.3	0.955306	65.7701	0	0.720206	0.395667	35.7143
0.00492882	1.64879e-07	1.64879e-07	0	0.293005	4.29948	4.3	0.955306	65.7701	0	0.721378	0.397172	35.6808
0.00493283	1.65192e-07	1.65192e-07	0	0.293243	4.29948	4.3	0.955306	65.7701	0	0.72255	0.398682	35.647
0.00493684	1.65505e-07	1.65505e-07	0	0.293481	4.29948	4.3	0.955306	65.7701	0	0.723724	0.400197	35.6127
0.00494085	1.65819e-07	1.65819e-07	0	0.293719	4.29948	4.3	0.955306	65.7701	0	0.724898	0.401716	35.5781
0.00494485	1.66133e-07	1.66133e-07	0	0.293957	4.29948	4.3	0.955306	65.7701	0	0.726074	0.40324	35.5431
0.00494886	1.66448e-07	1.66448e-07	0	0.294195	4.29948	4.3	0.955306	65.7701	0	0.72725	0.404768	35.5076
0.00495287	1.66763e-07	1.66763e-07	0	0.294433	4.29948	4.3	0.955306	65.7701	0	0.728427	0.406301	35.4718
0.00495688	1.67078e-07	1.67078e-07	0	0.294671	4.29948	4.3	0.955306	65.7701	0	0.729605	0.407839	35.4357
0.00496089	1.67394e-07	1.67394e-07	0	0.294909	4.29948	4.3	0.955306	65.7701	0	0.730785	0.409382	35.3991
0.0049649	1.6771e-07	1.6771e-07	0	0.295147	4.29948	4.3	0.955306	65.7701	0	0.731965	0.410929	35.3621
0.00496891	1.68026e-07	1.68026e-07	0	0.295385	4.29948	4.3	0.955306	65.7701	0	0.733146	0.412482	35.3247
0.00497292	1.68343e-07	1.68343e-07	0	0.295623	4.29948	4.3	0.955306	65.7701	0	0.734328	0.414038	35.287
0.00497693	1.6866e-07	1.6866e-07	0	0.295861	4.29948	4.3	0.955306	65.7701	0	0.735511	0.4156	35.2488
0.00498094	1.68978e-07	1.68978e-07	0	0.296099	4.29948	4.3	0.955306	65.7701	0	0.736695	0.417166	35.2102
0.00498495	1.69296e-07	1.69296e-07	0	0.296337	4.29948	4.3	0.955306	65.7701	0	0.73788	0.418738	35.1713
0.00498896	1.69614e-07	1.69614e-07	0	0.296575	4.29948	4.3	0.955306	65.7701	0	0.739065	0.420313	35.1319
0.00499297	1.69933e-07	1.69933e-07	0	0.296813	4.29948	4.3	0.955306	65.7701	0	0.740252	0.421894	35.0922
0.00499697	1.70252e-07	1.70252e-07	0	0.297051	4.29948	4.3	0.955306	65.7701	0	0.74144	0.42348	35.052
0.00500098	1.70571e-07	1.70571e-07	0	0.297289	4.29948	4.3	0.955306	65.7701	0	0.742629	0.42507	35.0115
0.00500499	1.70891e-07	1.70891e-07	0	0.297527	4.29948	4.3	0.955306	65.7701	0	0.743818	0.426665	34.9705
0.005009	1.71211e-07	1.71211e-07	0	0.297765	4.29948	4.3	0.955306	65.7701	0	0.745009	0.428265	34.9292
0.00501301	1.71531e-07	1.71531e-07	0	0.298003	4.29948	4.3	0.955306	65.7701	0	0.7462	0.42987	34.8874
0.00501702	1.71852e-07	1.71852e-07	0	0.298241	4.29948	4.3	0.955306	65.7701	0	0.747393	0.431479	34.8453
0.00502103	1.72173e-07	1.72173e-07	0	0.298479	4.29948	4.3	0.955306	65.7701	0	0.748586	0.433094	34.8027
0.00502504	1.72495e-07	1.72495e-07	0	0.298717	4.29948	4.3	0.955306	65.7701	0	0.749781	0.434713	34.7597
0.00502905	1.72817e-07	1.72817e-07	0	0.298955	4.29948	4.3	0.955306	65.7701	0	0.750976	0.436337	34.7163
0.00503306	1.73139e-07	1.73139e-07	0	0.299193	4.29948	4.3	0.955306	65.7701	0	0.752172	0.437966	34.6725
0.00503707	1.73462e-07	1.73462e-07	0	0.299431	4.29948	4.3	0.955306	65.7701	0	0.753369	0.4396	34.6283
0.00504108	1.73785e-07	1.73785e-07	0	0.299669	4.29948	4.3	0.955306	65.7701	0	0.754568	0.441239	34.5837
0.00504509	1.74108e-07	1.74108e-07	0	0.299907	4.29948	4.3	0.955306	65.7701	0	0.755767	0.442882	34.5387
0.0050491	1.74432e-07	1.74432e-07	0	0.300146	4.29948	4.3	0.955306	65.7701	0	0.756967	0.444531	34.4933
0.00505311	1.74756e-07	1.74756e-07	0	0.300384	4.29948	4.3	0.955306	65.7701	0	0.758168	0.446184	34.4474
0.00505712	1.7508e-07	1.7508e-07	0	0.300622	4.29948	4.3	0.955306	65.7701	0	0.75937	0.447843	34.4012
0.00506113	1.75405e-07	1.75405e-07	0	0.30086	4.29948	4.3	0.955306	65.7701	0	0.760573	0.449506	34.3545
0.00506513	1.75731e-07	1.75731e-07	0	0.301098	4.29948	4.3	0.955306	65.7701	0	0.761777	0.451175	34.3074
0.00506914	1.76056e-07	1.76056e-07	0	0.301336	4.29948	4.3	0.955306	65.7701	0	0.762982	0.452848	34.2599
0.00507315	1.76382e-07	1.76382e-07	0	0.301574	4.29948	4.3	0.955306	65.7701	0	0.764188	0.454526	34.212
0.00507716	1.76708e-07	1.76708e-07	0	0.301812	4.29948	4.3	0.955306	65.7701	0	0.765394	0.456209	34.1637
0.00508117	1.77035e-07	1.77035e-07	0	0.30205	4.29948	4.3	0.955306	65.7701	0	0.766602	0.457897	34.1149
0.00508518	1.77362e-07	1.77362e-07	0	0.302288	4.29948	4.3	0.955306	65.7701	0	0.767811	0.45959	34.0658
0.00508919	1.77689e-07	1.77689e-07	0	0.302526	4.29948	4.3	0.955306	65.7701	0	0.76902	0.461289	34.0162
0.0050932	1.78017e-07	1.78017e-07	0	0.302764	4.29948	4.3	0.955306	65.7701	0	0.770231	0.462992	33.9662
0.00509721	1.78345e-07	1.78345e-07	0	0.303002	4.29948	4.3	0.955306	65.7701	0	0.771442	0.4647	33.9157
0.00510122	1.78674e-07	1.78674e-07	0	0.30324	4.29948	4.3	0.955306	65.7701	0	0.772655	0.466413	33.8649
0.00510523	1.79002e-07	1.79002e-07	0	0.303478	4.29948	4.3	0.955306	65.7701	0	0.773868	0.468131	33.8136
0.00510924	1.79332e-07	1.79332e-07	0	0.303716	4.29948	4.3	0.955306	65.7701	0	0.775083	0.469855	33.7619
0.00511325	1.79661e-07	1.79661e-07	0	0.303954	4.29948	4.3	0.955306	65.7701	0	0.776298	0.471583	33.7098
0.00511726	1.79991e-07	1.79991e-07	0	0.304192	4.29948	4.3	0.955306	65.7701	0	0.777514	0.473316	33.6572
0.00512127	1.80321e-07	1.80321e-07	0	0.30443	4.29948	4.3	0.955306	65.7701	0	0.778732	0.475055	33.6042
0.00512528	1.80652e-07	1.80652e-07	0	0.304668	4.29948	4.3	0.955306	65.7701	0	0.77995	0.476798	33.5508
0.00512929	1.80983e-07	1.80983e-07	0	0.304906	4.29948	4.3	0.955306	65.7701	0	0.781169	0.478547	33.497
0.0051333	1.81314e-07	1.81314e-07	0	0.305144	4.29948	4.3	0.955306	65.7701	0	0.782389	0.4803	33.4427
0.00513731	1.81646e-07	1.81646e-07	0	0.305382	4.29948	4.3	0.955306	65.7701	0	0.78361	0.482059	33.388
0.00514132	1.81978e-07	1.81978e-07	0	0.30562	4.29948	4.3	0.955306	65.7701	0	0.784832	0.483823	33.3329
0.00514533	1.8231e-07	1.8231e-07	0	0.305858	4.29948	4.3	0.955306	65.7701	0	0.786055	0.485592	33.2773
0.00514934	1.82643e-07	1.82643e-07	0	0.306096	4.29948	4.3	0.955306	65.7701	0	0.787279	0.487366	33.2213
0.00515335	1.82976e-07	1.82976e-07	0	0.306334	4.29948	4.3	0.955306	65.7701	0	0.788504	0.489145	33.1649
0.00515736	1.83309e-07	1.83309e-07	0	0.306572	4.29948	4.3	0.955306	65.7701	0	0.78973	0.49093	33.108
0.00516137	1.83643e-07	1.83643e-07	0	0.30681	4.29948	4.3	0.955306	65.7701	0	0.790956	0.492719	33.0507
0.00516538	1.83977e-07	1.83977e-07	0	0.307048	4.29948	4.3	0.955306	65.7701	0	0.792184	0.494514	32.993
0.00516939	1.84312e-07	1.84312e-07	0	0.307286	4.29948	4.3	0.955306	65.7701	0	0.793413	0.496314	32.9348
0.0051734	1.84647e-07	1.84647e-07	0	0.307524	4.29948	4.3	0.955306	65.7701	0	0.794642	0.498119	32.8762
0.00517741	1.84982e-07	1.84982e-07	0	0.307762	4.29948	4.3	0.955306	65.7701	0	0.795873	0.499929	32.8171
0.00518141	1.85317e-07	1.85317e-07	0	0.308	4.29948	4.3	0.955306	65.7701	0	0.797105	0.501744	32.7576
0.00518542	1.85653e-07	1.85653e-07	0	0.308238	4.29948	4.3	0.955306	65.7701	0	0.798337	0.503565	32.6977
0.00518943	1.8599e-07	1.8599e-07	0	0.308476	4.29948	4.3	0.955306	65.7701	0	0.79957	0.505391	32.6373
0.00519344	1.86326e-07	1.86326e-07	0	0.308714	4.29948	4.3	0.955306	65.7701	0	0.800805	0.507222	32.5765
0.00519745	1.86663e-07	1.86663e-07	0	0.308952	4.29948	4.3	0.955306	65.7701	0	0.80204	0.509058	32.5152
0.00520146	1.87e-07	1.87e-07	0	0.30919	4.29948	4.3	0.955306	65.7701	0	0.803276	0.5109	32.4535
0.00520547	1.87338e-07	1.87338e-07	0	0.309428	4.29948	4.3	0.955306	65.7701	0	0.804514	0.512746	32.3914
0.00520948	1.87676e-07	1.87676e-07	0	0.309666	4.29948	4.3	0.955306	65.7701	0	0.805752	0.514598	32.3288
0.00521349	1.88014e-07	1.88014e-07	0	0.309904	4.29948	4.3	0.955306	65.7701	0	0.806991	0.516455	32.2658
0.0052175	1.88353e-07	1.88353e-07	0	0.310142	4.29948	4.3	0.955306	65.7701	0	0.808231	0.518318	32.2023
0.00522151	1.88692e-07	1.88692e-07	0	0.31038	4.29948	4.3	0.955306	65.7701	0	0.809472	0.520186	32.1383
0.00522552	1.89032e-07	1.89032e-07	0	0.310618	4.29948	4.3	0.955306	65.7701	0	0.810714	0.522059	32.0739
0.00522953	1.89371e-07	1.89371e-07	0	0.310856	4.29948	4.3	0.955306	65.7701	0	0.811957	0.523937	32.0091
0.00523354	1.89712e-07	1.89712e-07	0	0.311095	4.29948	4.3	0.955306	65.7701	0	0.813201	0.525821	31.9438
0.00523755	1.90052e-07	1.90052e-07	0	0.311333	4.29948	4.3	0.955306	65.7701	0	0.814446	0.52771	31.8781
0.00524156	1.90393e-07	1.90393e-07	0	0.311571	4.29948	4.3	0.955306	65.7701	0	0.815692	0.529604	31.8119
0.00524557	1.90734e-07	1.90734e-07	0	0.311809	4.29948	4.3	0.955306	65.7701	0	0.816938	0.531504	31.7453
0.00524958	1.91075e-07	1.91075e-07	0	0.312047	4.29948	4.3	0.955306	65.7701	0	0.818186	0.533409	31.6782
0.00525359	1.91417e-07	1.91417e-07	0	0.312285	4.29948	4.3	0.955306	65.7701	0	0.819435	0.535319	31.6106
0.0052576	1.91759e-07	1.91759e-07	0	0.312523	4.29948	4.3	0.955306	65.7701	0	0.820684	0.537235	31.5426
0.00526161	1.92102e-07	1.92102e-07	0	0.312761	4.29948	4.3	0.955306	65.7701	0	0.821935	0.539156	31.4741
0.00526562	1.92445e-07	1.92445e-07	0	0.312999	4.29948	4.3	0.955306	65.7701	0	0.823187	0.541082	31.4052
0.00526963	1.92788e-07	1.92788e-07	0	0.313237	4.29948	4.3	0.955306	65.7701	0	0.824439	0.543014	31.3358
0.00527364	1.93132e-07	1.93132e-07	0	0.313475	4.29948	4.3	0.955306	65.7701	0	0.825692	0.544951	31.266
0.00527765	1.93476e-07	1.93476e-07	0	0.313713	4.29948	4.3	0.955306	65.7701	0	0.826947	0.546893	31.1957
0.00528166	1.9382e-07	1.9382e-07	0	0.313951	4.29948	4.3	0.955306	65.7701	0	0.828202	0.548841	31.1249
0.00528567	1.94164e-07	1.94164e-07	0	0.314189	4.29948	4.3	0.955306	65.7701	0	0.829458	0.550794	31.0537
0.00528968	1.94509e-07	1.94509e-07	0	0.314427	4.29948	4.3	0.955306	65.7701	0	0.830716	0.552753	30.982
0.00529369	1.94855e-07	1.94855e-07	0	0.314665	4.29948	4.3	0.955306	65.7701	0	0.831974	0.554717	30.9099
0.0052977	1.952e-07	1.952e-07	0	0.314903	4.29948	4.3	0.955306	65.7701	0	0.833233	0.556687	30.8373
0.00530171	1.95546e-07	1.95546e-07	0	0.315141	4.29948	4.3	0.955306	65.7701	0	0.834493	0.558662	30.7642
0.00530572	1.95893e-07	1.95893e-07	0	0.315379	4.29948	4.3	0.955306	65.7701	0	0.835754	0.560642	30.6907
0.00530973	1.96239e-07	1.96239e-07	0	0.315617	4.29948	4.3	0.955306	65.7701	0	0.837016	0.562628	30.6167
0.00531374	1.96586e-07	1.96586e-07	0	0.315855	4.29948	4.3	0.955306	65.7701	0	0.838279	0.56462	30.5422
0.00531775	1.96933e-07	1.96933e-07	0	0.316093	4.29948	4.3	0.955306	65.7701	0	0.839543	0.566617	30.4672
0.00532176	1.97281e-07	1.97281e-07	0	0.316331	4.29948	4.3	0.955306	65.7701	0	0.840808	0.568619	30.3918
