Voltage	Current	Iqp	Iand	V/Rleak	Te	Ts	DeltaT	Peph	Pand	Pleak	Pabs	Pcool
4.00001e-06	2.38022e-13	2.38022e-13	0	0.000238022	0.299336	0.3	0.999991	0.000712673	0	4.76044e-07	8.27721e-13	-2.53337e-23
8.00001e-06	4.76044e-13	4.76044e-13	0	0.000476044	0.299336	0.3	0.999991	0.000712673	0	1.90417e-06	3.31088e-12	-1.3689e-23
1.2e-05	7.14065e-13	7.14065e-13	0	0.000714065	0.299336	0.3	0.999991	0.000712673	0	4.28439e-06	7.44948e-12	-1.60143e-24
1.6e-05	9.52087e-13	9.52087e-13	0	0.000952087	0.299336	0.3	0.999991	0.000712673	0	7.6167e-06	1.32435e-11	1.09461e-23
2e-05	1.19011e-12	1.19011e-12	0	0.00119011	0.299336	0.3	0.999991	0.000712673	0	1.19011e-05	2.0693e-11	2.39714e-23
2.4e-05	1.42813e-12	1.42813e-12	0	0.00142813	0.299336	0.3	0.999991	0.000712673	0	1.71376e-05	2.97979e-11	3.7493e-23
2.8e-05	1.66615e-12	1.66615e-12	0	0.00166615	0.299336	0.3	0.999991	0.000712673	0	2.33261e-05	4.05583e-11	5.15302e-23
3.20001e-05	1.90417e-12	1.90417e-12	0	0.00190417	0.299336	0.3	0.999991	0.000712673	0	3.04668e-05	5.29741e-11	6.61029e-23
3.60001e-05	2.1422e-12	2.1422e-12	0	0.0021422	0.299336	0.3	0.999991	0.000712673	0	3.85595e-05	6.70454e-11	8.1232e-23
4.00001e-05	2.38022e-12	2.38022e-12	0	0.00238022	0.299336	0.3	0.999991	0.000712673	0	4.76044e-05	8.27721e-11	9.69389e-23
4.40001e-05	2.61824e-12	2.61824e-12	0	0.00261824	0.299336	0.3	0.999991	0.000712673	0	5.76013e-05	1.00154e-10	1.13246e-22
4.80001e-05	2.85626e-12	2.85626e-12	0	0.00285626	0.299336	0.3	0.999991	0.000712673	0	6.85503e-05	1.19192e-10	1.30177e-22
5.20001e-05	3.09428e-12	3.09428e-12	0	0.00309428	0.299336	0.3	0.999991	0.000712673	0	8.04514e-05	1.39885e-10	1.47755e-22
5.60001e-05	3.33231e-12	3.33231e-12	0	0.00333231	0.299336	0.3	0.999991	0.000712673	0	9.33045e-05	1.62233e-10	1.66006e-22
6.00001e-05	3.57033e-12	3.57033e-12	0	0.00357033	0.299336	0.3	0.999991	0.000712673	0	0.00010711	1.86237e-10	1.84956e-22
6.40001e-05	3.80835e-12	3.80835e-12	0	0.00380835	0.299336	0.3	0.999991	0.000712673	0	0.000121867	2.11896e-10	2.04632e-22
6.80001e-05	4.04637e-12	4.04637e-12	0	0.00404637	0.299336	0.3	0.999991	0.000712673	0	0.000137577	2.39211e-10	2.25063e-22
7.20001e-05	4.28439e-12	4.28439e-12	0	0.00428439	0.299336	0.3	0.999991	0.000712673	0	0.000154238	2.68181e-10	2.46276e-22
7.60001e-05	4.52241e-12	4.52241e-12	0	0.00452241	0.299336	0.3	0.999991	0.000712673	0	0.000171852	2.98807e-10	2.68303e-22
8.00001e-05	4.76044e-12	4.76044e-12	0	0.00476044	0.299336	0.3	0.999991	0.000712673	0	0.000190417	3.31088e-10	2.91176e-22
8.40001e-05	4.99846e-12	4.99846e-12	0	0.00499846	0.301023	0.3	0.999991	-0.00111355	0	0.000209935	3.65025e-10	5.37634e-22
8.80002e-05	5.23648e-12	5.23648e-12	0	0.00523648	0.301023	0.3	0.999991	-0.00111355	0	0.000230405	4.00617e-10	5.70741e-22
9.20002e-05	5.4745e-12	5.4745e-12	0	0.0054745	0.301023	0.3	0.999991	-0.00111355	0	0.000251827	4.37864e-10	6.05116e-22
9.60002e-05	5.71252e-12	5.71252e-12	0	0.00571252	0.301023	0.3	0.999991	-0.00111355	0	0.000274201	4.76767e-10	6.40806e-22
0.0001	5.95055e-12	5.95055e-12	0	0.00595055	0.301023	0.3	0.999991	-0.00111355	0	0.000297527	5.17325e-10	6.77864e-22
0.000104	6.18857e-12	6.18857e-12	0	0.00618857	0.301023	0.3	0.999991	-0.00111355	0	0.000321805	5.59539e-10	7.16341e-22
0.000108	6.42659e-12	6.42659e-12	0	0.00642659	0.301023	0.3	0.999991	-0.00111355	0	0.000347036	6.03408e-10	7.56292e-22
0.000112	6.66461e-12	6.66461e-12	0	0.00666461	0.301023	0.3	0.999991	-0.00111355	0	0.000373218	6.48933e-10	7.97774e-22
0.000116	6.90263e-12	6.90263e-12	0	0.00690263	0.301023	0.3	0.999991	-0.00111355	0	0.000400353	6.96113e-10	8.40847e-22
0.00012	7.14065e-12	7.14065e-12	0	0.00714065	0.301023	0.3	0.999991	-0.00111355	0	0.000428439	7.44948e-10	8.8557e-22
0.000124	7.37868e-12	7.37868e-12	0	0.00737868	0.301023	0.3	0.999991	-0.00111355	0	0.000457478	7.95439e-10	9.32009e-22
0.000128	7.6167e-12	7.6167e-12	0	0.0076167	0.301023	0.3	0.999991	-0.00111355	0	0.000487469	8.47586e-10	9.80228e-22
0.000132	7.85472e-12	7.85472e-12	0	0.00785472	0.301023	0.3	0.999991	-0.00111355	0	0.000518411	9.01388e-10	1.0303e-21
0.000136	8.09274e-12	8.09274e-12	0	0.00809274	0.301023	0.3	0.999991	-0.00111355	0	0.000550306	9.56845e-10	1.08229e-21
0.00014	8.33076e-12	8.33076e-12	0	0.00833076	0.301023	0.3	0.999991	-0.00111355	0	0.000583153	1.01396e-09	1.13627e-21
0.000144	8.56879e-12	8.56879e-12	0	0.00856879	0.301023	0.3	0.999991	-0.00111355	0	0.000616953	1.07273e-09	1.19233e-21
0.000148	8.80681e-12	8.80681e-12	0	0.00880681	0.301023	0.3	0.999991	-0.00111355	0	0.000651704	1.13315e-09	1.25053e-21
0.000152	9.04483e-12	9.04483e-12	0	0.00904483	0.301023	0.3	0.999991	-0.00111355	0	0.000687407	1.19523e-09	1.31098e-21
0.000156	9.28285e-12	9.28285e-12	0	0.00928285	0.301023	0.3	0.999991	-0.00111355	0	0.000724062	1.25896e-09	1.37374e-21
0.00016	9.52087e-12	9.52087e-12	0	0.00952087	0.301023	0.3	0.999991	-0.00111355	0	0.00076167	1.32435e-09	1.43891e-21
0.000164	9.75889e-12	9.75889e-12	0	0.00975889	0.301023	0.3	0.999991	-0.00111355	0	0.000800229	1.3914e-09	1.50658e-21
0.000168	9.99692e-12	9.99692e-12	0	0.00999692	0.301023	0.3	0.999991	-0.00111355	0	0.000839741	1.4601e-09	1.57686e-21
0.000172	1.02349e-11	1.02349e-11	0	0.0102349	0.301023	0.3	0.999991	-0.00111355	0	0.000880205	1.53046e-09	1.64983e-21
0.000176	1.0473e-11	1.0473e-11	0	0.010473	0.301023	0.3	0.999991	-0.00111355	0	0.00092162	1.60247e-09	1.7256e-21
0.00018	1.0711e-11	1.0711e-11	0	0.010711	0.301023	0.3	0.999991	-0.00111355	0	0.000963988	1.67613e-09	1.80429e-21
0.000184	1.0949e-11	1.0949e-11	0	0.010949	0.301023	0.3	0.999991	-0.00111355	0	0.00100731	1.75146e-09	1.886e-21
0.000188	1.1187e-11	1.1187e-11	0	0.011187	0.301023	0.3	0.999991	-0.00111355	0	0.00105158	1.82843e-09	1.97085e-21
0.000192	1.1425e-11	1.1425e-11	0	0.011425	0.301023	0.3	0.999991	-0.00111355	0	0.0010968	1.90707e-09	2.05895e-21
0.000196	1.16631e-11	1.16631e-11	0	0.0116631	0.301023	0.3	0.999991	-0.00111355	0	0.00114298	1.98736e-09	2.15045e-21
0.0002	1.19011e-11	1.19011e-11	0	0.0119011	0.301023	0.3	0.999991	-0.00111355	0	0.00119011	2.0693e-09	2.24546e-21
0.000204	1.21391e-11	1.21391e-11	0	0.0121391	0.301023	0.3	0.999991	-0.00111355	0	0.00123819	2.1529e-09	2.34412e-21
0.000208	1.23771e-11	1.23771e-11	0	0.0123771	0.301023	0.3	0.999991	-0.00111355	0	0.00128722	2.23816e-09	2.44658e-21
0.000212	1.26152e-11	1.26152e-11	0	0.0126152	0.301023	0.3	0.999991	-0.00111355	0	0.00133721	2.32507e-09	2.55297e-21
0.000216	1.28532e-11	1.28532e-11	0	0.0128532	0.301023	0.3	0.999991	-0.00111355	0	0.00138814	2.41363e-09	2.66345e-21
0.00022	1.30912e-11	1.30912e-11	0	0.0130912	0.301023	0.3	0.999991	-0.00111355	0	0.00144003	2.50385e-09	2.77819e-21
0.000224	1.33292e-11	1.33292e-11	0	0.0133292	0.301023	0.3	0.999991	-0.00111355	0	0.00149287	2.59573e-09	2.89733e-21
0.000228	1.35672e-11	1.35672e-11	0	0.0135672	0.301023	0.3	0.999991	-0.00111355	0	0.00154667	2.68926e-09	3.02105e-21
0.000232	1.38053e-11	1.38053e-11	0	0.0138053	0.301023	0.3	0.999991	-0.00111355	0	0.00160141	2.78445e-09	3.14953e-21
0.000236	1.40433e-11	1.40433e-11	0	0.0140433	0.301023	0.3	0.999991	-0.00111355	0	0.00165711	2.8813e-09	3.28295e-21
0.00024	1.42813e-11	1.42813e-11	0	0.0142813	0.301023	0.3	0.999991	-0.00111355	0	0.00171376	2.97979e-09	3.42151e-21
0.000244	1.45193e-11	1.45193e-11	0	0.0145193	0.301023	0.3	0.999991	-0.00111355	0	0.00177136	3.07995e-09	3.56539e-21
0.000248	1.47574e-11	1.47574e-11	0	0.0147574	0.301023	0.3	0.999991	-0.00111355	0	0.00182991	3.18176e-09	3.7148e-21
0.000252	1.49954e-11	1.49954e-11	0	0.0149954	0.301023	0.3	0.999991	-0.00111355	0	0.00188942	3.28522e-09	3.86996e-21
0.000256	1.52334e-11	1.52334e-11	0	0.0152334	0.301023	0.3	0.999991	-0.00111355	0	0.00194987	3.39034e-09	4.03109e-21
0.00026	1.54714e-11	1.54714e-11	0	0.0154714	0.301023	0.3	0.999991	-0.00111355	0	0.00201128	3.49712e-09	4.19842e-21
0.000264	1.57094e-11	1.57094e-11	0	0.0157094	0.302709	0.3	0.999991	-0.00299165	0	0.00207365	3.60555e-09	5.9435e-21
0.000268	1.59475e-11	1.59475e-11	0	0.0159475	0.302709	0.3	0.999991	-0.00299165	0	0.00213696	3.71564e-09	6.1831e-21
0.000272	1.61855e-11	1.61855e-11	0	0.0161855	0.302709	0.3	0.999991	-0.00299165	0	0.00220123	3.82738e-09	6.43186e-21
0.000276	1.64235e-11	1.64235e-11	0	0.0164235	0.302709	0.3	0.999991	-0.00299165	0	0.00226644	3.94078e-09	6.69015e-21
0.00028	1.66615e-11	1.66615e-11	0	0.0166615	0.302709	0.3	0.999991	-0.00299165	0	0.00233261	4.05583e-09	6.95832e-21
0.000284	1.68995e-11	1.68995e-11	0	0.0168995	0.302709	0.3	0.999991	-0.00299165	0	0.00239974	4.17254e-09	7.23674e-21
0.000288001	1.71376e-11	1.71376e-11	0	0.0171376	0.302709	0.3	0.999991	-0.00299165	0	0.00246781	4.2909e-09	7.52582e-21
0.000292001	1.73756e-11	1.73756e-11	0	0.0173756	0.302709	0.3	0.999991	-0.00299165	0	0.00253684	4.41092e-09	7.82596e-21
0.000296001	1.76136e-11	1.76136e-11	0	0.0176136	0.302709	0.3	0.999991	-0.00299165	0	0.00260681	4.5326e-09	8.13758e-21
0.000300001	1.78516e-11	1.78516e-11	0	0.0178516	0.302709	0.3	0.999991	-0.00299165	0	0.00267775	4.65593e-09	8.46113e-21
0.000304001	1.80897e-11	1.80897e-11	0	0.0180897	0.302709	0.3	0.999991	-0.00299165	0	0.00274963	4.78091e-09	8.79705e-21
0.000308001	1.83277e-11	1.83277e-11	0	0.0183277	0.302709	0.3	0.999991	-0.00299165	0	0.00282246	4.90755e-09	9.14583e-21
0.000312001	1.85657e-11	1.85657e-11	0	0.0185657	0.302709	0.3	0.999991	-0.00299165	0	0.00289625	5.03585e-09	9.50796e-21
0.000316001	1.88037e-11	1.88037e-11	0	0.0188037	0.302709	0.3	0.999991	-0.00299165	0	0.00297099	5.1658e-09	9.88394e-21
0.000320001	1.90417e-11	1.90417e-11	0	0.0190417	0.302709	0.3	0.999991	-0.00299165	0	0.00304668	5.29741e-09	1.02743e-20
0.000324001	1.92798e-11	1.92798e-11	0	0.0192798	0.302709	0.3	0.999991	-0.00299165	0	0.00312332	5.43067e-09	1.06796e-20
0.000328001	1.95178e-11	1.95178e-11	0	0.0195178	0.302709	0.3	0.999991	-0.00299165	0	0.00320092	5.56559e-09	1.11004e-20
0.000332001	1.97558e-11	1.97558e-11	0	0.0197558	0.302709	0.3	0.999991	-0.00299165	0	0.00327946	5.70217e-09	1.15373e-20
0.000336001	1.99938e-11	1.99938e-11	0	0.0199938	0.302709	0.3	0.999991	-0.00299165	0	0.00335896	5.8404e-09	1.1991e-20
0.000340001	2.02319e-11	2.02319e-11	0	0.0202319	0.302709	0.3	0.999991	-0.00299165	0	0.00343942	5.98028e-09	1.2462e-20
0.000344001	2.04699e-11	2.04699e-11	0	0.0204699	0.302709	0.3	0.999991	-0.00299165	0	0.00352082	6.12182e-09	1.2951e-20
0.000348001	2.07079e-11	2.07079e-11	0	0.0207079	0.302709	0.3	0.999991	-0.00299165	0	0.00360317	6.26502e-09	1.34587e-20
0.000352001	2.09459e-11	2.09459e-11	0	0.0209459	0.302709	0.3	0.999991	-0.00299165	0	0.00368648	6.40987e-09	1.39858e-20
0.000356001	2.11839e-11	2.11839e-11	0	0.0211839	0.302709	0.3	0.999991	-0.00299165	0	0.00377074	6.55637e-09	1.45332e-20
0.000360001	2.1422e-11	2.1422e-11	0	0.021422	0.302709	0.3	0.999991	-0.00299165	0	0.00385595	6.70454e-09	1.51014e-20
0.000364001	2.166e-11	2.166e-11	0	0.02166	0.302709	0.3	0.999991	-0.00299165	0	0.00394212	6.85435e-09	1.56915e-20
0.000368001	2.1898e-11	2.1898e-11	0	0.021898	0.304395	0.3	0.999991	-0.0049228	0	0.00402923	7.00583e-09	2.16895e-20
0.000372001	2.2136e-11	2.2136e-11	0	0.022136	0.304395	0.3	0.999991	-0.0049228	0	0.0041173	7.15895e-09	2.25269e-20
0.000376001	2.2374e-11	2.2374e-11	0	0.022374	0.304395	0.3	0.999991	-0.0049228	0	0.00420632	7.31374e-09	2.33962e-20
0.000380001	2.26121e-11	2.26121e-11	0	0.0226121	0.304395	0.3	0.999991	-0.0049228	0	0.00429629	7.47018e-09	2.42986e-20
0.000384001	2.28501e-11	2.28501e-11	0	0.0228501	0.304395	0.3	0.999991	-0.0049228	0	0.00438722	7.62827e-09	2.52352e-20
0.000388001	2.30881e-11	2.30881e-11	0	0.0230881	0.304395	0.3	0.999991	-0.0049228	0	0.00447909	7.78802e-09	2.62076e-20
0.000392001	2.33261e-11	2.33261e-11	0	0.0233261	0.304395	0.3	0.999991	-0.0049228	0	0.00457192	7.94943e-09	2.72169e-20
0.000396001	2.35642e-11	2.35642e-11	0	0.0235642	0.304395	0.3	0.999991	-0.0049228	0	0.0046657	8.11249e-09	2.82646e-20
0.000400001	2.38022e-11	2.38022e-11	0	0.0238022	0.304395	0.3	0.999991	-0.0049228	0	0.00476044	8.27721e-09	2.93521e-20
0.000404001	2.40402e-11	2.40402e-11	0	0.0240402	0.304395	0.3	0.999991	-0.0049228	0	0.00485612	8.44358e-09	3.04811e-20
0.000408001	2.42782e-11	2.42782e-11	0	0.0242782	0.304395	0.3	0.999991	-0.0049228	0	0.00495276	8.6116e-09	3.1653e-20
0.000412001	2.45162e-11	2.45162e-11	0	0.0245162	0.304395	0.3	0.999991	-0.0049228	0	0.00505035	8.78129e-09	3.28695e-20
0.000416001	2.47543e-11	2.47543e-11	0	0.0247543	0.304395	0.3	0.999991	-0.0049228	0	0.00514889	8.95263e-09	3.41322e-20
0.000420001	2.49923e-11	2.49923e-11	0	0.0249923	0.304395	0.3	0.999991	-0.0049228	0	0.00524838	9.12562e-09	3.5443e-20
0.000424001	2.52303e-11	2.52303e-11	0	0.0252303	0.304395	0.3	0.999991	-0.0049228	0	0.00534883	9.30027e-09	3.68037e-20
0.000428001	2.54683e-11	2.54683e-11	0	0.0254683	0.304395	0.3	0.999991	-0.0049228	0	0.00545022	9.47657e-09	3.82161e-20
0.000432001	2.57064e-11	2.57064e-11	0	0.0257064	0.304395	0.3	0.999991	-0.0049228	0	0.00555257	9.65453e-09	3.96823e-20
0.000436001	2.59444e-11	2.59444e-11	0	0.0259444	0.304395	0.3	0.999991	-0.0049228	0	0.00565587	9.83415e-09	4.12042e-20
0.000440001	2.61824e-11	2.61824e-11	0	0.0261824	0.304395	0.3	0.999991	-0.0049228	0	0.00576013	1.00154e-08	4.27841e-20
0.000444001	2.64204e-11	2.64204e-11	0	0.0264204	0.304395	0.3	0.999991	-0.0049228	0	0.00586533	1.01983e-08	4.4424e-20
0.000448001	2.66584e-11	2.66584e-11	0	0.0266584	0.306082	0.3	0.999991	-0.00690819	0	0.00597149	1.03829e-08	6.07378e-20
0.000452001	2.68965e-11	2.68965e-11	0	0.0268965	0.306082	0.3	0.999991	-0.00690819	0	0.0060786	1.05692e-08	6.30478e-20
0.000456001	2.71345e-11	2.71345e-11	0	0.0271345	0.306082	0.3	0.999991	-0.00690819	0	0.00618666	1.07571e-08	6.5445e-20
0.000460001	2.73725e-11	2.73725e-11	0	0.0273725	0.306082	0.3	0.999991	-0.00690819	0	0.00629568	1.09466e-08	6.7933e-20
0.000464001	2.76105e-11	2.76105e-11	0	0.0276105	0.306082	0.3	0.999991	-0.00690819	0	0.00640564	1.11378e-08	7.0515e-20
0.000468001	2.78486e-11	2.78486e-11	0	0.0278486	0.306082	0.3	0.999991	-0.00690819	0	0.00651656	1.13307e-08	7.31948e-20
0.000472001	2.80866e-11	2.80866e-11	0	0.0280866	0.306082	0.3	0.999991	-0.00690819	0	0.00662843	1.15252e-08	7.59758e-20
0.000476001	2.83246e-11	2.83246e-11	0	0.0283246	0.306082	0.3	0.999991	-0.00690819	0	0.00674125	1.17214e-08	7.88621e-20
0.000480001	2.85626e-11	2.85626e-11	0	0.0285626	0.306082	0.3	0.999991	-0.00690819	0	0.00685503	1.19192e-08	8.18575e-20
0.000484001	2.88006e-11	2.88006e-11	0	0.0288006	0.306082	0.3	0.999991	-0.00690819	0	0.00696975	1.21187e-08	8.49661e-20
0.000488001	2.90387e-11	2.90387e-11	0	0.0290387	0.306082	0.3	0.999991	-0.00690819	0	0.00708543	1.23198e-08	8.81924e-20
0.000492001	2.92767e-11	2.92767e-11	0	0.0292767	0.306082	0.3	0.999991	-0.00690819	0	0.00720206	1.25226e-08	9.15406e-20
0.000496001	2.95147e-11	2.95147e-11	0	0.0295147	0.306082	0.3	0.999991	-0.00690819	0	0.00731965	1.2727e-08	9.50155e-20
0.000500001	2.97527e-11	2.97527e-11	0	0.0297527	0.306082	0.3	0.999991	-0.00690819	0	0.00743818	1.29331e-08	9.86218e-20
0.000504001	2.99907e-11	2.99907e-11	0	0.0299907	0.306082	0.3	0.999991	-0.00690819	0	0.00755767	1.31409e-08	1.02365e-19
0.000508001	3.02288e-11	3.02288e-11	0	0.0302288	0.306082	0.3	0.999991	-0.00690819	0	0.00767811	1.33503e-08	1.06249e-19
0.000512001	3.04668e-11	3.04668e-11	0	0.0304668	0.306082	0.3	0.999991	-0.00690819	0	0.0077995	1.35614e-08	1.1028e-19
0.000516001	3.07048e-11	3.07048e-11	0	0.0307048	0.307768	0.3	0.999991	-0.00894903	0	0.00792184	1.37741e-08	1.49604e-19
0.000520001	3.09428e-11	3.09428e-11	0	0.0309428	0.307768	0.3	0.999991	-0.00894903	0	0.00804514	1.39885e-08	1.55243e-19
0.000524001	3.11809e-11	3.11809e-11	0	0.0311809	0.307768	0.3	0.999991	-0.00894903	0	0.00816938	1.42045e-08	1.61094e-19
0.000528001	3.14189e-11	3.14189e-11	0	0.0314189	0.307768	0.3	0.999991	-0.00894903	0	0.00829458	1.44222e-08	1.67165e-19
0.000532001	3.16569e-11	3.16569e-11	0	0.0316569	0.307768	0.3	0.999991	-0.00894903	0	0.00842074	1.46415e-08	1.73464e-19
0.000536001	3.18949e-11	3.18949e-11	0	0.0318949	0.307768	0.3	0.999991	-0.00894903	0	0.00854784	1.48625e-08	1.8e-19
0.000540001	3.21329e-11	3.21329e-11	0	0.0321329	0.307768	0.3	0.999991	-0.00894903	0	0.00867589	1.50852e-08	1.86782e-19
0.000544001	3.2371e-11	3.2371e-11	0	0.032371	0.307768	0.3	0.999991	-0.00894903	0	0.0088049	1.53095e-08	1.93818e-19
0.000548001	3.2609e-11	3.2609e-11	0	0.032609	0.307768	0.3	0.999991	-0.00894903	0	0.00893486	1.55355e-08	2.01119e-19
0.000552001	3.2847e-11	3.2847e-11	0	0.032847	0.307768	0.3	0.999991	-0.00894903	0	0.00906577	1.57631e-08	2.08695e-19
0.000556001	3.3085e-11	3.3085e-11	0	0.033085	0.307768	0.3	0.999991	-0.00894903	0	0.00919764	1.59924e-08	2.16556e-19
0.000560001	3.33231e-11	3.33231e-11	0	0.0333231	0.307768	0.3	0.999991	-0.00894903	0	0.00933045	1.62233e-08	2.24712e-19
0.000564001	3.35611e-11	3.35611e-11	0	0.0335611	0.307768	0.3	0.999991	-0.00894903	0	0.00946422	1.64559e-08	2.33174e-19
0.000568001	3.37991e-11	3.37991e-11	0	0.0337991	0.307768	0.3	0.999991	-0.00894903	0	0.00959894	1.66902e-08	2.41955e-19
0.000572001	3.40371e-11	3.40371e-11	0	0.0340371	0.307768	0.3	0.999991	-0.00894903	0	0.00973462	1.69261e-08	2.51066e-19
0.000576001	3.42751e-11	3.42751e-11	0	0.0342751	0.307768	0.3	0.999991	-0.00894903	0	0.00987124	1.71636e-08	2.60519e-19
0.000580001	3.45132e-11	3.45132e-11	0	0.0345132	0.309455	0.3	0.999991	-0.0110466	0	0.0100088	1.74028e-08	3.51018e-19
0.000584001	3.47512e-11	3.47512e-11	0	0.0347512	0.309455	0.3	0.999991	-0.0110466	0	0.0101473	1.76437e-08	3.64155e-19
0.000588001	3.49892e-11	3.49892e-11	0	0.0349892	0.309455	0.3	0.999991	-0.0110466	0	0.0102868	1.78862e-08	3.77783e-19
0.000592001	3.52272e-11	3.52272e-11	0	0.0352272	0.309455	0.3	0.999991	-0.0110466	0	0.0104273	1.81304e-08	3.91921e-19
0.000596001	3.54652e-11	3.54652e-11	0	0.0354652	0.309455	0.3	0.999991	-0.0110466	0	0.0105686	1.83762e-08	4.06587e-19
0.000600001	3.57033e-11	3.57033e-11	0	0.0357033	0.309455	0.3	0.999991	-0.0110466	0	0.010711	1.86237e-08	4.218e-19
0.000604001	3.59413e-11	3.59413e-11	0	0.0359413	0.309455	0.3	0.999991	-0.0110466	0	0.0108543	1.88729e-08	4.37583e-19
0.000608001	3.61793e-11	3.61793e-11	0	0.0361793	0.309455	0.3	0.999991	-0.0110466	0	0.0109985	1.91237e-08	4.53955e-19
0.000612001	3.64173e-11	3.64173e-11	0	0.0364173	0.309455	0.3	0.999991	-0.0110466	0	0.0111437	1.93761e-08	4.70939e-19
0.000616001	3.66554e-11	3.66554e-11	0	0.0366554	0.309455	0.3	0.999991	-0.0110466	0	0.0112899	1.96302e-08	4.88558e-19
0.000620001	3.68934e-11	3.68934e-11	0	0.0368934	0.309455	0.3	0.999991	-0.0110466	0	0.0114369	1.9886e-08	5.06836e-19
0.000624001	3.71314e-11	3.71314e-11	0	0.0371314	0.309455	0.3	0.999991	-0.0110466	0	0.011585	2.01434e-08	5.25796e-19
0.000628001	3.73694e-11	3.73694e-11	0	0.0373694	0.309455	0.3	0.999991	-0.0110466	0	0.011734	2.04025e-08	5.45465e-19
0.000632001	3.76074e-11	3.76074e-11	0	0.0376074	0.309455	0.3	0.999991	-0.0110466	0	0.011884	2.06632e-08	5.65869e-19
0.000636001	3.78455e-11	3.78455e-11	0	0.0378455	0.309455	0.3	0.999991	-0.0110466	0	0.0120349	2.09256e-08	5.87035e-19
0.000640001	3.80835e-11	3.80835e-11	0	0.0380835	0.311141	0.3	0.999991	-0.013202	0	0.0121867	2.11896e-08	7.86042e-19
0.000644001	3.83215e-11	3.83215e-11	0	0.0383215	0.311141	0.3	0.999991	-0.013202	0	0.0123395	2.14553e-08	8.15272e-19
0.000648001	3.85595e-11	3.85595e-11	0	0.0385595	0.311141	0.3	0.999991	-0.013202	0	0.0124933	2.17227e-08	8.45589e-19
0.000652001	3.87976e-11	3.87976e-11	0	0.0387976	0.311141	0.3	0.999991	-0.013202	0	0.012648	2.19917e-08	8.77033e-19
0.000656001	3.90356e-11	3.90356e-11	0	0.0390356	0.311141	0.3	0.999991	-0.013202	0	0.0128037	2.22624e-08	9.09644e-19
0.000660001	3.92736e-11	3.92736e-11	0	0.0392736	0.311141	0.3	0.999991	-0.013202	0	0.0129603	2.25347e-08	9.43467e-19
0.000664001	3.95116e-11	3.95116e-11	0	0.0395116	0.311141	0.3	0.999991	-0.013202	0	0.0131179	2.28087e-08	9.78547e-19
0.000668001	3.97496e-11	3.97496e-11	0	0.0397496	0.311141	0.3	0.999991	-0.013202	0	0.0132764	2.30843e-08	1.01493e-18
0.000672001	3.99877e-11	3.99877e-11	0	0.0399877	0.311141	0.3	0.999991	-0.013202	0	0.0134359	2.33616e-08	1.05266e-18
0.000676001	4.02257e-11	4.02257e-11	0	0.0402257	0.311141	0.3	0.999991	-0.013202	0	0.0135963	2.36405e-08	1.0918e-18
0.000680001	4.04637e-11	4.04637e-11	0	0.0404637	0.311141	0.3	0.999991	-0.013202	0	0.0137577	2.39211e-08	1.13239e-18
0.000684001	4.07017e-11	4.07017e-11	0	0.0407017	0.311141	0.3	0.999991	-0.013202	0	0.01392	2.42034e-08	1.17449e-18
0.000688001	4.09398e-11	4.09398e-11	0	0.0409398	0.311141	0.3	0.999991	-0.013202	0	0.0140833	2.44873e-08	1.21815e-18
0.000692001	4.11778e-11	4.11778e-11	0	0.0411778	0.311141	0.3	0.999991	-0.013202	0	0.0142475	2.47728e-08	1.26344e-18
0.000696001	4.14158e-11	4.14158e-11	0	0.0414158	0.312827	0.3	0.999991	-0.0154167	0	0.0144127	2.50601e-08	1.68192e-18
0.000700001	4.16538e-11	4.16538e-11	0	0.0416538	0.312827	0.3	0.999991	-0.0154167	0	0.0145788	2.53489e-08	1.74408e-18
0.000704001	4.18918e-11	4.18918e-11	0	0.0418918	0.312827	0.3	0.999991	-0.0154167	0	0.0147459	2.56395e-08	1.80855e-18
0.000708001	4.21299e-11	4.21299e-11	0	0.0421299	0.312827	0.3	0.999991	-0.0154167	0	0.014914	2.59317e-08	1.87539e-18
0.000712001	4.23679e-11	4.23679e-11	0	0.0423679	0.312827	0.3	0.999991	-0.0154167	0	0.015083	2.62255e-08	1.9447e-18
0.000716001	4.26059e-11	4.26059e-11	0	0.0426059	0.312827	0.3	0.999991	-0.0154167	0	0.0152529	2.6521e-08	2.01658e-18
0.000720001	4.28439e-11	4.28439e-11	0	0.0428439	0.312827	0.3	0.999991	-0.0154167	0	0.0154238	2.68181e-08	2.09111e-18
0.000724001	4.30819e-11	4.30819e-11	0	0.0430819	0.312827	0.3	0.999991	-0.0154167	0	0.0155957	2.7117e-08	2.16839e-18
0.000728001	4.332e-11	4.332e-11	0	0.04332	0.312827	0.3	0.999991	-0.0154167	0	0.0157685	2.74174e-08	2.24852e-18
0.000732001	4.3558e-11	4.3558e-11	0	0.043558	0.312827	0.3	0.999991	-0.0154167	0	0.0159422	2.77195e-08	2.33162e-18
0.000736001	4.3796e-11	4.3796e-11	0	0.043796	0.312827	0.3	0.999991	-0.0154167	0	0.0161169	2.80233e-08	2.41778e-18
0.000740001	4.4034e-11	4.4034e-11	0	0.044034	0.312827	0.3	0.999991	-0.0154167	0	0.0162926	2.83287e-08	2.50713e-18
0.000744001	4.42721e-11	4.42721e-11	0	0.0442721	0.312827	0.3	0.999991	-0.0154167	0	0.0164692	2.86358e-08	2.59977e-18
0.000748001	4.45101e-11	4.45101e-11	0	0.0445101	0.314514	0.3	0.999991	-0.0176919	0	0.0166468	2.89446e-08	3.44195e-18
0.000752001	4.47481e-11	4.47481e-11	0	0.0447481	0.314514	0.3	0.999991	-0.0176919	0	0.0168253	2.9255e-08	3.56842e-18
0.000756001	4.49861e-11	4.49861e-11	0	0.0449861	0.314514	0.3	0.999991	-0.0176919	0	0.0170048	2.9567e-08	3.69953e-18
0.000760001	4.52241e-11	4.52241e-11	0	0.0452241	0.314514	0.3	0.999991	-0.0176919	0	0.0171852	2.98807e-08	3.83546e-18
0.000764001	4.54622e-11	4.54622e-11	0	0.0454622	0.314514	0.3	0.999991	-0.0176919	0	0.0173665	3.01961e-08	3.97638e-18
0.000768001	4.57002e-11	4.57002e-11	0	0.0457002	0.314514	0.3	0.999991	-0.0176919	0	0.0175489	3.05131e-08	4.12248e-18
0.000772001	4.59382e-11	4.59382e-11	0	0.0459382	0.314514	0.3	0.999991	-0.0176919	0	0.0177321	3.08318e-08	4.27394e-18
0.000776001	4.61762e-11	4.61762e-11	0	0.0461762	0.314514	0.3	0.999991	-0.0176919	0	0.0179164	3.11521e-08	4.43096e-18
0.000780001	4.64143e-11	4.64143e-11	0	0.0464143	0.314514	0.3	0.999991	-0.0176919	0	0.0181016	3.14741e-08	4.59374e-18
0.000784001	4.66523e-11	4.66523e-11	0	0.0466523	0.314514	0.3	0.999991	-0.0176919	0	0.0182877	3.17977e-08	4.7625e-18
0.000788001	4.68903e-11	4.68903e-11	0	0.0468903	0.314514	0.3	0.999991	-0.0176919	0	0.0184748	3.2123e-08	4.93746e-18
0.000792001	4.71283e-11	4.71283e-11	0	0.0471283	0.314514	0.3	0.999991	-0.0176919	0	0.0186628	3.245e-08	5.11885e-18
0.000796001	4.73663e-11	4.73663e-11	0	0.0473663	0.314514	0.3	0.999991	-0.0176919	0	0.0188518	3.27786e-08	5.30689e-18
0.000800001	4.76044e-11	4.76044e-11	0	0.0476044	0.3162	0.3	0.999991	-0.0200289	0	0.0190417	3.31088e-08	6.9884e-18
0.000804001	4.78424e-11	4.78424e-11	0	0.0478424	0.3162	0.3	0.999991	-0.0200289	0	0.0192326	3.34407e-08	7.24368e-18
0.000808001	4.80804e-11	4.80804e-11	0	0.0480804	0.3162	0.3	0.999991	-0.0200289	0	0.0194245	3.37743e-08	7.50828e-18
0.000812001	4.83184e-11	4.83184e-11	0	0.0483184	0.3162	0.3	0.999991	-0.0200289	0	0.0196173	3.41095e-08	7.78254e-18
0.000816001	4.85564e-11	4.85564e-11	0	0.0485564	0.3162	0.3	0.999991	-0.0200289	0	0.019811	3.44464e-08	8.06681e-18
0.000820001	4.87945e-11	4.87945e-11	0	0.0487945	0.3162	0.3	0.999991	-0.0200289	0	0.0200057	3.4785e-08	8.36146e-18
0.000824001	4.90325e-11	4.90325e-11	0	0.0490325	0.3162	0.3	0.999991	-0.0200289	0	0.0202014	3.51251e-08	8.66687e-18
0.000828001	4.92705e-11	4.92705e-11	0	0.0492705	0.3162	0.3	0.999991	-0.0200289	0	0.020398	3.5467e-08	8.98343e-18
0.000832001	4.95085e-11	4.95085e-11	0	0.0495085	0.3162	0.3	0.999991	-0.0200289	0	0.0205956	3.58105e-08	9.31154e-18
0.000836001	4.97466e-11	4.97466e-11	0	0.0497466	0.3162	0.3	0.999991	-0.0200289	0	0.0207941	3.61557e-08	9.65163e-18
0.000840001	4.99846e-11	4.99846e-11	0	0.0499846	0.3162	0.3	0.999991	-0.0200289	0	0.0209935	3.65025e-08	1.00041e-17
0.000844001	5.02226e-11	5.02226e-11	0	0.0502226	0.3162	0.3	0.999991	-0.0200289	0	0.0211939	3.68509e-08	1.03695e-17
0.000848001	5.04606e-11	5.04606e-11	0	0.0504606	0.317887	0.3	0.999991	-0.0224291	0	0.0213953	3.72011e-08	1.35861e-17
0.000852001	5.06986e-11	5.06986e-11	0	0.0506986	0.317887	0.3	0.999991	-0.0224291	0	0.0215976	3.75529e-08	1.40795e-17
0.000856001	5.09367e-11	5.09367e-11	0	0.0509367	0.317887	0.3	0.999991	-0.0224291	0	0.0218009	3.79063e-08	1.45908e-17
0.000860001	5.11747e-11	5.11747e-11	0	0.0511747	0.317887	0.3	0.999991	-0.0224291	0	0.0220051	3.82614e-08	1.51207e-17
0.000864002	5.14127e-11	5.14127e-11	0	0.0514127	0.317887	0.3	0.999991	-0.0224291	0	0.0222103	3.86181e-08	1.56699e-17
0.000868002	5.16507e-11	5.16507e-11	0	0.0516507	0.317887	0.3	0.999991	-0.0224291	0	0.0224164	3.89765e-08	1.62389e-17
0.000872002	5.18888e-11	5.18888e-11	0	0.0518888	0.317887	0.3	0.999991	-0.0224291	0	0.0226235	3.93366e-08	1.68286e-17
0.000876002	5.21268e-11	5.21268e-11	0	0.0521268	0.317887	0.3	0.999991	-0.0224291	0	0.0228315	3.96983e-08	1.74397e-17
0.000880002	5.23648e-11	5.23648e-11	0	0.0523648	0.317887	0.3	0.999991	-0.0224291	0	0.0230405	4.00617e-08	1.8073e-17
0.000884002	5.26028e-11	5.26028e-11	0	0.0526028	0.317887	0.3	0.999991	-0.0224291	0	0.0232504	4.04267e-08	1.87293e-17
0.000888002	5.28408e-11	5.28408e-11	0	0.0528408	0.317887	0.3	0.999991	-0.0224291	0	0.0234613	4.07934e-08	1.94094e-17
0.000892002	5.30789e-11	5.30789e-11	0	0.0530789	0.319573	0.3	0.999991	-0.0248938	0	0.0236732	4.11617e-08	2.53088e-17
0.000896002	5.33169e-11	5.33169e-11	0	0.0533169	0.319573	0.3	0.999991	-0.0248938	0	0.023886	4.15317e-08	2.62227e-17
0.000900002	5.35549e-11	5.35549e-11	0	0.0535549	0.319573	0.3	0.999991	-0.0248938	0	0.0240997	4.19034e-08	2.71696e-17
0.000904002	5.37929e-11	5.37929e-11	0	0.0537929	0.319573	0.3	0.999991	-0.0248938	0	0.0243144	4.22767e-08	2.81507e-17
0.000908002	5.4031e-11	5.4031e-11	0	0.054031	0.319573	0.3	0.999991	-0.0248938	0	0.0245301	4.26516e-08	2.91672e-17
0.000912002	5.4269e-11	5.4269e-11	0	0.054269	0.319573	0.3	0.999991	-0.0248938	0	0.0247467	4.30282e-08	3.02203e-17
0.000916002	5.4507e-11	5.4507e-11	0	0.054507	0.319573	0.3	0.999991	-0.0248938	0	0.0249642	4.34065e-08	3.13115e-17
0.000920002	5.4745e-11	5.4745e-11	0	0.054745	0.319573	0.3	0.999991	-0.0248938	0	0.0251827	4.37864e-08	3.2442e-17
0.000924002	5.4983e-11	5.4983e-11	0	0.054983	0.319573	0.3	0.999991	-0.0248938	0	0.0254022	4.4168e-08	3.36134e-17
0.000928002	5.52211e-11	5.52211e-11	0	0.0552211	0.319573	0.3	0.999991	-0.0248938	0	0.0256226	4.45512e-08	3.4827e-17
0.000932002	5.54591e-11	5.54591e-11	0	0.0554591	0.319573	0.3	0.999991	-0.0248938	0	0.0258439	4.49361e-08	3.60843e-17
0.000936002	5.56971e-11	5.56971e-11	0	0.0556971	0.319573	0.3	0.999991	-0.0248938	0	0.0260662	4.53227e-08	3.73871e-17
0.000940002	5.59351e-11	5.59351e-11	0	0.0559351	0.321259	0.3	0.999991	-0.0274243	0	0.0262895	4.57109e-08	4.85132e-17
0.000944002	5.61731e-11	5.61731e-11	0	0.0561731	0.321259	0.3	0.999991	-0.0274243	0	0.0265137	4.61007e-08	5.0255e-17
0.000948002	5.64112e-11	5.64112e-11	0	0.0564112	0.321259	0.3	0.999991	-0.0274243	0	0.0267389	4.64922e-08	5.20593e-17
0.000952002	5.66492e-11	5.66492e-11	0	0.0566492	0.321259	0.3	0.999991	-0.0274243	0	0.026965	4.68854e-08	5.39284e-17
0.000956002	5.68872e-11	5.68872e-11	0	0.0568872	0.321259	0.3	0.999991	-0.0274243	0	0.0271921	4.72802e-08	5.58645e-17
0.000960002	5.71252e-11	5.71252e-11	0	0.0571252	0.321259	0.3	0.999991	-0.0274243	0	0.0274201	4.76767e-08	5.78701e-17
0.000964002	5.73633e-11	5.73633e-11	0	0.0573633	0.321259	0.3	0.999991	-0.0274243	0	0.0276491	4.80748e-08	5.99477e-17
0.000968002	5.76013e-11	5.76013e-11	0	0.0576013	0.321259	0.3	0.999991	-0.0274243	0	0.027879	4.84746e-08	6.20998e-17
0.000972002	5.78393e-11	5.78393e-11	0	0.0578393	0.321259	0.3	0.999991	-0.0274243	0	0.0281099	4.88761e-08	6.43291e-17
0.000976002	5.80773e-11	5.80773e-11	0	0.0580773	0.321259	0.3	0.999991	-0.0274243	0	0.0283417	4.92792e-08	6.66384e-17
0.000980002	5.83153e-11	5.83153e-11	0	0.0583153	0.321259	0.3	0.999991	-0.0274243	0	0.0285745	4.96839e-08	6.90305e-17
0.000984002	5.85534e-11	5.85534e-11	0	0.0585534	0.322946	0.3	0.999991	-0.0300222	0	0.0288083	5.00903e-08	8.91615e-17
0.000988002	5.87914e-11	5.87914e-11	0	0.0587914	0.322946	0.3	0.999991	-0.0300222	0	0.0290429	5.04984e-08	9.23446e-17
0.000992002	5.90294e-11	5.90294e-11	0	0.0590294	0.322946	0.3	0.999991	-0.0300222	0	0.0292786	5.09081e-08	9.56413e-17
0.000996002	5.92674e-11	5.92674e-11	0	0.0592674	0.322946	0.3	0.999991	-0.0300222	0	0.0295152	5.13195e-08	9.90556e-17
0.001	5.95055e-11	5.95055e-11	0	0.0595055	0.322946	0.3	0.999991	-0.0300222	0	0.0297527	5.17325e-08	1.02592e-16
0.001004	5.97435e-11	5.97435e-11	0	0.0597435	0.322946	0.3	0.999991	-0.0300222	0	0.0299912	5.21472e-08	1.06254e-16
0.001008	5.99815e-11	5.99815e-11	0	0.0599815	0.322946	0.3	0.999991	-0.0300222	0	0.0302307	5.25636e-08	1.10047e-16
0.001012	6.02195e-11	6.02195e-11	0	0.0602195	0.322946	0.3	0.999991	-0.0300222	0	0.0304711	5.29816e-08	1.13975e-16
0.001016	6.04575e-11	6.04575e-11	0	0.0604575	0.322946	0.3	0.999991	-0.0300222	0	0.0307124	5.34012e-08	1.18043e-16
0.00102	6.06956e-11	6.06956e-11	0	0.0606956	0.322946	0.3	0.999991	-0.0300222	0	0.0309547	5.38225e-08	1.22257e-16
0.001024	6.09336e-11	6.09336e-11	0	0.0609336	0.322946	0.3	0.999991	-0.0300222	0	0.031198	5.42455e-08	1.26621e-16
0.001028	6.11716e-11	6.11716e-11	0	0.0611716	0.324632	0.3	0.999991	-0.0326888	0	0.0314422	5.46701e-08	1.62808e-16
0.001032	6.14096e-11	6.14096e-11	0	0.0614096	0.324632	0.3	0.999991	-0.0326888	0	0.0316874	5.50964e-08	1.68587e-16
0.001036	6.16476e-11	6.16476e-11	0	0.0616476	0.324632	0.3	0.999991	-0.0326888	0	0.0319335	5.55243e-08	1.74572e-16
0.00104	6.18857e-11	6.18857e-11	0	0.0618857	0.324632	0.3	0.999991	-0.0326888	0	0.0321805	5.59539e-08	1.80769e-16
0.001044	6.21237e-11	6.21237e-11	0	0.0621237	0.324632	0.3	0.999991	-0.0326888	0	0.0324286	5.63851e-08	1.87185e-16
0.001048	6.23617e-11	6.23617e-11	0	0.0623617	0.324632	0.3	0.999991	-0.0326888	0	0.0326775	5.6818e-08	1.93829e-16
0.001052	6.25997e-11	6.25997e-11	0	0.0625997	0.324632	0.3	0.999991	-0.0326888	0	0.0329275	5.72526e-08	2.00709e-16
0.001056	6.28378e-11	6.28378e-11	0	0.0628378	0.324632	0.3	0.999991	-0.0326888	0	0.0331783	5.76888e-08	2.07833e-16
0.00106	6.30758e-11	6.30758e-11	0	0.0630758	0.324632	0.3	0.999991	-0.0326888	0	0.0334302	5.81267e-08	2.1521e-16
0.001064	6.33138e-11	6.33138e-11	0	0.0633138	0.324632	0.3	0.999991	-0.0326888	0	0.0336829	5.85662e-08	2.22848e-16
0.001068	6.35518e-11	6.35518e-11	0	0.0635518	0.324632	0.3	0.999991	-0.0326888	0	0.0339367	5.90074e-08	2.30758e-16
0.001072	6.37898e-11	6.37898e-11	0	0.0637898	0.326319	0.3	0.999991	-0.0354256	0	0.0341914	5.94502e-08	2.9539e-16
0.001076	6.40279e-11	6.40279e-11	0	0.0640279	0.326319	0.3	0.999991	-0.0354256	0	0.034447	5.98947e-08	3.05816e-16
0.00108	6.42659e-11	6.42659e-11	0	0.0642659	0.326319	0.3	0.999991	-0.0354256	0	0.0347036	6.03408e-08	3.16611e-16
0.001084	6.45039e-11	6.45039e-11	0	0.0645039	0.326319	0.3	0.999991	-0.0354256	0	0.0349611	6.07886e-08	3.27787e-16
0.001088	6.47419e-11	6.47419e-11	0	0.0647419	0.326319	0.3	0.999991	-0.0354256	0	0.0352196	6.12381e-08	3.39356e-16
0.001092	6.498e-11	6.498e-11	0	0.06498	0.326319	0.3	0.999991	-0.0354256	0	0.0354791	6.16892e-08	3.51334e-16
0.001096	6.5218e-11	6.5218e-11	0	0.065218	0.326319	0.3	0.999991	-0.0354256	0	0.0357395	6.21419e-08	3.63735e-16
0.0011	6.5456e-11	6.5456e-11	0	0.065456	0.326319	0.3	0.999991	-0.0354256	0	0.0360008	6.25964e-08	3.76572e-16
0.001104	6.5694e-11	6.5694e-11	0	0.065694	0.326319	0.3	0.999991	-0.0354256	0	0.0362631	6.30524e-08	3.89863e-16
0.001108	6.5932e-11	6.5932e-11	0	0.065932	0.326319	0.3	0.999991	-0.0354256	0	0.0365264	6.35102e-08	4.03622e-16
0.001112	6.61701e-11	6.61701e-11	0	0.0661701	0.326319	0.3	0.999991	-0.0354256	0	0.0367906	6.39696e-08	4.17866e-16
0.001116	6.64081e-11	6.64081e-11	0	0.0664081	0.328005	0.3	0.999991	-0.038234	0	0.0370557	6.44306e-08	5.32573e-16
0.00112	6.66461e-11	6.66461e-11	0	0.0666461	0.328005	0.3	0.999991	-0.038234	0	0.0373218	6.48933e-08	5.51267e-16
0.001124	6.68841e-11	6.68841e-11	0	0.0668841	0.328005	0.3	0.999991	-0.038234	0	0.0375889	6.53576e-08	5.70616e-16
0.001128	6.71221e-11	6.71221e-11	0	0.0671221	0.328005	0.3	0.999991	-0.038234	0	0.0378569	6.58236e-08	5.90645e-16
0.001132	6.73602e-11	6.73602e-11	0	0.0673602	0.328005	0.3	0.999991	-0.038234	0	0.0381259	6.62913e-08	6.11375e-16
0.001136	6.75982e-11	6.75982e-11	0	0.0675982	0.328005	0.3	0.999991	-0.038234	0	0.0383958	6.67606e-08	6.32833e-16
0.00114	6.78362e-11	6.78362e-11	0	0.0678362	0.328005	0.3	0.999991	-0.038234	0	0.0386666	6.72316e-08	6.55044e-16
0.001144	6.80742e-11	6.80742e-11	0	0.0680742	0.328005	0.3	0.999991	-0.038234	0	0.0389385	6.77042e-08	6.78033e-16
0.001148	6.83123e-11	6.83123e-11	0	0.0683123	0.328005	0.3	0.999991	-0.038234	0	0.0392112	6.81785e-08	7.01829e-16
0.001152	6.85503e-11	6.85503e-11	0	0.0685503	0.328005	0.3	0.999991	-0.038234	0	0.039485	6.86544e-08	7.26459e-16
0.001156	6.87883e-11	6.87883e-11	0	0.0687883	0.329691	0.3	0.999991	-0.0411155	0	0.0397596	6.9132e-08	9.22077e-16
0.00116	6.90263e-11	6.90263e-11	0	0.0690263	0.329691	0.3	0.999991	-0.0411155	0	0.0400353	6.96113e-08	9.54263e-16
0.001164	6.92643e-11	6.92643e-11	0	0.0692643	0.329691	0.3	0.999991	-0.0411155	0	0.0403118	7.00922e-08	9.87571e-16
0.001168	6.95024e-11	6.95024e-11	0	0.0695024	0.329691	0.3	0.999991	-0.0411155	0	0.0405894	7.05748e-08	1.02204e-15
0.001172	6.97404e-11	6.97404e-11	0	0.0697404	0.329691	0.3	0.999991	-0.0411155	0	0.0408679	7.1059e-08	1.05771e-15
0.001176	6.99784e-11	6.99784e-11	0	0.0699784	0.329691	0.3	0.999991	-0.0411155	0	0.0411473	7.15449e-08	1.09463e-15
0.00118	7.02164e-11	7.02164e-11	0	0.0702164	0.329691	0.3	0.999991	-0.0411155	0	0.0414277	7.20324e-08	1.13283e-15
0.001184	7.04545e-11	7.04545e-11	0	0.0704545	0.329691	0.3	0.999991	-0.0411155	0	0.041709	7.25216e-08	1.17237e-15
0.001188	7.06925e-11	7.06925e-11	0	0.0706925	0.329691	0.3	0.999991	-0.0411155	0	0.0419913	7.30124e-08	1.21329e-15
0.001192	7.09305e-11	7.09305e-11	0	0.0709305	0.329691	0.3	0.999991	-0.0411155	0	0.0422746	7.35049e-08	1.25563e-15
0.001196	7.11685e-11	7.11685e-11	0	0.0711685	0.329691	0.3	0.999991	-0.0411155	0	0.0425588	7.3999e-08	1.29945e-15
0.0012	7.14065e-11	7.14065e-11	0	0.0714065	0.331378	0.3	0.999991	-0.0440717	0	0.0428439	7.44948e-08	1.64241e-15
0.001204	7.16446e-11	7.16446e-11	0	0.0716446	0.331378	0.3	0.999991	-0.0440717	0	0.04313	7.49923e-08	1.69942e-15
0.001208	7.18826e-11	7.18826e-11	0	0.0718826	0.331378	0.3	0.999991	-0.0440717	0	0.0434171	7.54914e-08	1.75841e-15
0.001212	7.21206e-11	7.21206e-11	0	0.0721206	0.331378	0.3	0.999991	-0.0440717	0	0.0437051	7.59922e-08	1.81944e-15
0.001216	7.23586e-11	7.23586e-11	0	0.0723586	0.331378	0.3	0.999991	-0.0440717	0	0.043994	7.64946e-08	1.88259e-15
0.00122	7.25967e-11	7.25967e-11	0	0.0725967	0.331378	0.3	0.999991	-0.0440717	0	0.044284	7.69987e-08	1.94793e-15
0.001224	7.28347e-11	7.28347e-11	0	0.0728347	0.331378	0.3	0.999991	-0.0440717	0	0.0445748	7.75044e-08	2.01554e-15
0.001228	7.30727e-11	7.30727e-11	0	0.0730727	0.331378	0.3	0.999991	-0.0440717	0	0.0448666	7.80118e-08	2.08549e-15
0.001232	7.33107e-11	7.33107e-11	0	0.0733107	0.331378	0.3	0.999991	-0.0440717	0	0.0451594	7.85209e-08	2.15787e-15
0.001236	7.35487e-11	7.35487e-11	0	0.0735487	0.331378	0.3	0.999991	-0.0440717	0	0.0454531	7.90316e-08	2.23276e-15
0.00124	7.37868e-11	7.37868e-11	0	0.0737868	0.333064	0.3	0.999991	-0.0471041	0	0.0457478	7.95439e-08	2.81087e-15
0.001244	7.40248e-11	7.40248e-11	0	0.0740248	0.333064	0.3	0.999991	-0.0471041	0	0.0460434	8.0058e-08	2.9079e-15
0.001248	7.42628e-11	7.42628e-11	0	0.0742628	0.333064	0.3	0.999991	-0.0471041	0	0.04634	8.05736e-08	3.00828e-15
0.001252	7.45008e-11	7.45008e-11	0	0.0745008	0.333064	0.3	0.999991	-0.0471041	0	0.0466375	8.1091e-08	3.11211e-15
0.001256	7.47388e-11	7.47388e-11	0	0.0747388	0.333064	0.3	0.999991	-0.0471041	0	0.046936	8.16099e-08	3.21953e-15
0.00126	7.49769e-11	7.49769e-11	0	0.0749769	0.333064	0.3	0.999991	-0.0471041	0	0.0472354	8.21306e-08	3.33066e-15
0.001264	7.52149e-11	7.52149e-11	0	0.0752149	0.333064	0.3	0.999991	-0.0471041	0	0.0475358	8.26529e-08	3.44562e-15
0.001268	7.54529e-11	7.54529e-11	0	0.0754529	0.333064	0.3	0.999991	-0.0471041	0	0.0478371	8.31768e-08	3.56454e-15
0.001272	7.56909e-11	7.56909e-11	0	0.0756909	0.333064	0.3	0.999991	-0.0471041	0	0.0481394	8.37024e-08	3.68757e-15
0.001276	7.5929e-11	7.5929e-11	0	0.075929	0.333064	0.3	0.999991	-0.0471041	0	0.0484427	8.42297e-08	3.81483e-15
0.00128	7.6167e-11	7.6167e-11	0	0.076167	0.334751	0.3	0.999991	-0.0502142	0	0.0487469	8.47586e-08	4.78388e-15
0.001284	7.6405e-11	7.6405e-11	0	0.076405	0.334751	0.3	0.999991	-0.0502142	0	0.049052	8.52891e-08	4.94811e-15
0.001288	7.6643e-11	7.6643e-11	0	0.076643	0.334751	0.3	0.999991	-0.0502142	0	0.0493581	8.58214e-08	5.11797e-15
0.001292	7.6881e-11	7.6881e-11	0	0.076881	0.334751	0.3	0.999991	-0.0502142	0	0.0496652	8.63553e-08	5.29365e-15
0.001296	7.71191e-11	7.71191e-11	0	0.0771191	0.334751	0.3	0.999991	-0.0502142	0	0.0499732	8.68908e-08	5.47537e-15
0.0013	7.73571e-11	7.73571e-11	0	0.0773571	0.334751	0.3	0.999991	-0.0502142	0	0.0502821	8.7428e-08	5.66332e-15
0.001304	7.75951e-11	7.75951e-11	0	0.0775951	0.334751	0.3	0.999991	-0.0502142	0	0.050592	8.79668e-08	5.85771e-15
0.001308	7.78331e-11	7.78331e-11	0	0.0778331	0.334751	0.3	0.999991	-0.0502142	0	0.0509029	8.85073e-08	6.05877e-15
0.001312	7.80712e-11	7.80712e-11	0	0.0780712	0.334751	0.3	0.999991	-0.0502142	0	0.0512147	8.90495e-08	6.26673e-15
0.001316	7.83092e-11	7.83092e-11	0	0.0783092	0.334751	0.3	0.999991	-0.0502142	0	0.0515274	8.95933e-08	6.48182e-15
0.00132	7.85472e-11	7.85472e-11	0	0.0785472	0.336437	0.3	0.999991	-0.0534037	0	0.0518411	9.01388e-08	8.09721e-15
0.001324	7.87852e-11	7.87852e-11	0	0.0787852	0.336437	0.3	0.999991	-0.0534037	0	0.0521558	9.06859e-08	8.37366e-15
0.001328	7.90232e-11	7.90232e-11	0	0.0790232	0.336437	0.3	0.999991	-0.0534037	0	0.0524714	9.12347e-08	8.65953e-15
0.001332	7.92613e-11	7.92613e-11	0	0.0792613	0.336437	0.3	0.999991	-0.0534037	0	0.052788	9.17851e-08	8.95516e-15
0.001336	7.94993e-11	7.94993e-11	0	0.0794993	0.336437	0.3	0.999991	-0.0534037	0	0.0531055	9.23372e-08	9.26088e-15
0.00134	7.97373e-11	7.97373e-11	0	0.0797373	0.336437	0.3	0.999991	-0.0534037	0	0.053424	9.28909e-08	9.57702e-15
0.001344	7.99753e-11	7.99753e-11	0	0.0799753	0.336437	0.3	0.999991	-0.0534037	0	0.0537434	9.34463e-08	9.90395e-15
0.001348	8.02133e-11	8.02133e-11	0	0.0802133	0.336437	0.3	0.999991	-0.0534037	0	0.0540638	9.40034e-08	1.0242e-14
0.001352	8.04514e-11	8.04514e-11	0	0.0804514	0.336437	0.3	0.999991	-0.0534037	0	0.0543851	9.45621e-08	1.05916e-14
0.001356	8.06894e-11	8.06894e-11	0	0.0806894	0.336437	0.3	0.999991	-0.0534037	0	0.0547074	9.51225e-08	1.09532e-14
0.00136	8.09274e-11	8.09274e-11	0	0.0809274	0.338123	0.3	0.999991	-0.0566741	0	0.0550306	9.56845e-08	1.36314e-14
0.001364	8.11654e-11	8.11654e-11	0	0.0811654	0.338123	0.3	0.999991	-0.0566741	0	0.0553548	9.62482e-08	1.40943e-14
0.001368	8.14035e-11	8.14035e-11	0	0.0814035	0.338123	0.3	0.999991	-0.0566741	0	0.05568	9.68135e-08	1.45728e-14
0.001372	8.16415e-11	8.16415e-11	0	0.0816415	0.338123	0.3	0.999991	-0.0566741	0	0.0560061	9.73805e-08	1.50676e-14
0.001376	8.18795e-11	8.18795e-11	0	0.0818795	0.338123	0.3	0.999991	-0.0566741	0	0.0563331	9.79491e-08	1.55792e-14
0.00138	8.21175e-11	8.21175e-11	0	0.0821175	0.338123	0.3	0.999991	-0.0566741	0	0.0566611	9.85194e-08	1.61081e-14
0.001384	8.23555e-11	8.23555e-11	0	0.0823555	0.338123	0.3	0.999991	-0.0566741	0	0.05699	9.90914e-08	1.6655e-14
0.001388	8.25936e-11	8.25936e-11	0	0.0825936	0.338123	0.3	0.999991	-0.0566741	0	0.0573199	9.9665e-08	1.72204e-14
0.001392	8.28316e-11	8.28316e-11	0	0.0828316	0.338123	0.3	0.999991	-0.0566741	0	0.0576508	1.0024e-07	1.7805e-14
0.001396	8.30696e-11	8.30696e-11	0	0.0830696	0.338123	0.3	0.999991	-0.0566741	0	0.0579826	1.00817e-07	1.84094e-14
0.0014	8.33076e-11	8.33076e-11	0	0.0833076	0.338123	0.3	0.999991	-0.0566741	0	0.0583153	1.01396e-07	1.90343e-14
0.001404	8.35457e-11	8.35457e-11	0	0.0835457	0.33981	0.3	0.999991	-0.060027	0	0.058649	1.01976e-07	2.35969e-14
0.001408	8.37837e-11	8.37837e-11	0	0.0837837	0.33981	0.3	0.999991	-0.060027	0	0.0589837	1.02558e-07	2.43937e-14
0.001412	8.40217e-11	8.40217e-11	0	0.0840217	0.33981	0.3	0.999991	-0.060027	0	0.0593193	1.03141e-07	2.52174e-14
0.001416	8.42597e-11	8.42597e-11	0	0.0842597	0.33981	0.3	0.999991	-0.060027	0	0.0596559	1.03727e-07	2.60689e-14
0.00142	8.44977e-11	8.44977e-11	0	0.0844977	0.33981	0.3	0.999991	-0.060027	0	0.0599934	1.04313e-07	2.69491e-14
0.001424	8.47358e-11	8.47358e-11	0	0.0847358	0.33981	0.3	0.999991	-0.060027	0	0.0603319	1.04902e-07	2.78591e-14
0.001428	8.49738e-11	8.49738e-11	0	0.0849738	0.33981	0.3	0.999991	-0.060027	0	0.0606713	1.05492e-07	2.87997e-14
0.001432	8.52118e-11	8.52118e-11	0	0.0852118	0.33981	0.3	0.999991	-0.060027	0	0.0610117	1.06084e-07	2.9772e-14
0.001436	8.54498e-11	8.54498e-11	0	0.0854498	0.33981	0.3	0.999991	-0.060027	0	0.061353	1.06677e-07	3.07772e-14
0.00144	8.56879e-11	8.56879e-11	0	0.0856879	0.33981	0.3	0.999991	-0.060027	0	0.0616953	1.07273e-07	3.18163e-14
0.001444	8.59259e-11	8.59259e-11	0	0.0859259	0.341496	0.3	0.999991	-0.0634643	0	0.0620385	1.07869e-07	3.92992e-14
0.001448	8.61639e-11	8.61639e-11	0	0.0861639	0.341496	0.3	0.999991	-0.0634643	0	0.0623827	1.08468e-07	4.06191e-14
0.001452	8.64019e-11	8.64019e-11	0	0.0864019	0.341496	0.3	0.999991	-0.0634643	0	0.0627278	1.09068e-07	4.19832e-14
0.001456	8.66399e-11	8.66399e-11	0	0.0866399	0.341496	0.3	0.999991	-0.0634643	0	0.0630739	1.0967e-07	4.33931e-14
0.00146	8.6878e-11	8.6878e-11	0	0.086878	0.341496	0.3	0.999991	-0.0634643	0	0.0634209	1.10273e-07	4.48504e-14
0.001464	8.7116e-11	8.7116e-11	0	0.087116	0.341496	0.3	0.999991	-0.0634643	0	0.0637689	1.10878e-07	4.63565e-14
0.001468	8.7354e-11	8.7354e-11	0	0.087354	0.341496	0.3	0.999991	-0.0634643	0	0.0641178	1.11485e-07	4.79132e-14
0.001472	8.7592e-11	8.7592e-11	0	0.087592	0.341496	0.3	0.999991	-0.0634643	0	0.0644677	1.12093e-07	4.95221e-14
0.001476	8.783e-11	8.783e-11	0	0.08783	0.341496	0.3	0.999991	-0.0634643	0	0.0648186	1.12703e-07	5.11849e-14
0.00148	8.80681e-11	8.80681e-11	0	0.0880681	0.341496	0.3	0.999991	-0.0634643	0	0.0651704	1.13315e-07	5.29036e-14
0.001484	8.83061e-11	8.83061e-11	0	0.0883061	0.343183	0.3	0.999991	-0.0669874	0	0.0655231	1.13928e-07	6.51124e-14
0.001488	8.85441e-11	8.85441e-11	0	0.0885441	0.343183	0.3	0.999991	-0.0669874	0	0.0658768	1.14543e-07	6.72873e-14
0.001492	8.87821e-11	8.87821e-11	0	0.0887821	0.343183	0.3	0.999991	-0.0669874	0	0.0662315	1.1516e-07	6.95348e-14
0.001496	8.90202e-11	8.90202e-11	0	0.0890202	0.343183	0.3	0.999991	-0.0669874	0	0.0665871	1.15778e-07	7.18574e-14
0.0015	8.92582e-11	8.92582e-11	0	0.0892582	0.343183	0.3	0.999991	-0.0669874	0	0.0669436	1.16398e-07	7.42574e-14
0.001504	8.94962e-11	8.94962e-11	0	0.0894962	0.343183	0.3	0.999991	-0.0669874	0	0.0673011	1.1702e-07	7.67376e-14
0.001508	8.97342e-11	8.97342e-11	0	0.0897342	0.343183	0.3	0.999991	-0.0669874	0	0.0676596	1.17643e-07	7.93005e-14
0.001512	8.99722e-11	8.99722e-11	0	0.0899722	0.343183	0.3	0.999991	-0.0669874	0	0.068019	1.18268e-07	8.19489e-14
0.001516	9.02103e-11	9.02103e-11	0	0.0902103	0.343183	0.3	0.999991	-0.0669874	0	0.0683794	1.18895e-07	8.46857e-14
0.00152	9.04483e-11	9.04483e-11	0	0.0904483	0.343183	0.3	0.999991	-0.0669874	0	0.0687407	1.19523e-07	8.75138e-14
0.001524	9.06863e-11	9.06863e-11	0	0.0906863	0.344869	0.3	0.999991	-0.0705982	0	0.069103	1.20153e-07	1.07331e-13
0.001528	9.09243e-11	9.09243e-11	0	0.0909243	0.344869	0.3	0.999991	-0.0705982	0	0.0694662	1.20784e-07	1.10897e-13
0.001532	9.11624e-11	9.11624e-11	0	0.0911624	0.344869	0.3	0.999991	-0.0705982	0	0.0698304	1.21417e-07	1.14581e-13
0.001536	9.14004e-11	9.14004e-11	0	0.0914004	0.344869	0.3	0.999991	-0.0705982	0	0.0701955	1.22052e-07	1.18387e-13
0.00154	9.16384e-11	9.16384e-11	0	0.0916384	0.344869	0.3	0.999991	-0.0705982	0	0.0705616	1.22689e-07	1.2232e-13
0.001544	9.18764e-11	9.18764e-11	0	0.0918764	0.344869	0.3	0.999991	-0.0705982	0	0.0709286	1.23327e-07	1.26384e-13
0.001548	9.21144e-11	9.21144e-11	0	0.0921144	0.344869	0.3	0.999991	-0.0705982	0	0.0712966	1.23967e-07	1.30582e-13
0.001552	9.23525e-11	9.23525e-11	0	0.0923525	0.344869	0.3	0.999991	-0.0705982	0	0.0716655	1.24608e-07	1.34919e-13
0.001556	9.25905e-11	9.25905e-11	0	0.0925905	0.344869	0.3	0.999991	-0.0705982	0	0.0720354	1.25251e-07	1.39401e-13
0.00156	9.28285e-11	9.28285e-11	0	0.0928285	0.344869	0.3	0.999991	-0.0705982	0	0.0724062	1.25896e-07	1.44031e-13
0.001564	9.30665e-11	9.30665e-11	0	0.0930665	0.346555	0.3	0.999991	-0.0742984	0	0.072778	1.26543e-07	1.76035e-13
0.001568	9.33045e-11	9.33045e-11	0	0.0933045	0.346555	0.3	0.999991	-0.0742984	0	0.0731508	1.27191e-07	1.81852e-13
0.001572	9.35426e-11	9.35426e-11	0	0.0935426	0.346555	0.3	0.999991	-0.0742984	0	0.0735245	1.27841e-07	1.87861e-13
0.001576	9.37806e-11	9.37806e-11	0	0.0937806	0.346555	0.3	0.999991	-0.0742984	0	0.0738991	1.28492e-07	1.94068e-13
0.00158	9.40186e-11	9.40186e-11	0	0.0940186	0.346555	0.3	0.999991	-0.0742984	0	0.0742747	1.29145e-07	2.0048e-13
0.001584	9.42566e-11	9.42566e-11	0	0.0942566	0.346555	0.3	0.999991	-0.0742984	0	0.0746513	1.298e-07	2.07104e-13
0.001588	9.44947e-11	9.44947e-11	0	0.0944947	0.346555	0.3	0.999991	-0.0742984	0	0.0750288	1.30456e-07	2.13947e-13
0.001592	9.47327e-11	9.47327e-11	0	0.0947327	0.346555	0.3	0.999991	-0.0742984	0	0.0754072	1.31114e-07	2.21015e-13
0.001596	9.49707e-11	9.49707e-11	0	0.0949707	0.346555	0.3	0.999991	-0.0742984	0	0.0757866	1.31774e-07	2.28317e-13
0.0016	9.52087e-11	9.52087e-11	0	0.0952087	0.346555	0.3	0.999991	-0.0742984	0	0.076167	1.32435e-07	2.35859e-13
0.001604	9.54467e-11	9.54467e-11	0	0.0954467	0.348242	0.3	0.999991	-0.0780896	0	0.0765483	1.33098e-07	2.87288e-13
0.001608	9.56848e-11	9.56848e-11	0	0.0956848	0.348242	0.3	0.999991	-0.0780896	0	0.0769306	1.33763e-07	2.9673e-13
0.001612	9.59228e-11	9.59228e-11	0	0.0959228	0.348242	0.3	0.999991	-0.0780896	0	0.0773138	1.34429e-07	3.06482e-13
0.001616	9.61608e-11	9.61608e-11	0	0.0961608	0.348242	0.3	0.999991	-0.0780896	0	0.0776979	1.35097e-07	3.16554e-13
0.00162	9.63988e-11	9.63988e-11	0	0.0963988	0.348242	0.3	0.999991	-0.0780896	0	0.0780831	1.35767e-07	3.26957e-13
0.001624	9.66369e-11	9.66369e-11	0	0.0966369	0.348242	0.3	0.999991	-0.0780896	0	0.0784691	1.36438e-07	3.37702e-13
0.001628	9.68749e-11	9.68749e-11	0	0.0968749	0.348242	0.3	0.999991	-0.0780896	0	0.0788561	1.37111e-07	3.48799e-13
0.001632	9.71129e-11	9.71129e-11	0	0.0971129	0.348242	0.3	0.999991	-0.0780896	0	0.0792441	1.37786e-07	3.60261e-13
0.001636	9.73509e-11	9.73509e-11	0	0.0973509	0.348242	0.3	0.999991	-0.0780896	0	0.0796331	1.38462e-07	3.72099e-13
0.00164	9.75889e-11	9.75889e-11	0	0.0975889	0.349928	0.3	0.999991	-0.0819739	0	0.0800229	1.3914e-07	4.5179e-13
0.001644	9.7827e-11	9.7827e-11	0	0.097827	0.349928	0.3	0.999991	-0.0819739	0	0.0804138	1.39819e-07	4.6656e-13
0.001648	9.8065e-11	9.8065e-11	0	0.098065	0.349928	0.3	0.999991	-0.0819739	0	0.0808055	1.40501e-07	4.81812e-13
0.001652	9.8303e-11	9.8303e-11	0	0.098303	0.349928	0.3	0.999991	-0.0819739	0	0.0811983	1.41183e-07	4.97562e-13
0.001656	9.8541e-11	9.8541e-11	0	0.098541	0.349928	0.3	0.999991	-0.0819739	0	0.081592	1.41868e-07	5.13827e-13
0.00166	9.87791e-11	9.87791e-11	0	0.0987791	0.349928	0.3	0.999991	-0.0819739	0	0.0819866	1.42554e-07	5.30622e-13
0.001664	9.90171e-11	9.90171e-11	0	0.0990171	0.349928	0.3	0.999991	-0.0819739	0	0.0823822	1.43242e-07	5.47967e-13
0.001668	9.92551e-11	9.92551e-11	0	0.0992551	0.349928	0.3	0.999991	-0.0819739	0	0.0827787	1.43931e-07	5.65877e-13
0.001672	9.94931e-11	9.94931e-11	0	0.0994931	0.349928	0.3	0.999991	-0.0819739	0	0.0831762	1.44623e-07	5.84373e-13
0.001676	9.97311e-11	9.97311e-11	0	0.0997311	0.349928	0.3	0.999991	-0.0819739	0	0.0835747	1.45315e-07	6.03472e-13
0.00168	9.99692e-11	9.99692e-11	0	0.0999692	0.351615	0.3	0.999991	-0.0859528	0	0.0839741	1.4601e-07	7.30302e-13
0.001684	1.00207e-10	1.00207e-10	0	0.100207	0.351615	0.3	0.999991	-0.0859528	0	0.0843744	1.46706e-07	7.5405e-13
0.001688	1.00445e-10	1.00445e-10	0	0.100445	0.351615	0.3	0.999991	-0.0859528	0	0.0847758	1.47404e-07	7.78568e-13
0.001692	1.00683e-10	1.00683e-10	0	0.100683	0.351615	0.3	0.999991	-0.0859528	0	0.085178	1.48103e-07	8.03884e-13
0.001696	1.00921e-10	1.00921e-10	0	0.100921	0.351615	0.3	0.999991	-0.0859528	0	0.0855812	1.48804e-07	8.30021e-13
0.0017	1.01159e-10	1.01159e-10	0	0.101159	0.351615	0.3	0.999991	-0.0859528	0	0.0859854	1.49507e-07	8.57008e-13
0.001704	1.01397e-10	1.01397e-10	0	0.101397	0.351615	0.3	0.999991	-0.0859528	0	0.0863905	1.50211e-07	8.84871e-13
0.001708	1.01635e-10	1.01635e-10	0	0.101635	0.351615	0.3	0.999991	-0.0859528	0	0.0867966	1.50917e-07	9.13639e-13
0.001712	1.01873e-10	1.01873e-10	0	0.101873	0.351615	0.3	0.999991	-0.0859528	0	0.0872036	1.51625e-07	9.43341e-13
0.001716	1.02111e-10	1.02111e-10	0	0.102111	0.351615	0.3	0.999991	-0.0859528	0	0.0876115	1.52335e-07	9.74008e-13
0.00172	1.02349e-10	1.02349e-10	0	0.102349	0.353301	0.3	0.999991	-0.0900283	0	0.0880205	1.53046e-07	1.17489e-12
0.001724	1.02587e-10	1.02587e-10	0	0.102587	0.353301	0.3	0.999991	-0.0900283	0	0.0884303	1.53758e-07	1.2129e-12
0.001728	1.02825e-10	1.02825e-10	0	0.102825	0.353301	0.3	0.999991	-0.0900283	0	0.0888412	1.54473e-07	1.25212e-12
0.001732	1.03063e-10	1.03063e-10	0	0.103063	0.353301	0.3	0.999991	-0.0900283	0	0.0892529	1.55188e-07	1.29262e-12
0.001736	1.03301e-10	1.03301e-10	0	0.103301	0.353301	0.3	0.999991	-0.0900283	0	0.0896657	1.55906e-07	1.33442e-12
0.00174	1.03539e-10	1.03539e-10	0	0.103539	0.353301	0.3	0.999991	-0.0900283	0	0.0900794	1.56625e-07	1.37758e-12
0.001744	1.03778e-10	1.03778e-10	0	0.103778	0.353301	0.3	0.999991	-0.0900283	0	0.090494	1.57346e-07	1.42213e-12
0.001748	1.04016e-10	1.04016e-10	0	0.104016	0.353301	0.3	0.999991	-0.0900283	0	0.0909096	1.58069e-07	1.46812e-12
0.001752	1.04254e-10	1.04254e-10	0	0.104254	0.353301	0.3	0.999991	-0.0900283	0	0.0913261	1.58793e-07	1.51559e-12
0.001756	1.04492e-10	1.04492e-10	0	0.104492	0.353301	0.3	0.999991	-0.0900283	0	0.0917436	1.59519e-07	1.5646e-12
0.00176	1.0473e-10	1.0473e-10	0	0.10473	0.354987	0.3	0.999991	-0.0942022	0	0.092162	1.60247e-07	1.88128e-12
0.001764	1.04968e-10	1.04968e-10	0	0.104968	0.354987	0.3	0.999991	-0.0942022	0	0.0925814	1.60976e-07	1.9418e-12
0.001768	1.05206e-10	1.05206e-10	0	0.105206	0.354987	0.3	0.999991	-0.0942022	0	0.0930018	1.61707e-07	2.00427e-12
0.001772	1.05444e-10	1.05444e-10	0	0.105444	0.354987	0.3	0.999991	-0.0942022	0	0.0934231	1.62439e-07	2.06875e-12
0.001776	1.05682e-10	1.05682e-10	0	0.105682	0.354987	0.3	0.999991	-0.0942022	0	0.0938453	1.63174e-07	2.1353e-12
0.00178	1.0592e-10	1.0592e-10	0	0.10592	0.354987	0.3	0.999991	-0.0942022	0	0.0942685	1.63909e-07	2.20399e-12
0.001784	1.06158e-10	1.06158e-10	0	0.106158	0.354987	0.3	0.999991	-0.0942022	0	0.0946927	1.64647e-07	2.27489e-12
0.001788	1.06396e-10	1.06396e-10	0	0.106396	0.354987	0.3	0.999991	-0.0942022	0	0.0951178	1.65386e-07	2.34806e-12
0.001792	1.06634e-10	1.06634e-10	0	0.106634	0.354987	0.3	0.999991	-0.0942022	0	0.0955439	1.66127e-07	2.42359e-12
0.001796	1.06872e-10	1.06872e-10	0	0.106872	0.354987	0.3	0.999991	-0.0942022	0	0.0959709	1.66869e-07	2.50154e-12
0.0018	1.0711e-10	1.0711e-10	0	0.10711	0.356674	0.3	0.999991	-0.0984765	0	0.0963988	1.67613e-07	2.99842e-12
0.001804	1.07348e-10	1.07348e-10	0	0.107348	0.356674	0.3	0.999991	-0.0984765	0	0.0968277	1.68359e-07	3.09438e-12
0.001808	1.07586e-10	1.07586e-10	0	0.107586	0.356674	0.3	0.999991	-0.0984765	0	0.0972576	1.69107e-07	3.1934e-12
0.001812	1.07824e-10	1.07824e-10	0	0.107824	0.356674	0.3	0.999991	-0.0984765	0	0.0976884	1.69856e-07	3.29559e-12
0.001816	1.08062e-10	1.08062e-10	0	0.108062	0.356674	0.3	0.999991	-0.0984765	0	0.0981202	1.70606e-07	3.40105e-12
0.00182	1.083e-10	1.083e-10	0	0.1083	0.356674	0.3	0.999991	-0.0984765	0	0.0985529	1.71359e-07	3.50987e-12
0.001824	1.08538e-10	1.08538e-10	0	0.108538	0.356674	0.3	0.999991	-0.0984765	0	0.0989866	1.72113e-07	3.62217e-12
0.001828	1.08776e-10	1.08776e-10	0	0.108776	0.356674	0.3	0.999991	-0.0984765	0	0.0994212	1.72869e-07	3.73807e-12
0.001832	1.09014e-10	1.09014e-10	0	0.109014	0.356674	0.3	0.999991	-0.0984765	0	0.0998568	1.73626e-07	3.85766e-12
0.001836	1.09252e-10	1.09252e-10	0	0.109252	0.356674	0.3	0.999991	-0.0984765	0	0.100293	1.74385e-07	3.98108e-12
0.00184	1.0949e-10	1.0949e-10	0	0.10949	0.35836	0.3	0.999991	-0.102853	0	0.100731	1.75146e-07	4.75713e-12
0.001844	1.09728e-10	1.09728e-10	0	0.109728	0.35836	0.3	0.999991	-0.102853	0	0.101169	1.75908e-07	4.90857e-12
0.001848	1.09966e-10	1.09966e-10	0	0.109966	0.35836	0.3	0.999991	-0.102853	0	0.101609	1.76672e-07	5.06481e-12
0.001852	1.10204e-10	1.10204e-10	0	0.110204	0.35836	0.3	0.999991	-0.102853	0	0.102049	1.77438e-07	5.22603e-12
0.001856	1.10442e-10	1.10442e-10	0	0.110442	0.35836	0.3	0.999991	-0.102853	0	0.10249	1.78205e-07	5.39237e-12
0.00186	1.1068e-10	1.1068e-10	0	0.11068	0.35836	0.3	0.999991	-0.102853	0	0.102933	1.78974e-07	5.564e-12
0.001864	1.10918e-10	1.10918e-10	0	0.110918	0.35836	0.3	0.999991	-0.102853	0	0.103376	1.79744e-07	5.74109e-12
0.001868	1.11156e-10	1.11156e-10	0	0.111156	0.35836	0.3	0.999991	-0.102853	0	0.10382	1.80517e-07	5.92381e-12
0.001872	1.11394e-10	1.11394e-10	0	0.111394	0.35836	0.3	0.999991	-0.102853	0	0.104265	1.81291e-07	6.11233e-12
0.001876	1.11632e-10	1.11632e-10	0	0.111632	0.35836	0.3	0.999991	-0.102853	0	0.104711	1.82066e-07	6.30685e-12
0.00188	1.1187e-10	1.1187e-10	0	0.11187	0.360047	0.3	0.999991	-0.107334	0	0.105158	1.82843e-07	7.51339e-12
0.001884	1.12108e-10	1.12108e-10	0	0.112108	0.360047	0.3	0.999991	-0.107334	0	0.105606	1.83622e-07	7.75131e-12
0.001888	1.12346e-10	1.12346e-10	0	0.112346	0.360047	0.3	0.999991	-0.107334	0	0.106055	1.84403e-07	7.99675e-12
0.001892	1.12584e-10	1.12584e-10	0	0.112584	0.360047	0.3	0.999991	-0.107334	0	0.106505	1.85185e-07	8.24995e-12
0.001896	1.12822e-10	1.12822e-10	0	0.112822	0.360047	0.3	0.999991	-0.107334	0	0.106956	1.85969e-07	8.51115e-12
0.0019	1.1306e-10	1.1306e-10	0	0.11306	0.360047	0.3	0.999991	-0.107334	0	0.107407	1.86754e-07	8.78062e-12
0.001904	1.13298e-10	1.13298e-10	0	0.113298	0.360047	0.3	0.999991	-0.107334	0	0.10786	1.87542e-07	9.05861e-12
0.001908	1.13536e-10	1.13536e-10	0	0.113536	0.360047	0.3	0.999991	-0.107334	0	0.108314	1.8833e-07	9.34539e-12
0.001912	1.13774e-10	1.13774e-10	0	0.113774	0.360047	0.3	0.999991	-0.107334	0	0.108768	1.89121e-07	9.64124e-12
0.001916	1.14012e-10	1.14012e-10	0	0.114012	0.360047	0.3	0.999991	-0.107334	0	0.109224	1.89913e-07	9.94644e-12
0.00192	1.1425e-10	1.1425e-10	0	0.11425	0.361733	0.3	0.999991	-0.111921	0	0.10968	1.90707e-07	1.18139e-11
0.001924	1.14488e-10	1.14488e-10	0	0.114488	0.361733	0.3	0.999991	-0.111921	0	0.110138	1.91502e-07	1.2186e-11
0.001928	1.14727e-10	1.14727e-10	0	0.114727	0.361733	0.3	0.999991	-0.111921	0	0.110596	1.92299e-07	1.25698e-11
0.001932	1.14965e-10	1.14965e-10	0	0.114965	0.361733	0.3	0.999991	-0.111921	0	0.111056	1.93098e-07	1.29657e-11
0.001936	1.15203e-10	1.15203e-10	0	0.115203	0.361733	0.3	0.999991	-0.111921	0	0.111516	1.93898e-07	1.33741e-11
0.00194	1.15441e-10	1.15441e-10	0	0.115441	0.361733	0.3	0.999991	-0.111921	0	0.111977	1.94701e-07	1.37953e-11
0.001944	1.15679e-10	1.15679e-10	0	0.115679	0.361733	0.3	0.999991	-0.111921	0	0.11244	1.95504e-07	1.42297e-11
0.001948	1.15917e-10	1.15917e-10	0	0.115917	0.361733	0.3	0.999991	-0.111921	0	0.112903	1.9631e-07	1.46778e-11
0.001952	1.16155e-10	1.16155e-10	0	0.116155	0.361733	0.3	0.999991	-0.111921	0	0.113367	1.97117e-07	1.514e-11
0.001956	1.16393e-10	1.16393e-10	0	0.116393	0.361733	0.3	0.999991	-0.111921	0	0.113832	1.97925e-07	1.56168e-11
0.00196	1.16631e-10	1.16631e-10	0	0.116631	0.363419	0.3	0.999991	-0.116616	0	0.114298	1.98736e-07	1.84943e-11
0.001964	1.16869e-10	1.16869e-10	0	0.116869	0.363419	0.3	0.999991	-0.116616	0	0.114765	1.99548e-07	1.90737e-11
0.001968	1.17107e-10	1.17107e-10	0	0.117107	0.363419	0.3	0.999991	-0.116616	0	0.115233	2.00361e-07	1.96714e-11
0.001972	1.17345e-10	1.17345e-10	0	0.117345	0.363419	0.3	0.999991	-0.116616	0	0.115702	2.01177e-07	2.02877e-11
0.001976	1.17583e-10	1.17583e-10	0	0.117583	0.363419	0.3	0.999991	-0.116616	0	0.116172	2.01994e-07	2.09233e-11
0.00198	1.17821e-10	1.17821e-10	0	0.117821	0.363419	0.3	0.999991	-0.116616	0	0.116643	2.02812e-07	2.15788e-11
0.001984	1.18059e-10	1.18059e-10	0	0.118059	0.363419	0.3	0.999991	-0.116616	0	0.117114	2.03632e-07	2.22548e-11
0.001988	1.18297e-10	1.18297e-10	0	0.118297	0.363419	0.3	0.999991	-0.116616	0	0.117587	2.04454e-07	2.29519e-11
0.001992	1.18535e-10	1.18535e-10	0	0.118535	0.363419	0.3	0.999991	-0.116616	0	0.118061	2.05278e-07	2.36709e-11
0.001996	1.18773e-10	1.18773e-10	0	0.118773	0.363419	0.3	0.999991	-0.116616	0	0.118535	2.06103e-07	2.44124e-11
0.002	1.19011e-10	1.19011e-10	0	0.119011	0.365106	0.3	0.999991	-0.121421	0	0.119011	2.0693e-07	2.88268e-11
0.002004	1.19249e-10	1.19249e-10	0	0.119249	0.365106	0.3	0.999991	-0.121421	0	0.119487	2.07759e-07	2.97253e-11
0.002008	1.19487e-10	1.19487e-10	0	0.119487	0.365106	0.3	0.999991	-0.121421	0	0.119965	2.08589e-07	3.06518e-11
0.002012	1.19725e-10	1.19725e-10	0	0.119725	0.365106	0.3	0.999991	-0.121421	0	0.120443	2.09421e-07	3.16071e-11
0.002016	1.19963e-10	1.19963e-10	0	0.119963	0.365106	0.3	0.999991	-0.121421	0	0.120923	2.10254e-07	3.25921e-11
0.00202	1.20201e-10	1.20201e-10	0	0.120201	0.365106	0.3	0.999991	-0.121421	0	0.121403	2.11089e-07	3.36079e-11
0.002024	1.20439e-10	1.20439e-10	0	0.120439	0.365106	0.3	0.999991	-0.121421	0	0.121884	2.11926e-07	3.46552e-11
0.002028	1.20677e-10	1.20677e-10	0	0.120677	0.365106	0.3	0.999991	-0.121421	0	0.122367	2.12765e-07	3.57351e-11
0.002032	1.20915e-10	1.20915e-10	0	0.120915	0.365106	0.3	0.999991	-0.121421	0	0.12285	2.13605e-07	3.68486e-11
0.002036	1.21153e-10	1.21153e-10	0	0.121153	0.365106	0.3	0.999991	-0.121421	0	0.123334	2.14447e-07	3.79968e-11
0.00204	1.21391e-10	1.21391e-10	0	0.121391	0.365106	0.3	0.999991	-0.121421	0	0.123819	2.1529e-07	3.91807e-11
0.002044	1.21629e-10	1.21629e-10	0	0.121629	0.366792	0.3	0.999991	-0.126339	0	0.124305	2.16135e-07	4.61271e-11
0.002048	1.21867e-10	1.21867e-10	0	0.121867	0.366792	0.3	0.999991	-0.126339	0	0.124792	2.16982e-07	4.75573e-11
0.002052	1.22105e-10	1.22105e-10	0	0.122105	0.366792	0.3	0.999991	-0.126339	0	0.12528	2.1783e-07	4.90317e-11
0.002056	1.22343e-10	1.22343e-10	0	0.122343	0.366792	0.3	0.999991	-0.126339	0	0.125769	2.1868e-07	5.05518e-11
0.00206	1.22581e-10	1.22581e-10	0	0.122581	0.366792	0.3	0.999991	-0.126339	0	0.126259	2.19532e-07	5.2119e-11
0.002064	1.22819e-10	1.22819e-10	0	0.122819	0.366792	0.3	0.999991	-0.126339	0	0.126749	2.20386e-07	5.37346e-11
0.002068	1.23057e-10	1.23057e-10	0	0.123057	0.366792	0.3	0.999991	-0.126339	0	0.127241	2.21241e-07	5.54003e-11
0.002072	1.23295e-10	1.23295e-10	0	0.123295	0.366792	0.3	0.999991	-0.126339	0	0.127734	2.22097e-07	5.71176e-11
0.002076	1.23533e-10	1.23533e-10	0	0.123533	0.366792	0.3	0.999991	-0.126339	0	0.128228	2.22956e-07	5.8888e-11
0.00208	1.23771e-10	1.23771e-10	0	0.123771	0.366792	0.3	0.999991	-0.126339	0	0.128722	2.23816e-07	6.07132e-11
0.002084	1.24009e-10	1.24009e-10	0	0.124009	0.368479	0.3	0.999991	-0.13137	0	0.129218	2.24677e-07	7.12769e-11
0.002088	1.24247e-10	1.24247e-10	0	0.124247	0.368479	0.3	0.999991	-0.13137	0	0.129714	2.25541e-07	7.34752e-11
0.002092	1.24485e-10	1.24485e-10	0	0.124485	0.368479	0.3	0.999991	-0.13137	0	0.130212	2.26406e-07	7.57414e-11
0.002096	1.24723e-10	1.24723e-10	0	0.124723	0.368479	0.3	0.999991	-0.13137	0	0.13071	2.27272e-07	7.80772e-11
0.0021	1.24961e-10	1.24961e-10	0	0.124961	0.368479	0.3	0.999991	-0.13137	0	0.13121	2.2814e-07	8.04851e-11
0.002104	1.25199e-10	1.25199e-10	0	0.125199	0.368479	0.3	0.999991	-0.13137	0	0.13171	2.2901e-07	8.29671e-11
0.002108	1.25437e-10	1.25437e-10	0	0.125437	0.368479	0.3	0.999991	-0.13137	0	0.132211	2.29882e-07	8.55255e-11
0.002112	1.25676e-10	1.25676e-10	0	0.125676	0.368479	0.3	0.999991	-0.13137	0	0.132713	2.30755e-07	8.81627e-11
0.002116	1.25914e-10	1.25914e-10	0	0.125914	0.368479	0.3	0.999991	-0.13137	0	0.133217	2.3163e-07	9.08811e-11
0.00212	1.26152e-10	1.26152e-10	0	0.126152	0.368479	0.3	0.999991	-0.13137	0	0.133721	2.32507e-07	9.36832e-11
0.002124	1.2639e-10	1.2639e-10	0	0.12639	0.370165	0.3	0.999991	-0.136519	0	0.134226	2.33385e-07	1.0968e-10
0.002128	1.26628e-10	1.26628e-10	0	0.126628	0.370165	0.3	0.999991	-0.136519	0	0.134732	2.34265e-07	1.13045e-10
0.002132	1.26866e-10	1.26866e-10	0	0.126866	0.370165	0.3	0.999991	-0.136519	0	0.135239	2.35146e-07	1.16513e-10
0.002136	1.27104e-10	1.27104e-10	0	0.127104	0.370165	0.3	0.999991	-0.136519	0	0.135747	2.36029e-07	1.20088e-10
0.00214	1.27342e-10	1.27342e-10	0	0.127342	0.370165	0.3	0.999991	-0.136519	0	0.136256	2.36914e-07	1.23772e-10
0.002144	1.2758e-10	1.2758e-10	0	0.12758	0.370165	0.3	0.999991	-0.136519	0	0.136765	2.37801e-07	1.27569e-10
0.002148	1.27818e-10	1.27818e-10	0	0.127818	0.370165	0.3	0.999991	-0.136519	0	0.137276	2.38689e-07	1.31482e-10
0.002152	1.28056e-10	1.28056e-10	0	0.128056	0.370165	0.3	0.999991	-0.136519	0	0.137788	2.39579e-07	1.35516e-10
0.002156	1.28294e-10	1.28294e-10	0	0.128294	0.370165	0.3	0.999991	-0.136519	0	0.138301	2.4047e-07	1.39672e-10
0.00216	1.28532e-10	1.28532e-10	0	0.128532	0.370165	0.3	0.999991	-0.136519	0	0.138814	2.41363e-07	1.43956e-10
0.002164	1.2877e-10	1.2877e-10	0	0.12877	0.371852	0.3	0.999991	-0.141786	0	0.139329	2.42258e-07	1.68079e-10
0.002168	1.29008e-10	1.29008e-10	0	0.129008	0.371852	0.3	0.999991	-0.141786	0	0.139844	2.43154e-07	1.7321e-10
0.002172	1.29246e-10	1.29246e-10	0	0.129246	0.371852	0.3	0.999991	-0.141786	0	0.140361	2.44053e-07	1.78496e-10
0.002176	1.29484e-10	1.29484e-10	0	0.129484	0.371852	0.3	0.999991	-0.141786	0	0.140878	2.44952e-07	1.83944e-10
0.00218	1.29722e-10	1.29722e-10	0	0.129722	0.371852	0.3	0.999991	-0.141786	0	0.141397	2.45854e-07	1.89558e-10
0.002184	1.2996e-10	1.2996e-10	0	0.12996	0.371852	0.3	0.999991	-0.141786	0	0.141916	2.46757e-07	1.95342e-10
0.002188	1.30198e-10	1.30198e-10	0	0.130198	0.371852	0.3	0.999991	-0.141786	0	0.142437	2.47661e-07	2.01303e-10
0.002192	1.30436e-10	1.30436e-10	0	0.130436	0.371852	0.3	0.999991	-0.141786	0	0.142958	2.48568e-07	2.07446e-10
0.002196	1.30674e-10	1.30674e-10	0	0.130674	0.371852	0.3	0.999991	-0.141786	0	0.14348	2.49476e-07	2.13776e-10
0.0022	1.30912e-10	1.30912e-10	0	0.130912	0.371852	0.3	0.999991	-0.141786	0	0.144003	2.50385e-07	2.20298e-10
0.002204	1.3115e-10	1.3115e-10	0	0.13115	0.373538	0.3	0.999991	-0.147174	0	0.144527	2.51297e-07	2.56527e-10
0.002208	1.31388e-10	1.31388e-10	0	0.131388	0.373538	0.3	0.999991	-0.147174	0	0.145052	2.5221e-07	2.64316e-10
0.002212	1.31626e-10	1.31626e-10	0	0.131626	0.373538	0.3	0.999991	-0.147174	0	0.145578	2.53124e-07	2.72341e-10
0.002216	1.31864e-10	1.31864e-10	0	0.131864	0.373538	0.3	0.999991	-0.147174	0	0.146105	2.54041e-07	2.8061e-10
0.00222	1.32102e-10	1.32102e-10	0	0.132102	0.373538	0.3	0.999991	-0.147174	0	0.146633	2.54959e-07	2.89129e-10
0.002224	1.3234e-10	1.3234e-10	0	0.13234	0.373538	0.3	0.999991	-0.147174	0	0.147162	2.55878e-07	2.97907e-10
0.002228	1.32578e-10	1.32578e-10	0	0.132578	0.373538	0.3	0.999991	-0.147174	0	0.147692	2.56799e-07	3.0695e-10
0.002232	1.32816e-10	1.32816e-10	0	0.132816	0.373538	0.3	0.999991	-0.147174	0	0.148223	2.57722e-07	3.16268e-10
0.002236	1.33054e-10	1.33054e-10	0	0.133054	0.373538	0.3	0.999991	-0.147174	0	0.148755	2.58647e-07	3.25868e-10
0.00224	1.33292e-10	1.33292e-10	0	0.133292	0.373538	0.3	0.999991	-0.147174	0	0.149287	2.59573e-07	3.35759e-10
0.002244	1.3353e-10	1.3353e-10	0	0.13353	0.373538	0.3	0.999991	-0.147174	0	0.149821	2.60501e-07	3.4595e-10
0.002248	1.33768e-10	1.33768e-10	0	0.133768	0.375224	0.3	0.999991	-0.152684	0	0.150356	2.61431e-07	4.01725e-10
0.002252	1.34006e-10	1.34006e-10	0	0.134006	0.375224	0.3	0.999991	-0.152684	0	0.150891	2.62362e-07	4.13859e-10
0.002256	1.34244e-10	1.34244e-10	0	0.134244	0.375224	0.3	0.999991	-0.152684	0	0.151428	2.63295e-07	4.26359e-10
0.00226	1.34482e-10	1.34482e-10	0	0.134482	0.375224	0.3	0.999991	-0.152684	0	0.151965	2.64229e-07	4.39235e-10
0.002264	1.3472e-10	1.3472e-10	0	0.13472	0.375224	0.3	0.999991	-0.152684	0	0.152503	2.65165e-07	4.52501e-10
0.002268	1.34958e-10	1.34958e-10	0	0.134958	0.375224	0.3	0.999991	-0.152684	0	0.153043	2.66103e-07	4.66166e-10
0.002272	1.35196e-10	1.35196e-10	0	0.135196	0.375224	0.3	0.999991	-0.152684	0	0.153583	2.67043e-07	4.80243e-10
0.002276	1.35434e-10	1.35434e-10	0	0.135434	0.375224	0.3	0.999991	-0.152684	0	0.154124	2.67984e-07	4.94745e-10
0.00228	1.35672e-10	1.35672e-10	0	0.135672	0.375224	0.3	0.999991	-0.152684	0	0.154667	2.68926e-07	5.09683e-10
0.002284	1.3591e-10	1.3591e-10	0	0.13591	0.375224	0.3	0.999991	-0.152684	0	0.15521	2.69871e-07	5.25072e-10
0.002288	1.36148e-10	1.36148e-10	0	0.136148	0.376911	0.3	0.999991	-0.15832	0	0.155754	2.70817e-07	6.08146e-10
0.002292	1.36386e-10	1.36386e-10	0	0.136386	0.376911	0.3	0.999991	-0.15832	0	0.156299	2.71765e-07	6.2642e-10
0.002296	1.36625e-10	1.36625e-10	0	0.136625	0.376911	0.3	0.999991	-0.15832	0	0.156845	2.72714e-07	6.45242e-10
0.0023	1.36863e-10	1.36863e-10	0	0.136863	0.376911	0.3	0.999991	-0.15832	0	0.157392	2.73665e-07	6.64628e-10
0.002304	1.37101e-10	1.37101e-10	0	0.137101	0.376911	0.3	0.999991	-0.15832	0	0.15794	2.74618e-07	6.84596e-10
0.002308	1.37339e-10	1.37339e-10	0	0.137339	0.376911	0.3	0.999991	-0.15832	0	0.158489	2.75572e-07	7.05163e-10
0.002312	1.37577e-10	1.37577e-10	0	0.137577	0.376911	0.3	0.999991	-0.15832	0	0.159039	2.76528e-07	7.26347e-10
0.002316	1.37815e-10	1.37815e-10	0	0.137815	0.376911	0.3	0.999991	-0.15832	0	0.159589	2.77486e-07	7.48166e-10
0.00232	1.38053e-10	1.38053e-10	0	0.138053	0.376911	0.3	0.999991	-0.15832	0	0.160141	2.78445e-07	7.70639e-10
0.002324	1.38291e-10	1.38291e-10	0	0.138291	0.376911	0.3	0.999991	-0.15832	0	0.160694	2.79406e-07	7.93787e-10
0.002328	1.38529e-10	1.38529e-10	0	0.138529	0.378597	0.3	0.999991	-0.164084	0	0.161247	2.80369e-07	9.17029e-10
0.002332	1.38767e-10	1.38767e-10	0	0.138767	0.378597	0.3	0.999991	-0.164084	0	0.161802	2.81333e-07	9.44441e-10
0.002336	1.39005e-10	1.39005e-10	0	0.139005	0.378597	0.3	0.999991	-0.164084	0	0.162358	2.82299e-07	9.72671e-10
0.00234	1.39243e-10	1.39243e-10	0	0.139243	0.378597	0.3	0.999991	-0.164084	0	0.162914	2.83267e-07	1.00174e-09
0.002344	1.39481e-10	1.39481e-10	0	0.139481	0.378597	0.3	0.999991	-0.164084	0	0.163471	2.84236e-07	1.03168e-09
0.002348	1.39719e-10	1.39719e-10	0	0.139719	0.378597	0.3	0.999991	-0.164084	0	0.16403	2.85207e-07	1.06252e-09
0.002352	1.39957e-10	1.39957e-10	0	0.139957	0.378597	0.3	0.999991	-0.164084	0	0.164589	2.86179e-07	1.09427e-09
0.002356	1.40195e-10	1.40195e-10	0	0.140195	0.378597	0.3	0.999991	-0.164084	0	0.16515	2.87154e-07	1.12697e-09
0.00236	1.40433e-10	1.40433e-10	0	0.140433	0.378597	0.3	0.999991	-0.164084	0	0.165711	2.8813e-07	1.16065e-09
0.002364	1.40671e-10	1.40671e-10	0	0.140671	0.378597	0.3	0.999991	-0.164084	0	0.166273	2.89107e-07	1.19533e-09
0.002368	1.40909e-10	1.40909e-10	0	0.140909	0.378597	0.3	0.999991	-0.164084	0	0.166836	2.90086e-07	1.23104e-09
0.002372	1.41147e-10	1.41147e-10	0	0.141147	0.380284	0.3	0.999991	-0.169977	0	0.1674	2.91067e-07	1.41841e-09
0.002376	1.41385e-10	1.41385e-10	0	0.141385	0.380284	0.3	0.999991	-0.169977	0	0.167965	2.9205e-07	1.46058e-09
0.00238	1.41623e-10	1.41623e-10	0	0.141623	0.380284	0.3	0.999991	-0.169977	0	0.168531	2.93034e-07	1.50401e-09
0.002384	1.41861e-10	1.41861e-10	0	0.141861	0.380284	0.3	0.999991	-0.169977	0	0.169098	2.9402e-07	1.54873e-09
0.002388	1.42099e-10	1.42099e-10	0	0.142099	0.380284	0.3	0.999991	-0.169977	0	0.169666	2.95007e-07	1.59478e-09
0.002392	1.42337e-10	1.42337e-10	0	0.142337	0.380284	0.3	0.999991	-0.169977	0	0.170235	2.95996e-07	1.64219e-09
0.002396	1.42575e-10	1.42575e-10	0	0.142575	0.380284	0.3	0.999991	-0.169977	0	0.170805	2.96987e-07	1.69101e-09
0.0024	1.42813e-10	1.42813e-10	0	0.142813	0.380284	0.3	0.999991	-0.169977	0	0.171376	2.97979e-07	1.74128e-09
0.002404	1.43051e-10	1.43051e-10	0	0.143051	0.380284	0.3	0.999991	-0.169977	0	0.171947	2.98973e-07	1.79304e-09
0.002408	1.43289e-10	1.43289e-10	0	0.143289	0.380284	0.3	0.999991	-0.169977	0	0.17252	2.99969e-07	1.84634e-09
0.002412	1.43527e-10	1.43527e-10	0	0.143527	0.38197	0.3	0.999991	-0.176003	0	0.173094	3.00967e-07	2.12208e-09
0.002416	1.43765e-10	1.43765e-10	0	0.143765	0.38197	0.3	0.999991	-0.176003	0	0.173668	3.01966e-07	2.18486e-09
0.00242	1.44003e-10	1.44003e-10	0	0.144003	0.38197	0.3	0.999991	-0.176003	0	0.174244	3.02966e-07	2.24949e-09
0.002424	1.44241e-10	1.44241e-10	0	0.144241	0.38197	0.3	0.999991	-0.176003	0	0.17482	3.03969e-07	2.31603e-09
0.002428	1.44479e-10	1.44479e-10	0	0.144479	0.38197	0.3	0.999991	-0.176003	0	0.175398	3.04973e-07	2.38453e-09
0.002432	1.44717e-10	1.44717e-10	0	0.144717	0.38197	0.3	0.999991	-0.176003	0	0.175976	3.05978e-07	2.45505e-09
0.002436	1.44955e-10	1.44955e-10	0	0.144955	0.38197	0.3	0.999991	-0.176003	0	0.176556	3.06986e-07	2.52766e-09
0.00244	1.45193e-10	1.45193e-10	0	0.145193	0.38197	0.3	0.999991	-0.176003	0	0.177136	3.07995e-07	2.60241e-09
0.002444	1.45431e-10	1.45431e-10	0	0.145431	0.38197	0.3	0.999991	-0.176003	0	0.177717	3.09005e-07	2.67937e-09
0.002448	1.45669e-10	1.45669e-10	0	0.145669	0.38197	0.3	0.999991	-0.176003	0	0.178299	3.10018e-07	2.75859e-09
0.002452	1.45907e-10	1.45907e-10	0	0.145907	0.38197	0.3	0.999991	-0.176003	0	0.178882	3.11032e-07	2.84016e-09
0.002456	1.46145e-10	1.46145e-10	0	0.146145	0.383656	0.3	0.999991	-0.182163	0	0.179467	3.12047e-07	3.25594e-09
0.00246	1.46383e-10	1.46383e-10	0	0.146383	0.383656	0.3	0.999991	-0.182163	0	0.180052	3.13065e-07	3.35176e-09
0.002464	1.46621e-10	1.46621e-10	0	0.146621	0.383656	0.3	0.999991	-0.182163	0	0.180638	3.14084e-07	3.45038e-09
0.002468	1.46859e-10	1.46859e-10	0	0.146859	0.383656	0.3	0.999991	-0.182163	0	0.181225	3.15104e-07	3.55191e-09
0.002472	1.47097e-10	1.47097e-10	0	0.147097	0.383656	0.3	0.999991	-0.182163	0	0.181812	3.16126e-07	3.65642e-09
0.002476	1.47335e-10	1.47335e-10	0	0.147335	0.383656	0.3	0.999991	-0.182163	0	0.182401	3.1715e-07	3.76399e-09
0.00248	1.47574e-10	1.47574e-10	0	0.147574	0.383656	0.3	0.999991	-0.182163	0	0.182991	3.18176e-07	3.87473e-09
0.002484	1.47812e-10	1.47812e-10	0	0.147812	0.383656	0.3	0.999991	-0.182163	0	0.183582	3.19203e-07	3.98871e-09
0.002488	1.4805e-10	1.4805e-10	0	0.14805	0.383656	0.3	0.999991	-0.182163	0	0.184174	3.20232e-07	4.10605e-09
0.002492	1.48288e-10	1.48288e-10	0	0.148288	0.383656	0.3	0.999991	-0.182163	0	0.184766	3.21262e-07	4.22682e-09
0.002496	1.48526e-10	1.48526e-10	0	0.148526	0.385343	0.3	0.999991	-0.18846	0	0.18536	3.22295e-07	4.83398e-09
0.0025	1.48764e-10	1.48764e-10	0	0.148764	0.385343	0.3	0.999991	-0.18846	0	0.185955	3.23328e-07	4.9755e-09
0.002504	1.49002e-10	1.49002e-10	0	0.149002	0.385343	0.3	0.999991	-0.18846	0	0.18655	3.24364e-07	5.12115e-09
0.002508	1.4924e-10	1.4924e-10	0	0.14924	0.385343	0.3	0.999991	-0.18846	0	0.187147	3.25401e-07	5.27106e-09
0.002512	1.49478e-10	1.49478e-10	0	0.149478	0.385343	0.3	0.999991	-0.18846	0	0.187744	3.2644e-07	5.42534e-09
0.002516	1.49716e-10	1.49716e-10	0	0.149716	0.385343	0.3	0.999991	-0.18846	0	0.188342	3.2748e-07	5.58413e-09
0.00252	1.49954e-10	1.49954e-10	0	0.149954	0.385343	0.3	0.999991	-0.18846	0	0.188942	3.28522e-07	5.74757e-09
0.002524	1.50192e-10	1.50192e-10	0	0.150192	0.385343	0.3	0.999991	-0.18846	0	0.189542	3.29566e-07	5.91577e-09
0.002528	1.5043e-10	1.5043e-10	0	0.15043	0.385343	0.3	0.999991	-0.18846	0	0.190143	3.30611e-07	6.08889e-09
0.002532	1.50668e-10	1.50668e-10	0	0.150668	0.385343	0.3	0.999991	-0.18846	0	0.190745	3.31659e-07	6.26706e-09
0.002536	1.50906e-10	1.50906e-10	0	0.150906	0.385343	0.3	0.999991	-0.18846	0	0.191349	3.32707e-07	6.45044e-09
0.00254	1.51144e-10	1.51144e-10	0	0.151144	0.387029	0.3	0.999991	-0.194896	0	0.191953	3.33758e-07	7.3586e-09
0.002544	1.51382e-10	1.51382e-10	0	0.151382	0.387029	0.3	0.999991	-0.194896	0	0.192558	3.3481e-07	7.5729e-09
0.002548	1.5162e-10	1.5162e-10	0	0.15162	0.387029	0.3	0.999991	-0.194896	0	0.193164	3.35863e-07	7.79342e-09
0.002552	1.51858e-10	1.51858e-10	0	0.151858	0.387029	0.3	0.999991	-0.194896	0	0.193771	3.36919e-07	8.02036e-09
0.002556	1.52096e-10	1.52096e-10	0	0.152096	0.387029	0.3	0.999991	-0.194896	0	0.194379	3.37976e-07	8.25389e-09
0.00256	1.52334e-10	1.52334e-10	0	0.152334	0.387029	0.3	0.999991	-0.194896	0	0.194987	3.39034e-07	8.4942e-09
0.002564	1.52572e-10	1.52572e-10	0	0.152572	0.387029	0.3	0.999991	-0.194896	0	0.195597	3.40095e-07	8.7415e-09
0.002568	1.5281e-10	1.5281e-10	0	0.15281	0.387029	0.3	0.999991	-0.194896	0	0.196208	3.41157e-07	8.99598e-09
0.002572	1.53048e-10	1.53048e-10	0	0.153048	0.387029	0.3	0.999991	-0.194896	0	0.19682	3.4222e-07	9.25786e-09
0.002576	1.53286e-10	1.53286e-10	0	0.153286	0.387029	0.3	0.999991	-0.194896	0	0.197432	3.43285e-07	9.52734e-09
0.00258	1.53524e-10	1.53524e-10	0	0.153524	0.387029	0.3	0.999991	-0.194896	0	0.198046	3.44352e-07	9.80465e-09
0.002584	1.53762e-10	1.53762e-10	0	0.153762	0.388716	0.3	0.999991	-0.201474	0	0.198661	3.45421e-07	1.11576e-08
0.002588	1.54e-10	1.54e-10	0	0.154	0.388716	0.3	0.999991	-0.201474	0	0.199276	3.46491e-07	1.14808e-08
0.002592	1.54238e-10	1.54238e-10	0	0.154238	0.388716	0.3	0.999991	-0.201474	0	0.199893	3.47563e-07	1.18134e-08
0.002596	1.54476e-10	1.54476e-10	0	0.154476	0.388716	0.3	0.999991	-0.201474	0	0.20051	3.48637e-07	1.21556e-08
0.0026	1.54714e-10	1.54714e-10	0	0.154714	0.388716	0.3	0.999991	-0.201474	0	0.201128	3.49712e-07	1.25076e-08
0.002604	1.54952e-10	1.54952e-10	0	0.154952	0.388716	0.3	0.999991	-0.201474	0	0.201748	3.50789e-07	1.28699e-08
0.002608	1.5519e-10	1.5519e-10	0	0.15519	0.388716	0.3	0.999991	-0.201474	0	0.202368	3.51867e-07	1.32426e-08
0.002612	1.55428e-10	1.55428e-10	0	0.155428	0.388716	0.3	0.999991	-0.201474	0	0.202989	3.52947e-07	1.36261e-08
0.002616	1.55666e-10	1.55666e-10	0	0.155666	0.388716	0.3	0.999991	-0.201474	0	0.203611	3.54029e-07	1.40207e-08
0.00262	1.55904e-10	1.55904e-10	0	0.155904	0.388716	0.3	0.999991	-0.201474	0	0.204235	3.55113e-07	1.44267e-08
0.002624	1.56142e-10	1.56142e-10	0	0.156142	0.390402	0.3	0.999991	-0.208196	0	0.204859	3.56198e-07	1.63798e-08
0.002628	1.5638e-10	1.5638e-10	0	0.15638	0.390402	0.3	0.999991	-0.208196	0	0.205484	3.57285e-07	1.68518e-08
0.002632	1.56618e-10	1.56618e-10	0	0.156618	0.390402	0.3	0.999991	-0.208196	0	0.20611	3.58373e-07	1.73375e-08
0.002636	1.56856e-10	1.56856e-10	0	0.156856	0.390402	0.3	0.999991	-0.208196	0	0.206737	3.59463e-07	1.78371e-08
0.00264	1.57094e-10	1.57094e-10	0	0.157094	0.390402	0.3	0.999991	-0.208196	0	0.207365	3.60555e-07	1.8351e-08
0.002644	1.57332e-10	1.57332e-10	0	0.157332	0.390402	0.3	0.999991	-0.208196	0	0.207993	3.61648e-07	1.88798e-08
0.002648	1.5757e-10	1.5757e-10	0	0.15757	0.390402	0.3	0.999991	-0.208196	0	0.208623	3.62744e-07	1.94237e-08
0.002652	1.57808e-10	1.57808e-10	0	0.157808	0.390402	0.3	0.999991	-0.208196	0	0.209254	3.6384e-07	1.99833e-08
0.002656	1.58046e-10	1.58046e-10	0	0.158046	0.390402	0.3	0.999991	-0.208196	0	0.209886	3.64939e-07	2.05589e-08
0.00266	1.58285e-10	1.58285e-10	0	0.158285	0.390402	0.3	0.999991	-0.208196	0	0.210518	3.66039e-07	2.11512e-08
0.002664	1.58523e-10	1.58523e-10	0	0.158523	0.390402	0.3	0.999991	-0.208196	0	0.211152	3.6714e-07	2.17604e-08
0.002668	1.58761e-10	1.58761e-10	0	0.158761	0.392088	0.3	0.999991	-0.215065	0	0.211787	3.68244e-07	2.46474e-08
0.002672	1.58999e-10	1.58999e-10	0	0.158999	0.392088	0.3	0.999991	-0.215065	0	0.212422	3.69349e-07	2.5354e-08
0.002676	1.59237e-10	1.59237e-10	0	0.159237	0.392088	0.3	0.999991	-0.215065	0	0.213059	3.70455e-07	2.60808e-08
0.00268	1.59475e-10	1.59475e-10	0	0.159475	0.392088	0.3	0.999991	-0.215065	0	0.213696	3.71564e-07	2.68284e-08
0.002684	1.59713e-10	1.59713e-10	0	0.159713	0.392088	0.3	0.999991	-0.215065	0	0.214334	3.72674e-07	2.75974e-08
0.002688	1.59951e-10	1.59951e-10	0	0.159951	0.392088	0.3	0.999991	-0.215065	0	0.214974	3.73785e-07	2.83884e-08
0.002692	1.60189e-10	1.60189e-10	0	0.160189	0.392088	0.3	0.999991	-0.215065	0	0.215614	3.74899e-07	2.92019e-08
0.002696	1.60427e-10	1.60427e-10	0	0.160427	0.392088	0.3	0.999991	-0.215065	0	0.216255	3.76014e-07	3.00388e-08
0.0027	1.60665e-10	1.60665e-10	0	0.160665	0.392088	0.3	0.999991	-0.215065	0	0.216897	3.7713e-07	3.08996e-08
0.002704	1.60903e-10	1.60903e-10	0	0.160903	0.392088	0.3	0.999991	-0.215065	0	0.217541	3.78248e-07	3.1785e-08
0.002708	1.61141e-10	1.61141e-10	0	0.161141	0.392088	0.3	0.999991	-0.215065	0	0.218185	3.79368e-07	3.26957e-08
0.002712	1.61379e-10	1.61379e-10	0	0.161379	0.393775	0.3	0.999991	-0.222083	0	0.21883	3.8049e-07	3.69464e-08
0.002716	1.61617e-10	1.61617e-10	0	0.161617	0.393775	0.3	0.999991	-0.222083	0	0.219476	3.81613e-07	3.8e-08
0.00272	1.61855e-10	1.61855e-10	0	0.161855	0.393775	0.3	0.999991	-0.222083	0	0.220123	3.82738e-07	3.90837e-08
0.002724	1.62093e-10	1.62093e-10	0	0.162093	0.393775	0.3	0.999991	-0.222083	0	0.22077	3.83864e-07	4.01981e-08
0.002728	1.62331e-10	1.62331e-10	0	0.162331	0.393775	0.3	0.999991	-0.222083	0	0.221419	3.84993e-07	4.13442e-08
0.002732	1.62569e-10	1.62569e-10	0	0.162569	0.393775	0.3	0.999991	-0.222083	0	0.222069	3.86123e-07	4.2523e-08
0.002736	1.62807e-10	1.62807e-10	0	0.162807	0.393775	0.3	0.999991	-0.222083	0	0.22272	3.87254e-07	4.37352e-08
0.00274	1.63045e-10	1.63045e-10	0	0.163045	0.393775	0.3	0.999991	-0.222083	0	0.223372	3.88387e-07	4.4982e-08
0.002744	1.63283e-10	1.63283e-10	0	0.163283	0.393775	0.3	0.999991	-0.222083	0	0.224024	3.89522e-07	4.62642e-08
0.002748	1.63521e-10	1.63521e-10	0	0.163521	0.393775	0.3	0.999991	-0.222083	0	0.224678	3.90658e-07	4.75828e-08
0.002752	1.63759e-10	1.63759e-10	0	0.163759	0.393775	0.3	0.999991	-0.222083	0	0.225332	3.91797e-07	4.8939e-08
0.002756	1.63997e-10	1.63997e-10	0	0.163997	0.395461	0.3	0.999991	-0.229253	0	0.225988	3.92936e-07	5.51734e-08
0.00276	1.64235e-10	1.64235e-10	0	0.164235	0.395461	0.3	0.999991	-0.229253	0	0.226644	3.94078e-07	5.67386e-08
0.002764	1.64473e-10	1.64473e-10	0	0.164473	0.395461	0.3	0.999991	-0.229253	0	0.227302	3.95221e-07	5.8348e-08
0.002768	1.64711e-10	1.64711e-10	0	0.164711	0.395461	0.3	0.999991	-0.229253	0	0.22796	3.96366e-07	6.0003e-08
0.002772	1.64949e-10	1.64949e-10	0	0.164949	0.395461	0.3	0.999991	-0.229253	0	0.228619	3.97512e-07	6.17048e-08
0.002776	1.65187e-10	1.65187e-10	0	0.165187	0.395461	0.3	0.999991	-0.229253	0	0.22928	3.9866e-07	6.34548e-08
0.00278	1.65425e-10	1.65425e-10	0	0.165425	0.395461	0.3	0.999991	-0.229253	0	0.229941	3.9981e-07	6.52542e-08
0.002784	1.65663e-10	1.65663e-10	0	0.165663	0.395461	0.3	0.999991	-0.229253	0	0.230603	4.00961e-07	6.71046e-08
0.002788	1.65901e-10	1.65901e-10	0	0.165901	0.395461	0.3	0.999991	-0.229253	0	0.231266	4.02114e-07	6.90073e-08
0.002792	1.66139e-10	1.66139e-10	0	0.166139	0.395461	0.3	0.999991	-0.229253	0	0.23193	4.03269e-07	7.09638e-08
0.002796	1.66377e-10	1.66377e-10	0	0.166377	0.395461	0.3	0.999991	-0.229253	0	0.232595	4.04425e-07	7.29756e-08
0.0028	1.66615e-10	1.66615e-10	0	0.166615	0.397148	0.3	0.999991	-0.236578	0	0.233261	4.05583e-07	8.20845e-08
0.002804	1.66853e-10	1.66853e-10	0	0.166853	0.397148	0.3	0.999991	-0.236578	0	0.233928	4.06743e-07	8.44007e-08
0.002808	1.67091e-10	1.67091e-10	0	0.167091	0.397148	0.3	0.999991	-0.236578	0	0.234596	4.07904e-07	8.67822e-08
0.002812	1.67329e-10	1.67329e-10	0	0.167329	0.397148	0.3	0.999991	-0.236578	0	0.235265	4.09067e-07	8.92307e-08
0.002816	1.67567e-10	1.67567e-10	0	0.167567	0.397148	0.3	0.999991	-0.236578	0	0.235935	4.10232e-07	9.17481e-08
0.00282	1.67805e-10	1.67805e-10	0	0.167805	0.397148	0.3	0.999991	-0.236578	0	0.236606	4.11398e-07	9.43364e-08
0.002824	1.68043e-10	1.68043e-10	0	0.168043	0.397148	0.3	0.999991	-0.236578	0	0.237277	4.12566e-07	9.69974e-08
0.002828	1.68281e-10	1.68281e-10	0	0.168281	0.397148	0.3	0.999991	-0.236578	0	0.23795	4.13735e-07	9.97334e-08
0.002832	1.68519e-10	1.68519e-10	0	0.168519	0.397148	0.3	0.999991	-0.236578	0	0.238624	4.14906e-07	1.02546e-07
0.002836	1.68757e-10	1.68757e-10	0	0.168757	0.397148	0.3	0.999991	-0.236578	0	0.239298	4.16079e-07	1.05438e-07
0.00284	1.68995e-10	1.68995e-10	0	0.168995	0.397148	0.3	0.999991	-0.236578	0	0.239974	4.17254e-07	1.08412e-07
0.002844	1.69234e-10	1.69234e-10	0	0.169234	0.398834	0.3	0.999991	-0.24406	0	0.24065	4.1843e-07	1.21669e-07
0.002848	1.69472e-10	1.69472e-10	0	0.169472	0.398834	0.3	0.999991	-0.24406	0	0.241327	4.19608e-07	1.25085e-07
0.002852	1.6971e-10	1.6971e-10	0	0.16971	0.398834	0.3	0.999991	-0.24406	0	0.242006	4.20787e-07	1.28595e-07
0.002856	1.69948e-10	1.69948e-10	0	0.169948	0.398834	0.3	0.999991	-0.24406	0	0.242685	4.21969e-07	1.32204e-07
0.00286	1.70186e-10	1.70186e-10	0	0.170186	0.398834	0.3	0.999991	-0.24406	0	0.243365	4.23151e-07	1.35914e-07
0.002864	1.70424e-10	1.70424e-10	0	0.170424	0.398834	0.3	0.999991	-0.24406	0	0.244047	4.24336e-07	1.39728e-07
0.002868	1.70662e-10	1.70662e-10	0	0.170662	0.398834	0.3	0.999991	-0.24406	0	0.244729	4.25522e-07	1.43649e-07
0.002872	1.709e-10	1.709e-10	0	0.1709	0.398834	0.3	0.999991	-0.24406	0	0.245412	4.2671e-07	1.47679e-07
0.00287601	1.71138e-10	1.71138e-10	0	0.171138	0.398834	0.3	0.999991	-0.24406	0	0.246096	4.27899e-07	1.51822e-07
0.00288001	1.71376e-10	1.71376e-10	0	0.171376	0.398834	0.3	0.999991	-0.24406	0	0.246781	4.2909e-07	1.56081e-07
0.00288401	1.71614e-10	1.71614e-10	0	0.171614	0.398834	0.3	0.999991	-0.24406	0	0.247467	4.30283e-07	1.60459e-07
0.00288801	1.71852e-10	1.71852e-10	0	0.171852	0.40052	0.3	0.999991	-0.251701	0	0.248154	4.31477e-07	1.79683e-07
0.00289201	1.7209e-10	1.7209e-10	0	0.17209	0.40052	0.3	0.999991	-0.251701	0	0.248842	4.32674e-07	1.847e-07
0.00289601	1.72328e-10	1.72328e-10	0	0.172328	0.40052	0.3	0.999991	-0.251701	0	0.249531	4.33871e-07	1.89856e-07
0.00290001	1.72566e-10	1.72566e-10	0	0.172566	0.40052	0.3	0.999991	-0.251701	0	0.25022	4.35071e-07	1.95156e-07
0.00290401	1.72804e-10	1.72804e-10	0	0.172804	0.40052	0.3	0.999991	-0.251701	0	0.250911	4.36272e-07	2.00604e-07
0.00290801	1.73042e-10	1.73042e-10	0	0.173042	0.40052	0.3	0.999991	-0.251701	0	0.251603	4.37474e-07	2.06203e-07
0.00291201	1.7328e-10	1.7328e-10	0	0.17328	0.40052	0.3	0.999991	-0.251701	0	0.252296	4.38679e-07	2.11958e-07
0.00291601	1.73518e-10	1.73518e-10	0	0.173518	0.40052	0.3	0.999991	-0.251701	0	0.252989	4.39885e-07	2.17874e-07
0.00292001	1.73756e-10	1.73756e-10	0	0.173756	0.40052	0.3	0.999991	-0.251701	0	0.253684	4.41092e-07	2.23953e-07
0.00292401	1.73994e-10	1.73994e-10	0	0.173994	0.40052	0.3	0.999991	-0.251701	0	0.254379	4.42302e-07	2.30203e-07
0.00292801	1.74232e-10	1.74232e-10	0	0.174232	0.40052	0.3	0.999991	-0.251701	0	0.255076	4.43513e-07	2.36625e-07
0.00293201	1.7447e-10	1.7447e-10	0	0.17447	0.402207	0.3	0.999991	-0.259506	0	0.255773	4.44725e-07	2.64395e-07
0.00293601	1.74708e-10	1.74708e-10	0	0.174708	0.402207	0.3	0.999991	-0.259506	0	0.256471	4.45939e-07	2.71738e-07
0.00294001	1.74946e-10	1.74946e-10	0	0.174946	0.402207	0.3	0.999991	-0.259506	0	0.257171	4.47155e-07	2.79284e-07
0.00294401	1.75184e-10	1.75184e-10	0	0.175184	0.402207	0.3	0.999991	-0.259506	0	0.257871	4.48373e-07	2.87039e-07
0.00294801	1.75422e-10	1.75422e-10	0	0.175422	0.402207	0.3	0.999991	-0.259506	0	0.258572	4.49592e-07	2.95009e-07
0.00295201	1.7566e-10	1.7566e-10	0	0.17566	0.402207	0.3	0.999991	-0.259506	0	0.259274	4.50813e-07	3.032e-07
0.00295601	1.75898e-10	1.75898e-10	0	0.175898	0.402207	0.3	0.999991	-0.259506	0	0.259977	4.52036e-07	3.11617e-07
0.00296001	1.76136e-10	1.76136e-10	0	0.176136	0.402207	0.3	0.999991	-0.259506	0	0.260681	4.5326e-07	3.20267e-07
0.00296401	1.76374e-10	1.76374e-10	0	0.176374	0.402207	0.3	0.999991	-0.259506	0	0.261387	4.54486e-07	3.29156e-07
0.00296801	1.76612e-10	1.76612e-10	0	0.176612	0.402207	0.3	0.999991	-0.259506	0	0.262092	4.55713e-07	3.38292e-07
0.00297201	1.7685e-10	1.7685e-10	0	0.17685	0.402207	0.3	0.999991	-0.259506	0	0.262799	4.56942e-07	3.4768e-07
0.00297601	1.77088e-10	1.77088e-10	0	0.177088	0.403893	0.3	0.999991	-0.267475	0	0.263507	4.58173e-07	3.87647e-07
0.00298001	1.77326e-10	1.77326e-10	0	0.177326	0.403893	0.3	0.999991	-0.267475	0	0.264216	4.59406e-07	3.98355e-07
0.00298401	1.77564e-10	1.77564e-10	0	0.177564	0.403893	0.3	0.999991	-0.267475	0	0.264926	4.6064e-07	4.09359e-07
0.00298801	1.77802e-10	1.77802e-10	0	0.177802	0.403893	0.3	0.999991	-0.267475	0	0.265637	4.61875e-07	4.20665e-07
0.00299201	1.7804e-10	1.7804e-10	0	0.17804	0.403893	0.3	0.999991	-0.267475	0	0.266348	4.63113e-07	4.32282e-07
0.00299601	1.78278e-10	1.78278e-10	0	0.178278	0.403893	0.3	0.999991	-0.267475	0	0.267061	4.64352e-07	4.4422e-07
0.00300001	1.78516e-10	1.78516e-10	0	0.178516	0.403893	0.3	0.999991	-0.267475	0	0.267775	4.65593e-07	4.56486e-07
0.00300401	1.78754e-10	1.78754e-10	0	0.178754	0.403893	0.3	0.999991	-0.267475	0	0.268489	4.66835e-07	4.6909e-07
0.00300801	1.78992e-10	1.78992e-10	0	0.178992	0.403893	0.3	0.999991	-0.267475	0	0.269205	4.68079e-07	4.8204e-07
0.00301201	1.7923e-10	1.7923e-10	0	0.17923	0.403893	0.3	0.999991	-0.267475	0	0.269921	4.69325e-07	4.95347e-07
0.00301601	1.79468e-10	1.79468e-10	0	0.179468	0.403893	0.3	0.999991	-0.267475	0	0.270638	4.70572e-07	5.09021e-07
0.00302001	1.79706e-10	1.79706e-10	0	0.179706	0.403893	0.3	0.999991	-0.267475	0	0.271357	4.71821e-07	5.2307e-07
0.00302401	1.79944e-10	1.79944e-10	0	0.179944	0.40558	0.3	0.999991	-0.275613	0	0.272076	4.73072e-07	5.8189e-07
0.00302801	1.80183e-10	1.80183e-10	0	0.180183	0.40558	0.3	0.999991	-0.275613	0	0.272796	4.74324e-07	5.97877e-07
0.00303201	1.80421e-10	1.80421e-10	0	0.180421	0.40558	0.3	0.999991	-0.275613	0	0.273518	4.75578e-07	6.14302e-07
0.00303601	1.80659e-10	1.80659e-10	0	0.180659	0.40558	0.3	0.999991	-0.275613	0	0.27424	4.76834e-07	6.31176e-07
0.00304001	1.80897e-10	1.80897e-10	0	0.180897	0.40558	0.3	0.999991	-0.275613	0	0.274963	4.78091e-07	6.48512e-07
0.00304401	1.81135e-10	1.81135e-10	0	0.181135	0.40558	0.3	0.999991	-0.275613	0	0.275687	4.7935e-07	6.66323e-07
0.00304801	1.81373e-10	1.81373e-10	0	0.181373	0.40558	0.3	0.999991	-0.275613	0	0.276412	4.80611e-07	6.84622e-07
0.00305201	1.81611e-10	1.81611e-10	0	0.181611	0.40558	0.3	0.999991	-0.275613	0	0.277138	4.81873e-07	7.03421e-07
0.00305601	1.81849e-10	1.81849e-10	0	0.181849	0.40558	0.3	0.999991	-0.275613	0	0.277865	4.83137e-07	7.22736e-07
0.00306001	1.82087e-10	1.82087e-10	0	0.182087	0.40558	0.3	0.999991	-0.275613	0	0.278593	4.84403e-07	7.42578e-07
0.00306401	1.82325e-10	1.82325e-10	0	0.182325	0.40558	0.3	0.999991	-0.275613	0	0.279321	4.8567e-07	7.62964e-07
0.00306801	1.82563e-10	1.82563e-10	0	0.182563	0.407266	0.3	0.999991	-0.283922	0	0.280051	4.86939e-07	8.46986e-07
0.00307201	1.82801e-10	1.82801e-10	0	0.182801	0.407266	0.3	0.999991	-0.283922	0	0.280782	4.88209e-07	8.70131e-07
0.00307601	1.83039e-10	1.83039e-10	0	0.183039	0.407266	0.3	0.999991	-0.283922	0	0.281514	4.89482e-07	8.93906e-07
0.00308001	1.83277e-10	1.83277e-10	0	0.183277	0.407266	0.3	0.999991	-0.283922	0	0.282246	4.90755e-07	9.18329e-07
0.00308401	1.83515e-10	1.83515e-10	0	0.183515	0.407266	0.3	0.999991	-0.283922	0	0.28298	4.92031e-07	9.43416e-07
0.00308801	1.83753e-10	1.83753e-10	0	0.183753	0.407266	0.3	0.999991	-0.283922	0	0.283714	4.93308e-07	9.69187e-07
0.00309201	1.83991e-10	1.83991e-10	0	0.183991	0.407266	0.3	0.999991	-0.283922	0	0.28445	4.94587e-07	9.95659e-07
0.00309601	1.84229e-10	1.84229e-10	0	0.184229	0.407266	0.3	0.999991	-0.283922	0	0.285186	4.95867e-07	1.02285e-06
0.00310001	1.84467e-10	1.84467e-10	0	0.184467	0.407266	0.3	0.999991	-0.283922	0	0.285924	4.9715e-07	1.05079e-06
0.00310401	1.84705e-10	1.84705e-10	0	0.184705	0.407266	0.3	0.999991	-0.283922	0	0.286662	4.98433e-07	1.07948e-06
0.00310801	1.84943e-10	1.84943e-10	0	0.184943	0.407266	0.3	0.999991	-0.283922	0	0.287401	4.99719e-07	1.10895e-06
0.00311201	1.85181e-10	1.85181e-10	0	0.185181	0.407266	0.3	0.999991	-0.283922	0	0.288142	5.01006e-07	1.13923e-06
0.00311601	1.85419e-10	1.85419e-10	0	0.185419	0.408952	0.3	0.999991	-0.292404	0	0.288883	5.02295e-07	1.26193e-06
0.00312001	1.85657e-10	1.85657e-10	0	0.185657	0.408952	0.3	0.999991	-0.292404	0	0.289625	5.03586e-07	1.29622e-06
0.00312401	1.85895e-10	1.85895e-10	0	0.185895	0.408952	0.3	0.999991	-0.292404	0	0.290368	5.04878e-07	1.33145e-06
0.00312801	1.86133e-10	1.86133e-10	0	0.186133	0.408952	0.3	0.999991	-0.292404	0	0.291112	5.06172e-07	1.36762e-06
0.00313201	1.86371e-10	1.86371e-10	0	0.186371	0.408952	0.3	0.999991	-0.292404	0	0.291857	5.07467e-07	1.40478e-06
0.00313601	1.86609e-10	1.86609e-10	0	0.186609	0.408952	0.3	0.999991	-0.292404	0	0.292603	5.08764e-07	1.44294e-06
0.00314001	1.86847e-10	1.86847e-10	0	0.186847	0.408952	0.3	0.999991	-0.292404	0	0.29335	5.10063e-07	1.48214e-06
0.00314401	1.87085e-10	1.87085e-10	0	0.187085	0.408952	0.3	0.999991	-0.292404	0	0.294098	5.11363e-07	1.52239e-06
0.00314801	1.87323e-10	1.87323e-10	0	0.187323	0.408952	0.3	0.999991	-0.292404	0	0.294847	5.12665e-07	1.56374e-06
0.00315201	1.87561e-10	1.87561e-10	0	0.187561	0.408952	0.3	0.999991	-0.292404	0	0.295596	5.13969e-07	1.6062e-06
0.00315601	1.87799e-10	1.87799e-10	0	0.187799	0.408952	0.3	0.999991	-0.292404	0	0.296347	5.15274e-07	1.64982e-06
0.00316001	1.88037e-10	1.88037e-10	0	0.188037	0.410639	0.3	0.999991	-0.301063	0	0.297099	5.16581e-07	1.8238e-06
0.00316401	1.88275e-10	1.88275e-10	0	0.188275	0.410639	0.3	0.999991	-0.301063	0	0.297851	5.1789e-07	1.8731e-06
0.00316801	1.88513e-10	1.88513e-10	0	0.188513	0.410639	0.3	0.999991	-0.301063	0	0.298605	5.192e-07	1.92372e-06
0.00317201	1.88751e-10	1.88751e-10	0	0.188751	0.410639	0.3	0.999991	-0.301063	0	0.29936	5.20512e-07	1.9757e-06
0.00317601	1.88989e-10	1.88989e-10	0	0.188989	0.410639	0.3	0.999991	-0.301063	0	0.300115	5.21826e-07	2.02909e-06
0.00318001	1.89228e-10	1.89228e-10	0	0.189227	0.410639	0.3	0.999991	-0.301063	0	0.300871	5.23141e-07	2.08391e-06
0.00318401	1.89466e-10	1.89466e-10	0	0.189465	0.410639	0.3	0.999991	-0.301063	0	0.301629	5.24458e-07	2.14021e-06
0.00318801	1.89704e-10	1.89704e-10	0	0.189703	0.410639	0.3	0.999991	-0.301063	0	0.302387	5.25777e-07	2.19802e-06
0.00319201	1.89942e-10	1.89942e-10	0	0.189941	0.410639	0.3	0.999991	-0.301063	0	0.303146	5.27097e-07	2.25739e-06
0.00319601	1.9018e-10	1.9018e-10	0	0.190179	0.410639	0.3	0.999991	-0.301063	0	0.303907	5.28419e-07	2.31835e-06
0.00320001	1.90418e-10	1.90418e-10	0	0.190417	0.410639	0.3	0.999991	-0.301063	0	0.304668	5.29742e-07	2.38096e-06
0.00320401	1.90656e-10	1.90656e-10	0	0.190655	0.410639	0.3	0.999991	-0.301063	0	0.30543	5.31067e-07	2.44525e-06
0.00320801	1.90894e-10	1.90894e-10	0	0.190893	0.412325	0.3	0.999991	-0.309902	0	0.306193	5.32394e-07	2.69739e-06
0.00321201	1.91132e-10	1.91132e-10	0	0.191132	0.412325	0.3	0.999991	-0.309902	0	0.306957	5.33723e-07	2.76989e-06
0.00321601	1.9137e-10	1.9137e-10	0	0.19137	0.412325	0.3	0.999991	-0.309902	0	0.307722	5.35053e-07	2.84433e-06
0.00322001	1.91608e-10	1.91608e-10	0	0.191608	0.412325	0.3	0.999991	-0.309902	0	0.308488	5.36385e-07	2.92077e-06
0.00322401	1.91846e-10	1.91846e-10	0	0.191846	0.412325	0.3	0.999991	-0.309902	0	0.309255	5.37718e-07	2.99925e-06
0.00322801	1.92084e-10	1.92084e-10	0	0.192084	0.412325	0.3	0.999991	-0.309902	0	0.310023	5.39054e-07	3.07983e-06
0.00323201	1.92322e-10	1.92322e-10	0	0.192322	0.412325	0.3	0.999991	-0.309902	0	0.310792	5.4039e-07	3.16257e-06
0.00323601	1.9256e-10	1.9256e-10	0	0.19256	0.412325	0.3	0.999991	-0.309902	0	0.311562	5.41729e-07	3.24752e-06
0.00324001	1.92798e-10	1.92798e-10	0	0.192798	0.412325	0.3	0.999991	-0.309902	0	0.312332	5.43069e-07	3.33474e-06
0.00324401	1.93036e-10	1.93036e-10	0	0.193036	0.412325	0.3	0.999991	-0.309902	0	0.313104	5.44411e-07	3.4243e-06
0.00324801	1.93274e-10	1.93274e-10	0	0.193274	0.412325	0.3	0.999991	-0.309902	0	0.313877	5.45754e-07	3.51626e-06
0.00325201	1.93512e-10	1.93512e-10	0	0.193512	0.414012	0.3	0.999991	-0.318924	0	0.31465	5.471e-07	3.87117e-06
0.00325601	1.9375e-10	1.9375e-10	0	0.19375	0.414012	0.3	0.999991	-0.318924	0	0.315425	5.48446e-07	3.97465e-06
0.00326001	1.93988e-10	1.93988e-10	0	0.193988	0.414012	0.3	0.999991	-0.318924	0	0.3162	5.49795e-07	4.08088e-06
0.00326401	1.94226e-10	1.94226e-10	0	0.194226	0.414012	0.3	0.999991	-0.318924	0	0.316976	5.51145e-07	4.18994e-06
0.00326801	1.94464e-10	1.94464e-10	0	0.194464	0.414012	0.3	0.999991	-0.318924	0	0.317754	5.52496e-07	4.30191e-06
0.00327201	1.94702e-10	1.94702e-10	0	0.194702	0.414012	0.3	0.999991	-0.318924	0	0.318532	5.5385e-07	4.41685e-06
0.00327601	1.9494e-10	1.9494e-10	0	0.19494	0.414012	0.3	0.999991	-0.318924	0	0.319311	5.55205e-07	4.53485e-06
0.00328001	1.95178e-10	1.95178e-10	0	0.195178	0.414012	0.3	0.999991	-0.318924	0	0.320092	5.56562e-07	4.65599e-06
0.00328401	1.95416e-10	1.95416e-10	0	0.195416	0.414012	0.3	0.999991	-0.318924	0	0.320873	5.5792e-07	4.78036e-06
0.00328801	1.95654e-10	1.95654e-10	0	0.195654	0.414012	0.3	0.999991	-0.318924	0	0.321655	5.5928e-07	4.90803e-06
0.00329201	1.95892e-10	1.95892e-10	0	0.195892	0.414012	0.3	0.999991	-0.318924	0	0.322438	5.60642e-07	5.0391e-06
0.00329601	1.9613e-10	1.9613e-10	0	0.19613	0.414012	0.3	0.999991	-0.318924	0	0.323222	5.62005e-07	5.17366e-06
0.00330001	1.96368e-10	1.96368e-10	0	0.196368	0.415698	0.3	0.999991	-0.328131	0	0.324007	5.6337e-07	5.68411e-06
0.00330401	1.96607e-10	1.96607e-10	0	0.196606	0.415698	0.3	0.999991	-0.328131	0	0.324793	5.64737e-07	5.83519e-06
0.00330801	1.96845e-10	1.96845e-10	0	0.196844	0.415698	0.3	0.999991	-0.328131	0	0.32558	5.66105e-07	5.99027e-06
0.00331201	1.97083e-10	1.97083e-10	0	0.197082	0.415698	0.3	0.999991	-0.328131	0	0.326368	5.67475e-07	6.14946e-06
0.00331601	1.97321e-10	1.97321e-10	0	0.19732	0.415698	0.3	0.999991	-0.328131	0	0.327157	5.68847e-07	6.31285e-06
0.00332001	1.97559e-10	1.97559e-10	0	0.197558	0.415698	0.3	0.999991	-0.328131	0	0.327946	5.7022e-07	6.48057e-06
0.00332401	1.97797e-10	1.97797e-10	0	0.197796	0.415698	0.3	0.999991	-0.328131	0	0.328737	5.71595e-07	6.65273e-06
0.00332801	1.98035e-10	1.98035e-10	0	0.198034	0.415698	0.3	0.999991	-0.328131	0	0.329529	5.72972e-07	6.82944e-06
0.00333201	1.98273e-10	1.98273e-10	0	0.198272	0.415698	0.3	0.999991	-0.328131	0	0.330321	5.7435e-07	7.01083e-06
0.00333601	1.98511e-10	1.98511e-10	0	0.19851	0.415698	0.3	0.999991	-0.328131	0	0.331115	5.7573e-07	7.19701e-06
0.00334001	1.98749e-10	1.98749e-10	0	0.198748	0.415698	0.3	0.999991	-0.328131	0	0.33191	5.77111e-07	7.38811e-06
0.00334401	1.98987e-10	1.98987e-10	0	0.198986	0.415698	0.3	0.999991	-0.328131	0	0.332705	5.78495e-07	7.58427e-06
0.00334801	1.99225e-10	1.99225e-10	0	0.199224	0.417384	0.3	0.999991	-0.337527	0	0.333501	5.7988e-07	8.3156e-06
0.00335201	1.99463e-10	1.99463e-10	0	0.199462	0.417384	0.3	0.999991	-0.337527	0	0.334299	5.81266e-07	8.53537e-06
0.00335601	1.99701e-10	1.99701e-10	0	0.1997	0.417384	0.3	0.999991	-0.337527	0	0.335097	5.82654e-07	8.76093e-06
0.00336001	1.99939e-10	1.99939e-10	0	0.199938	0.417384	0.3	0.999991	-0.337527	0	0.335896	5.84044e-07	8.99241e-06
0.00336401	2.00177e-10	2.00177e-10	0	0.200176	0.417384	0.3	0.999991	-0.337527	0	0.336697	5.85436e-07	9.22999e-06
0.00336801	2.00415e-10	2.00415e-10	0	0.200414	0.417384	0.3	0.999991	-0.337527	0	0.337498	5.86829e-07	9.47381e-06
0.00337201	2.00653e-10	2.00653e-10	0	0.200652	0.417384	0.3	0.999991	-0.337527	0	0.3383	5.88224e-07	9.72405e-06
0.00337601	2.00891e-10	2.00891e-10	0	0.20089	0.417384	0.3	0.999991	-0.337527	0	0.339103	5.8962e-07	9.98086e-06
0.00338001	2.01129e-10	2.01129e-10	0	0.201128	0.417384	0.3	0.999991	-0.337527	0	0.339907	5.91019e-07	1.02444e-05
0.00338401	2.01367e-10	2.01367e-10	0	0.201366	0.417384	0.3	0.999991	-0.337527	0	0.340712	5.92418e-07	1.05149e-05
0.00338801	2.01605e-10	2.01605e-10	0	0.201604	0.417384	0.3	0.999991	-0.337527	0	0.341518	5.9382e-07	1.07925e-05
0.00339201	2.01844e-10	2.01844e-10	0	0.201842	0.419071	0.3	0.999991	-0.347114	0	0.342325	5.95224e-07	1.18108e-05
0.00339601	2.02082e-10	2.02082e-10	0	0.202081	0.419071	0.3	0.999991	-0.347114	0	0.343133	5.96628e-07	1.21212e-05
0.00340001	2.0232e-10	2.0232e-10	0	0.202319	0.419071	0.3	0.999991	-0.347114	0	0.343942	5.98035e-07	1.24397e-05
0.00340401	2.02558e-10	2.02558e-10	0	0.202557	0.419071	0.3	0.999991	-0.347114	0	0.344751	5.99443e-07	1.27666e-05
0.00340801	2.02796e-10	2.02796e-10	0	0.202795	0.419071	0.3	0.999991	-0.347114	0	0.345562	6.00853e-07	1.3102e-05
0.00341201	2.03034e-10	2.03034e-10	0	0.203033	0.419071	0.3	0.999991	-0.347114	0	0.346374	6.02264e-07	1.34461e-05
0.00341601	2.03272e-10	2.03272e-10	0	0.203271	0.419071	0.3	0.999991	-0.347114	0	0.347186	6.03677e-07	1.37993e-05
0.00342001	2.0351e-10	2.0351e-10	0	0.203509	0.419071	0.3	0.999991	-0.347114	0	0.348	6.05092e-07	1.41617e-05
0.00342401	2.03748e-10	2.03748e-10	0	0.203747	0.419071	0.3	0.999991	-0.347114	0	0.348814	6.06509e-07	1.45335e-05
0.00342801	2.03986e-10	2.03986e-10	0	0.203985	0.419071	0.3	0.999991	-0.347114	0	0.34963	6.07927e-07	1.49151e-05
0.00343201	2.04224e-10	2.04224e-10	0	0.204223	0.419071	0.3	0.999991	-0.347114	0	0.350446	6.09347e-07	1.53066e-05
0.00343601	2.04462e-10	2.04462e-10	0	0.204461	0.419071	0.3	0.999991	-0.347114	0	0.351264	6.10768e-07	1.57084e-05
0.00344001	2.047e-10	2.047e-10	0	0.204699	0.420757	0.3	0.999991	-0.356897	0	0.352082	6.12192e-07	1.71565e-05
0.00344401	2.04938e-10	2.04938e-10	0	0.204937	0.420757	0.3	0.999991	-0.356897	0	0.352901	6.13616e-07	1.76048e-05
0.00344801	2.05176e-10	2.05176e-10	0	0.205175	0.420757	0.3	0.999991	-0.356897	0	0.353721	6.15043e-07	1.80647e-05
0.00345201	2.05415e-10	2.05415e-10	0	0.205413	0.420757	0.3	0.999991	-0.356897	0	0.354543	6.16471e-07	1.85366e-05
0.00345601	2.05653e-10	2.05653e-10	0	0.205651	0.420757	0.3	0.999991	-0.356897	0	0.355365	6.17901e-07	1.90207e-05
0.00346001	2.05891e-10	2.05891e-10	0	0.205889	0.420757	0.3	0.999991	-0.356897	0	0.356188	6.19332e-07	1.95174e-05
0.00346401	2.06129e-10	2.06129e-10	0	0.206127	0.420757	0.3	0.999991	-0.356897	0	0.357012	6.20765e-07	2.0027e-05
0.00346801	2.06367e-10	2.06367e-10	0	0.206365	0.420757	0.3	0.999991	-0.356897	0	0.357837	6.222e-07	2.05499e-05
0.00347201	2.06605e-10	2.06605e-10	0	0.206603	0.420757	0.3	0.999991	-0.356897	0	0.358663	6.23637e-07	2.10864e-05
0.00347601	2.06843e-10	2.06843e-10	0	0.206841	0.420757	0.3	0.999991	-0.356897	0	0.35949	6.25075e-07	2.16367e-05
0.00348001	2.07081e-10	2.07081e-10	0	0.207079	0.420757	0.3	0.999991	-0.356897	0	0.360317	6.26514e-07	2.22014e-05
0.00348401	2.07319e-10	2.07319e-10	0	0.207317	0.420757	0.3	0.999991	-0.356897	0	0.361146	6.27956e-07	2.27807e-05
0.00348801	2.07557e-10	2.07557e-10	0	0.207555	0.422444	0.3	0.999991	-0.366877	0	0.361976	6.294e-07	2.48322e-05
0.00349201	2.07795e-10	2.07795e-10	0	0.207793	0.422444	0.3	0.999991	-0.366877	0	0.362807	6.30845e-07	2.54772e-05
0.00349601	2.08034e-10	2.08034e-10	0	0.208031	0.422444	0.3	0.999991	-0.366877	0	0.363638	6.32291e-07	2.61389e-05
0.00350001	2.08272e-10	2.08272e-10	0	0.208269	0.422444	0.3	0.999991	-0.366877	0	0.364471	6.33739e-07	2.68177e-05
0.00350401	2.0851e-10	2.0851e-10	0	0.208507	0.422444	0.3	0.999991	-0.366877	0	0.365304	6.35189e-07	2.7514e-05
0.00350801	2.08748e-10	2.08748e-10	0	0.208745	0.422444	0.3	0.999991	-0.366877	0	0.366139	6.3664e-07	2.82283e-05
0.00351201	2.08986e-10	2.08986e-10	0	0.208983	0.422444	0.3	0.999991	-0.366877	0	0.366974	6.38094e-07	2.89611e-05
0.00351601	2.09224e-10	2.09224e-10	0	0.209221	0.422444	0.3	0.999991	-0.366877	0	0.367811	6.39548e-07	2.97127e-05
0.00352001	2.09462e-10	2.09462e-10	0	0.209459	0.422444	0.3	0.999991	-0.366877	0	0.368648	6.41005e-07	3.04838e-05
0.00352401	2.097e-10	2.097e-10	0	0.209697	0.422444	0.3	0.999991	-0.366877	0	0.369486	6.42463e-07	3.12748e-05
0.00352801	2.09938e-10	2.09938e-10	0	0.209935	0.422444	0.3	0.999991	-0.366877	0	0.370326	6.43923e-07	3.20861e-05
0.00353201	2.10176e-10	2.10176e-10	0	0.210173	0.422444	0.3	0.999991	-0.366877	0	0.371166	6.45384e-07	3.29185e-05
0.00353601	2.10415e-10	2.10415e-10	0	0.210411	0.42413	0.3	0.999991	-0.377059	0	0.372007	6.46849e-07	3.58137e-05
0.00354001	2.10653e-10	2.10653e-10	0	0.210649	0.42413	0.3	0.999991	-0.377059	0	0.372849	6.48313e-07	3.67385e-05
0.00354401	2.10891e-10	2.10891e-10	0	0.210887	0.42413	0.3	0.999991	-0.377059	0	0.373692	6.4978e-07	3.7687e-05
0.00354801	2.11129e-10	2.11129e-10	0	0.211125	0.42413	0.3	0.999991	-0.377059	0	0.374536	6.51248e-07	3.86598e-05
0.00355201	2.11367e-10	2.11367e-10	0	0.211363	0.42413	0.3	0.999991	-0.377059	0	0.375381	6.52718e-07	3.96576e-05
0.00355601	2.11605e-10	2.11605e-10	0	0.211601	0.42413	0.3	0.999991	-0.377059	0	0.376227	6.5419e-07	4.06811e-05
0.00356001	2.11844e-10	2.11844e-10	0	0.211839	0.42413	0.3	0.999991	-0.377059	0	0.377074	6.55663e-07	4.17308e-05
0.00356401	2.12082e-10	2.12082e-10	0	0.212077	0.42413	0.3	0.999991	-0.377059	0	0.377922	6.57138e-07	4.28074e-05
0.00356801	2.1232e-10	2.1232e-10	0	0.212315	0.42413	0.3	0.999991	-0.377059	0	0.378771	6.58614e-07	4.39117e-05
0.00357201	2.12558e-10	2.12558e-10	0	0.212553	0.42413	0.3	0.999991	-0.377059	0	0.379621	6.60093e-07	4.50442e-05
0.00357601	2.12796e-10	2.12796e-10	0	0.212791	0.42413	0.3	0.999991	-0.377059	0	0.380471	6.61573e-07	4.62059e-05
0.00358001	2.13034e-10	2.13034e-10	0	0.21303	0.42413	0.3	0.999991	-0.377059	0	0.381323	6.63054e-07	4.73973e-05
0.00358401	2.13272e-10	2.13272e-10	0	0.213268	0.42413	0.3	0.999991	-0.377059	0	0.382175	6.64537e-07	4.86192e-05
0.00358801	2.13511e-10	2.13511e-10	0	0.213506	0.425816	0.3	0.999991	-0.387445	0	0.383029	6.66024e-07	5.27889e-05
0.00359201	2.13749e-10	2.13749e-10	0	0.213744	0.425816	0.3	0.999991	-0.387445	0	0.383883	6.67511e-07	5.41436e-05
0.00359601	2.13987e-10	2.13987e-10	0	0.213982	0.425816	0.3	0.999991	-0.387445	0	0.384739	6.68999e-07	5.55328e-05
0.00360001	2.14225e-10	2.14225e-10	0	0.21422	0.425816	0.3	0.999991	-0.387445	0	0.385595	6.70489e-07	5.69575e-05
0.00360401	2.14464e-10	2.14464e-10	0	0.214458	0.425816	0.3	0.999991	-0.387445	0	0.386453	6.71981e-07	5.84186e-05
0.00360801	2.14702e-10	2.14702e-10	0	0.214696	0.425816	0.3	0.999991	-0.387445	0	0.387311	6.73475e-07	5.99169e-05
0.00361201	2.1494e-10	2.1494e-10	0	0.214934	0.425816	0.3	0.999991	-0.387445	0	0.38817	6.7497e-07	6.14534e-05
0.00361601	2.15178e-10	2.15178e-10	0	0.215172	0.425816	0.3	0.999991	-0.387445	0	0.38903	6.76466e-07	6.3029e-05
0.00362001	2.15416e-10	2.15416e-10	0	0.21541	0.425816	0.3	0.999991	-0.387445	0	0.389892	6.77965e-07	6.46449e-05
0.00362401	2.15654e-10	2.15654e-10	0	0.215648	0.425816	0.3	0.999991	-0.387445	0	0.390754	6.79465e-07	6.63018e-05
0.00362801	2.15893e-10	2.15893e-10	0	0.215886	0.425816	0.3	0.999991	-0.387445	0	0.391617	6.80967e-07	6.80011e-05
0.00363201	2.16131e-10	2.16131e-10	0	0.216124	0.425816	0.3	0.999991	-0.387445	0	0.392481	6.82471e-07	6.97435e-05
0.00363601	2.1637e-10	2.1637e-10	0	0.216362	0.427503	0.3	0.999991	-0.398038	0	0.393346	6.83978e-07	7.55827e-05
0.00364001	2.16608e-10	2.16608e-10	0	0.2166	0.427503	0.3	0.999991	-0.398038	0	0.394212	6.85485e-07	7.75106e-05
0.00364401	2.16846e-10	2.16846e-10	0	0.216838	0.427503	0.3	0.999991	-0.398038	0	0.395079	6.86994e-07	7.94873e-05
0.00364801	2.17084e-10	2.17084e-10	0	0.217076	0.427503	0.3	0.999991	-0.398038	0	0.395946	6.88505e-07	8.15142e-05
0.00365201	2.17322e-10	2.17322e-10	0	0.217314	0.427503	0.3	0.999991	-0.398038	0	0.396815	6.90017e-07	8.35924e-05
0.00365601	2.17561e-10	2.17561e-10	0	0.217552	0.427503	0.3	0.999991	-0.398038	0	0.397685	6.9153e-07	8.57232e-05
0.00366001	2.17799e-10	2.17799e-10	0	0.21779	0.427503	0.3	0.999991	-0.398038	0	0.398556	6.93046e-07	8.7908e-05
0.00366401	2.18037e-10	2.18037e-10	0	0.218028	0.427503	0.3	0.999991	-0.398038	0	0.399427	6.94563e-07	9.01481e-05
0.00366801	2.18276e-10	2.18276e-10	0	0.218266	0.427503	0.3	0.999991	-0.398038	0	0.4003	6.96082e-07	9.2445e-05
0.00367201	2.18514e-10	2.18514e-10	0	0.218504	0.427503	0.3	0.999991	-0.398038	0	0.401173	6.97603e-07	9.48e-05
0.00367601	2.18752e-10	2.18752e-10	0	0.218742	0.427503	0.3	0.999991	-0.398038	0	0.402048	6.99125e-07	9.72146e-05
0.00368001	2.1899e-10	2.1899e-10	0	0.21898	0.427503	0.3	0.999991	-0.398038	0	0.402923	7.00649e-07	9.96903e-05
0.00368401	2.19229e-10	2.19229e-10	0	0.219218	0.429189	0.3	0.999991	-0.408843	0	0.4038	7.02178e-07	0.000107837
0.00368801	2.19468e-10	2.19468e-10	0	0.219456	0.429189	0.3	0.999991	-0.408843	0	0.404677	7.03706e-07	0.00011057
0.00369201	2.19706e-10	2.19706e-10	0	0.219694	0.429189	0.3	0.999991	-0.408843	0	0.405555	7.05235e-07	0.000113373
0.00369601	2.19944e-10	2.19944e-10	0	0.219932	0.429189	0.3	0.999991	-0.408843	0	0.406435	7.06766e-07	0.000116246
0.00370001	2.20183e-10	2.20183e-10	0	0.22017	0.429189	0.3	0.999991	-0.408843	0	0.407315	7.08299e-07	0.000119191
0.00370401	2.20421e-10	2.20421e-10	0	0.220408	0.429189	0.3	0.999991	-0.408843	0	0.408196	7.09833e-07	0.00012221
0.00370801	2.20659e-10	2.20659e-10	0	0.220646	0.429189	0.3	0.999991	-0.408843	0	0.409078	7.11369e-07	0.000125306
0.00371201	2.20898e-10	2.20898e-10	0	0.220884	0.429189	0.3	0.999991	-0.408843	0	0.409961	7.12907e-07	0.000128479
0.00371601	2.21136e-10	2.21136e-10	0	0.221122	0.429189	0.3	0.999991	-0.408843	0	0.410845	7.14447e-07	0.000131732
0.00372001	2.21375e-10	2.21375e-10	0	0.22136	0.429189	0.3	0.999991	-0.408843	0	0.41173	7.15988e-07	0.000135067
0.00372401	2.21613e-10	2.21613e-10	0	0.221598	0.429189	0.3	0.999991	-0.408843	0	0.412616	7.17531e-07	0.000138486
0.00372801	2.21851e-10	2.21851e-10	0	0.221836	0.429189	0.3	0.999991	-0.408843	0	0.413503	7.19076e-07	0.000141991
0.00373201	2.2209e-10	2.2209e-10	0	0.222074	0.429189	0.3	0.999991	-0.408843	0	0.414391	7.20622e-07	0.000145583
0.00373601	2.22329e-10	2.22329e-10	0	0.222312	0.430876	0.3	0.999991	-0.419862	0	0.41528	7.22176e-07	0.000157175
0.00374001	2.22568e-10	2.22568e-10	0	0.22255	0.430876	0.3	0.999991	-0.419862	0	0.416169	7.23726e-07	0.000161133
0.00374401	2.22806e-10	2.22806e-10	0	0.222788	0.430876	0.3	0.999991	-0.419862	0	0.41706	7.25278e-07	0.000165191
0.00374801	2.23045e-10	2.23045e-10	0	0.223026	0.430876	0.3	0.999991	-0.419862	0	0.417952	7.26831e-07	0.00016935
0.00375201	2.23283e-10	2.23283e-10	0	0.223264	0.430876	0.3	0.999991	-0.419862	0	0.418844	7.28387e-07	0.000173613
0.00375601	2.23522e-10	2.23522e-10	0	0.223502	0.430876	0.3	0.999991	-0.419862	0	0.419738	7.29944e-07	0.000177983
0.00376001	2.2376e-10	2.2376e-10	0	0.22374	0.430876	0.3	0.999991	-0.419862	0	0.420632	7.31503e-07	0.000182461
0.00376401	2.23999e-10	2.23999e-10	0	0.223979	0.430876	0.3	0.999991	-0.419862	0	0.421528	7.33063e-07	0.000187052
0.00376801	2.24237e-10	2.24237e-10	0	0.224217	0.430876	0.3	0.999991	-0.419862	0	0.422424	7.34625e-07	0.000191757
0.00377201	2.24476e-10	2.24476e-10	0	0.224455	0.430876	0.3	0.999991	-0.419862	0	0.423321	7.3619e-07	0.00019658
0.00377601	2.24715e-10	2.24715e-10	0	0.224693	0.430876	0.3	0.999991	-0.419862	0	0.42422	7.37755e-07	0.000201523
0.00378001	2.24953e-10	2.24953e-10	0	0.224931	0.430876	0.3	0.999991	-0.419862	0	0.425119	7.39323e-07	0.00020659
0.00378401	2.25193e-10	2.25193e-10	0	0.225169	0.432562	0.3	0.999991	-0.431099	0	0.426019	7.409e-07	0.000222636
0.00378801	2.25432e-10	2.25432e-10	0	0.225407	0.432562	0.3	0.999991	-0.431099	0	0.42692	7.42471e-07	0.000228208
0.00379201	2.2567e-10	2.2567e-10	0	0.225645	0.432562	0.3	0.999991	-0.431099	0	0.427822	7.44045e-07	0.000233918
0.00379601	2.25909e-10	2.25909e-10	0	0.225883	0.432562	0.3	0.999991	-0.431099	0	0.428725	7.4562e-07	0.000239769
0.00380001	2.26148e-10	2.26148e-10	0	0.226121	0.432562	0.3	0.999991	-0.431099	0	0.429629	7.47196e-07	0.000245767
0.00380401	2.26386e-10	2.26386e-10	0	0.226359	0.432562	0.3	0.999991	-0.431099	0	0.430534	7.48775e-07	0.000251912
0.00380801	2.26625e-10	2.26625e-10	0	0.226597	0.432562	0.3	0.999991	-0.431099	0	0.43144	7.50355e-07	0.000258211
0.00381201	2.26864e-10	2.26864e-10	0	0.226835	0.432562	0.3	0.999991	-0.431099	0	0.432347	7.51937e-07	0.000264665
0.00381601	2.27103e-10	2.27103e-10	0	0.227073	0.432562	0.3	0.999991	-0.431099	0	0.433255	7.53521e-07	0.00027128
0.00382001	2.27342e-10	2.27342e-10	0	0.227311	0.432562	0.3	0.999991	-0.431099	0	0.434164	7.55107e-07	0.000278059
0.00382401	2.27581e-10	2.27581e-10	0	0.227549	0.432562	0.3	0.999991	-0.431099	0	0.435073	7.56695e-07	0.000285006
0.00382801	2.27819e-10	2.27819e-10	0	0.227787	0.432562	0.3	0.999991	-0.431099	0	0.435984	7.58284e-07	0.000292125
0.00383201	2.28058e-10	2.28058e-10	0	0.228025	0.432562	0.3	0.999991	-0.431099	0	0.436896	7.59875e-07	0.00029942
0.00383601	2.28299e-10	2.28299e-10	0	0.228263	0.434248	0.3	0.999991	-0.442557	0	0.437808	7.61479e-07	0.000322067
0.00384001	2.28538e-10	2.28538e-10	0	0.228501	0.434248	0.3	0.999991	-0.442557	0	0.438722	7.63074e-07	0.000330073
0.00384401	2.28777e-10	2.28777e-10	0	0.228739	0.434248	0.3	0.999991	-0.442557	0	0.439636	7.64671e-07	0.000338276
0.00384801	2.29016e-10	2.29016e-10	0	0.228977	0.434248	0.3	0.999991	-0.442557	0	0.440552	7.6627e-07	0.000346682
0.00385201	2.29255e-10	2.29255e-10	0	0.229215	0.434248	0.3	0.999991	-0.442557	0	0.441468	7.67871e-07	0.000355294
0.00385601	2.29494e-10	2.29494e-10	0	0.229453	0.434248	0.3	0.999991	-0.442557	0	0.442385	7.69473e-07	0.000364119
0.00386001	2.29733e-10	2.29733e-10	0	0.229691	0.434248	0.3	0.999991	-0.442557	0	0.443304	7.71078e-07	0.000373162
0.00386401	2.29972e-10	2.29972e-10	0	0.229929	0.434248	0.3	0.999991	-0.442557	0	0.444223	7.72684e-07	0.000382427
0.00386801	2.30212e-10	2.30212e-10	0	0.230167	0.434248	0.3	0.999991	-0.442557	0	0.445143	7.74292e-07	0.00039192
0.00387201	2.30451e-10	2.30451e-10	0	0.230405	0.434248	0.3	0.999991	-0.442557	0	0.446064	7.75902e-07	0.000401647
0.00387601	2.3069e-10	2.3069e-10	0	0.230643	0.434248	0.3	0.999991	-0.442557	0	0.446986	7.77514e-07	0.000411613
0.00388001	2.30929e-10	2.30929e-10	0	0.230881	0.434248	0.3	0.999991	-0.442557	0	0.447909	7.79128e-07	0.000421825
0.00388401	2.31169e-10	2.31169e-10	0	0.231119	0.434248	0.3	0.999991	-0.442557	0	0.448833	7.80744e-07	0.000432287
0.00388801	2.3141e-10	2.3141e-10	0	0.231357	0.435935	0.3	0.999991	-0.45424	0	0.449758	7.82377e-07	0.000464114
0.00389201	2.3165e-10	2.3165e-10	0	0.231595	0.435935	0.3	0.999991	-0.45424	0	0.450684	7.83997e-07	0.000475572
0.00389601	2.31889e-10	2.31889e-10	0	0.231833	0.435935	0.3	0.999991	-0.45424	0	0.451611	7.85619e-07	0.000487311
0.00390001	2.32129e-10	2.32129e-10	0	0.232071	0.435935	0.3	0.999991	-0.45424	0	0.452539	7.87243e-07	0.000499336
0.00390401	2.32369e-10	2.32369e-10	0	0.232309	0.435935	0.3	0.999991	-0.45424	0	0.453468	7.88869e-07	0.000511656
0.00390801	2.32608e-10	2.32608e-10	0	0.232547	0.435935	0.3	0.999991	-0.45424	0	0.454397	7.90497e-07	0.000524277
0.00391201	2.32848e-10	2.32848e-10	0	0.232785	0.435935	0.3	0.999991	-0.45424	0	0.455328	7.92127e-07	0.000537207
0.00391601	2.33088e-10	2.33088e-10	0	0.233023	0.435935	0.3	0.999991	-0.45424	0	0.45626	7.93758e-07	0.000550453
0.00392001	2.33327e-10	2.33327e-10	0	0.233261	0.435935	0.3	0.999991	-0.45424	0	0.457192	7.95392e-07	0.000564022
0.00392401	2.33567e-10	2.33567e-10	0	0.233499	0.435935	0.3	0.999991	-0.45424	0	0.458126	7.97028e-07	0.000577923
0.00392801	2.33807e-10	2.33807e-10	0	0.233737	0.435935	0.3	0.999991	-0.45424	0	0.45906	7.98666e-07	0.000592164
0.00393201	2.34047e-10	2.34047e-10	0	0.233975	0.435935	0.3	0.999991	-0.45424	0	0.459996	8.00305e-07	0.000606752
0.00393601	2.34287e-10	2.34287e-10	0	0.234213	0.435935	0.3	0.999991	-0.45424	0	0.460932	8.01947e-07	0.000621697
0.00394001	2.3453e-10	2.3453e-10	0	0.234451	0.437621	0.3	0.999991	-0.466151	0	0.461869	8.03614e-07	0.000666237
0.00394401	2.3477e-10	2.3477e-10	0	0.23469	0.437621	0.3	0.999991	-0.466151	0	0.462808	8.0526e-07	0.00068257
0.00394801	2.3501e-10	2.3501e-10	0	0.234928	0.437621	0.3	0.999991	-0.466151	0	0.463747	8.06909e-07	0.000699299
0.00395201	2.35251e-10	2.35251e-10	0	0.235166	0.437621	0.3	0.999991	-0.466151	0	0.464687	8.08559e-07	0.000716434
0.00395601	2.35491e-10	2.35491e-10	0	0.235404	0.437621	0.3	0.999991	-0.466151	0	0.465628	8.10212e-07	0.000733986
0.00396001	2.35731e-10	2.35731e-10	0	0.235642	0.437621	0.3	0.999991	-0.466151	0	0.46657	8.11867e-07	0.000751963
0.00396401	2.35972e-10	2.35972e-10	0	0.23588	0.437621	0.3	0.999991	-0.466151	0	0.467513	8.13524e-07	0.000770377
0.00396801	2.36212e-10	2.36212e-10	0	0.236118	0.437621	0.3	0.999991	-0.466151	0	0.468457	8.15183e-07	0.000789237
0.00397201	2.36453e-10	2.36453e-10	0	0.236356	0.437621	0.3	0.999991	-0.466151	0	0.469402	8.16844e-07	0.000808554
0.00397601	2.36693e-10	2.36693e-10	0	0.236594	0.437621	0.3	0.999991	-0.466151	0	0.470348	8.18508e-07	0.00082834
0.00398001	2.36934e-10	2.36934e-10	0	0.236832	0.437621	0.3	0.999991	-0.466151	0	0.471295	8.20173e-07	0.000848605
0.00398401	2.37175e-10	2.37175e-10	0	0.23707	0.437621	0.3	0.999991	-0.466151	0	0.472243	8.21841e-07	0.000869362
0.00398801	2.37416e-10	2.37416e-10	0	0.237308	0.437621	0.3	0.999991	-0.466151	0	0.473192	8.23511e-07	0.000890621
0.00399201	2.37661e-10	2.37661e-10	0	0.237546	0.439308	0.3	0.999991	-0.478294	0	0.474141	8.25215e-07	0.000952686
0.00399601	2.37902e-10	2.37902e-10	0	0.237784	0.439308	0.3	0.999991	-0.478294	0	0.475092	8.26891e-07	0.000975873
0.00400001	2.38144e-10	2.38144e-10	0	0.238022	0.439308	0.3	0.999991	-0.478294	0	0.476044	8.28568e-07	0.000999619
0.00400401	2.38385e-10	2.38385e-10	0	0.23826	0.439308	0.3	0.999991	-0.478294	0	0.476996	8.30248e-07	0.00102394
0.00400801	2.38626e-10	2.38626e-10	0	0.238498	0.439308	0.3	0.999991	-0.478294	0	0.47795	8.3193e-07	0.00104884
0.00401201	2.38868e-10	2.38868e-10	0	0.238736	0.439308	0.3	0.999991	-0.478294	0	0.478904	8.33615e-07	0.00107434
0.00401601	2.39109e-10	2.39109e-10	0	0.238974	0.439308	0.3	0.999991	-0.478294	0	0.47986	8.35301e-07	0.00110046
0.00402001	2.39351e-10	2.39351e-10	0	0.239212	0.439308	0.3	0.999991	-0.478294	0	0.480816	8.36991e-07	0.0011272
0.00402401	2.39593e-10	2.39593e-10	0	0.23945	0.439308	0.3	0.999991	-0.478294	0	0.481773	8.38682e-07	0.00115459
0.00402801	2.39835e-10	2.39835e-10	0	0.239688	0.439308	0.3	0.999991	-0.478294	0	0.482732	8.40376e-07	0.00118264
0.00403201	2.40076e-10	2.40076e-10	0	0.239926	0.439308	0.3	0.999991	-0.478294	0	0.483691	8.42073e-07	0.00121136
0.00403601	2.40319e-10	2.40319e-10	0	0.240164	0.439308	0.3	0.999991	-0.478294	0	0.484651	8.43771e-07	0.00124077
0.00404001	2.40561e-10	2.40561e-10	0	0.240402	0.439308	0.3	0.999991	-0.478294	0	0.485612	8.45473e-07	0.00127089
0.00404401	2.40803e-10	2.40803e-10	0	0.24064	0.439308	0.3	0.999991	-0.478294	0	0.486574	8.47177e-07	0.00130173
0.00404801	2.41052e-10	2.41052e-10	0	0.240878	0.440994	0.3	0.999991	-0.490672	0	0.487537	8.4893e-07	0.00138978
0.00405201	2.41295e-10	2.41295e-10	0	0.241116	0.440994	0.3	0.999991	-0.490672	0	0.488501	8.5064e-07	0.00142335
0.00405601	2.41537e-10	2.41537e-10	0	0.241354	0.440994	0.3	0.999991	-0.490672	0	0.489466	8.52353e-07	0.00145772
0.00406001	2.4178e-10	2.4178e-10	0	0.241592	0.440994	0.3	0.999991	-0.490672	0	0.490432	8.54068e-07	0.0014929
0.00406401	2.42023e-10	2.42023e-10	0	0.24183	0.440994	0.3	0.999991	-0.490672	0	0.491399	8.55786e-07	0.00152893
0.00406801	2.42267e-10	2.42267e-10	0	0.242068	0.440994	0.3	0.999991	-0.490672	0	0.492367	8.57506e-07	0.00156582
0.00407201	2.4251e-10	2.4251e-10	0	0.242306	0.440994	0.3	0.999991	-0.490672	0	0.493335	8.5923e-07	0.00160359
0.00407601	2.42753e-10	2.42753e-10	0	0.242544	0.440994	0.3	0.999991	-0.490672	0	0.494305	8.60956e-07	0.00164226
0.00408001	2.42997e-10	2.42997e-10	0	0.242782	0.440994	0.3	0.999991	-0.490672	0	0.495276	8.62684e-07	0.00168185
0.00408401	2.43241e-10	2.43241e-10	0	0.24302	0.440994	0.3	0.999991	-0.490672	0	0.496247	8.64416e-07	0.00172239
0.00408801	2.43485e-10	2.43485e-10	0	0.243258	0.440994	0.3	0.999991	-0.490672	0	0.49722	8.6615e-07	0.00176389
0.00409201	2.43729e-10	2.43729e-10	0	0.243496	0.440994	0.3	0.999991	-0.490672	0	0.498193	8.67888e-07	0.00180638
0.00409601	2.43973e-10	2.43973e-10	0	0.243734	0.440994	0.3	0.999991	-0.490672	0	0.499168	8.69628e-07	0.00184988
0.00410001	2.44217e-10	2.44217e-10	0	0.243972	0.440994	0.3	0.999991	-0.490672	0	0.500143	8.71371e-07	0.00189442
0.00410401	2.44471e-10	2.44471e-10	0	0.24421	0.44268	0.3	0.999991	-0.503289	0	0.50112	8.73186e-07	0.00201874
0.00410801	2.44716e-10	2.44716e-10	0	0.244448	0.44268	0.3	0.999991	-0.503289	0	0.502097	8.74936e-07	0.00206711
0.00411201	2.44962e-10	2.44962e-10	0	0.244686	0.44268	0.3	0.999991	-0.503289	0	0.503075	8.7669e-07	0.00211663
0.00411601	2.45207e-10	2.45207e-10	0	0.244924	0.44268	0.3	0.999991	-0.503289	0	0.504054	8.78447e-07	0.00216731
0.00412001	2.45452e-10	2.45452e-10	0	0.245162	0.44268	0.3	0.999991	-0.503289	0	0.505035	8.80207e-07	0.0022192
0.00412401	2.45698e-10	2.45698e-10	0	0.2454	0.44268	0.3	0.999991	-0.503289	0	0.506016	8.8197e-07	0.00227231
0.00412801	2.45944e-10	2.45944e-10	0	0.245639	0.44268	0.3	0.999991	-0.503289	0	0.506998	8.83737e-07	0.00232668
0.00413201	2.4619e-10	2.4619e-10	0	0.245877	0.44268	0.3	0.999991	-0.503289	0	0.507981	8.85506e-07	0.00238234
0.00413601	2.46437e-10	2.46437e-10	0	0.246115	0.44268	0.3	0.999991	-0.503289	0	0.508965	8.87279e-07	0.00243931
0.00414001	2.46683e-10	2.46683e-10	0	0.246353	0.44268	0.3	0.999991	-0.503289	0	0.50995	8.89056e-07	0.00249762
0.00414401	2.4693e-10	2.4693e-10	0	0.246591	0.44268	0.3	0.999991	-0.503289	0	0.510936	8.90836e-07	0.00255731
0.00414801	2.47177e-10	2.47177e-10	0	0.246829	0.44268	0.3	0.999991	-0.503289	0	0.511923	8.92619e-07	0.00261841
0.00415201	2.47424e-10	2.47424e-10	0	0.247067	0.44268	0.3	0.999991	-0.503289	0	0.51291	8.94406e-07	0.00268096
0.00415601	2.47672e-10	2.47672e-10	0	0.247305	0.44268	0.3	0.999991	-0.503289	0	0.513899	8.96196e-07	0.00274497
0.00416001	2.47933e-10	2.47933e-10	0	0.247543	0.444367	0.3	0.999991	-0.516148	0	0.514889	8.9809e-07	0.00291965
0.00416401	2.48182e-10	2.48182e-10	0	0.247781	0.444367	0.3	0.999991	-0.516148	0	0.515879	8.9989e-07	0.00298903
0.00416801	2.4843e-10	2.4843e-10	0	0.248019	0.444367	0.3	0.999991	-0.516148	0	0.516871	9.01694e-07	0.00306004
0.00417201	2.48679e-10	2.48679e-10	0	0.248257	0.444367	0.3	0.999991	-0.516148	0	0.517864	9.03502e-07	0.00313271
0.00417601	2.48928e-10	2.48928e-10	0	0.248495	0.444367	0.3	0.999991	-0.516148	0	0.518857	9.05313e-07	0.00320709
0.00418001	2.49178e-10	2.49178e-10	0	0.248733	0.444367	0.3	0.999991	-0.516148	0	0.519852	9.07129e-07	0.0032832
0.00418401	2.49428e-10	2.49428e-10	0	0.248971	0.444367	0.3	0.999991	-0.516148	0	0.520847	9.08949e-07	0.0033611
0.00418801	2.49678e-10	2.49678e-10	0	0.249209	0.444367	0.3	0.999991	-0.516148	0	0.521843	9.10773e-07	0.00344083
0.00419201	2.49928e-10	2.49928e-10	0	0.249447	0.444367	0.3	0.999991	-0.516148	0	0.522841	9.126e-07	0.00352242
0.00419601	2.50179e-10	2.50179e-10	0	0.249685	0.444367	0.3	0.999991	-0.516148	0	0.523839	9.14433e-07	0.00360592
0.00420001	2.5043e-10	2.5043e-10	0	0.249923	0.444367	0.3	0.999991	-0.516148	0	0.524838	9.16269e-07	0.00369137
0.00420401	2.50681e-10	2.50681e-10	0	0.250161	0.444367	0.3	0.999991	-0.516148	0	0.525838	9.1811e-07	0.00377882
0.00420801	2.50933e-10	2.50933e-10	0	0.250399	0.444367	0.3	0.999991	-0.516148	0	0.526839	9.19955e-07	0.00386831
0.00421201	2.51185e-10	2.51185e-10	0	0.250637	0.444367	0.3	0.999991	-0.516148	0	0.527841	9.21805e-07	0.00395989
0.00421601	2.51438e-10	2.51438e-10	0	0.250875	0.444367	0.3	0.999991	-0.516148	0	0.528844	9.23659e-07	0.00405361
0.00422001	2.51711e-10	2.51711e-10	0	0.251113	0.446053	0.3	0.999991	-0.529254	0	0.529848	9.25666e-07	0.00430312
0.00422401	2.51965e-10	2.51965e-10	0	0.251351	0.446053	0.3	0.999991	-0.529254	0	0.530853	9.27533e-07	0.00440447
0.00422801	2.52219e-10	2.52219e-10	0	0.251589	0.446053	0.3	0.999991	-0.529254	0	0.531859	9.29406e-07	0.00450816
0.00423201	2.52473e-10	2.52473e-10	0	0.251827	0.446053	0.3	0.999991	-0.529254	0	0.532866	9.31283e-07	0.00461427
0.00423601	2.52729e-10	2.52729e-10	0	0.252065	0.446053	0.3	0.999991	-0.529254	0	0.533874	9.33166e-07	0.00472283
0.00424001	2.52984e-10	2.52984e-10	0	0.252303	0.446053	0.3	0.999991	-0.529254	0	0.534883	9.35054e-07	0.00483391
0.00424401	2.5324e-10	2.5324e-10	0	0.252541	0.446053	0.3	0.999991	-0.529254	0	0.535892	9.36947e-07	0.00494757
0.00424801	2.53496e-10	2.53496e-10	0	0.252779	0.446053	0.3	0.999991	-0.529254	0	0.536903	9.38845e-07	0.00506386
0.00425201	2.53753e-10	2.53753e-10	0	0.253017	0.446053	0.3	0.999991	-0.529254	0	0.537915	9.40749e-07	0.00518284
0.00425601	2.54011e-10	2.54011e-10	0	0.253255	0.446053	0.3	0.999991	-0.529254	0	0.538927	9.42659e-07	0.00530457
0.00426001	2.54269e-10	2.54269e-10	0	0.253493	0.446053	0.3	0.999991	-0.529254	0	0.539941	9.44574e-07	0.00542913
0.00426401	2.54527e-10	2.54527e-10	0	0.253731	0.446053	0.3	0.999991	-0.529254	0	0.540955	9.46496e-07	0.00555656
0.00426801	2.54786e-10	2.54786e-10	0	0.253969	0.446053	0.3	0.999991	-0.529254	0	0.54197	9.48423e-07	0.00568694
0.00427201	2.55046e-10	2.55046e-10	0	0.254207	0.446053	0.3	0.999991	-0.529254	0	0.542987	9.50356e-07	0.00582033
0.00427601	2.55306e-10	2.55306e-10	0	0.254445	0.446053	0.3	0.999991	-0.529254	0	0.544004	9.52296e-07	0.0059568
0.00428001	2.55567e-10	2.55567e-10	0	0.254683	0.446053	0.3	0.999991	-0.529254	0	0.545022	9.54242e-07	0.00609642
0.00428401	2.55828e-10	2.55828e-10	0	0.254921	0.446053	0.3	0.999991	-0.529254	0	0.546042	9.56194e-07	0.00623926
0.00428801	2.5612e-10	2.5612e-10	0	0.255159	0.44774	0.3	0.999991	-0.54261	0	0.547062	9.5838e-07	0.00660906
0.00429201	2.56383e-10	2.56383e-10	0	0.255397	0.44774	0.3	0.999991	-0.54261	0	0.548083	9.60351e-07	0.00676314
0.00429601	2.56647e-10	2.56647e-10	0	0.255635	0.44774	0.3	0.999991	-0.54261	0	0.549105	9.62329e-07	0.00692076
0.00430001	2.56912e-10	2.56912e-10	0	0.255873	0.44774	0.3	0.999991	-0.54261	0	0.550128	9.64315e-07	0.00708199
0.00430401	2.57177e-10	2.57177e-10	0	0.256111	0.44774	0.3	0.999991	-0.54261	0	0.551152	9.66307e-07	0.00724692
0.00430801	2.57443e-10	2.57443e-10	0	0.256349	0.44774	0.3	0.999991	-0.54261	0	0.552177	9.68307e-07	0.00741562
0.00431201	2.5771e-10	2.5771e-10	0	0.256588	0.44774	0.3	0.999991	-0.54261	0	0.553203	9.70315e-07	0.00758819
0.00431601	2.57977e-10	2.57977e-10	0	0.256826	0.44774	0.3	0.999991	-0.54261	0	0.554229	9.7233e-07	0.0077647
0.00432001	2.58246e-10	2.58246e-10	0	0.257064	0.44774	0.3	0.999991	-0.54261	0	0.555257	9.74353e-07	0.00794525
0.00432401	2.58515e-10	2.58515e-10	0	0.257302	0.44774	0.3	0.999991	-0.54261	0	0.556286	9.76384e-07	0.00812993
0.00432801	2.58785e-10	2.58785e-10	0	0.25754	0.44774	0.3	0.999991	-0.54261	0	0.557316	9.78424e-07	0.00831883
0.00433201	2.59055e-10	2.59055e-10	0	0.257778	0.44774	0.3	0.999991	-0.54261	0	0.558346	9.80472e-07	0.00851205
0.00433601	2.59327e-10	2.59327e-10	0	0.258016	0.44774	0.3	0.999991	-0.54261	0	0.559378	9.82529e-07	0.00870967
0.00434001	2.59599e-10	2.59599e-10	0	0.258254	0.44774	0.3	0.999991	-0.54261	0	0.56041	9.84594e-07	0.0089118
0.00434401	2.59873e-10	2.59873e-10	0	0.258492	0.44774	0.3	0.999991	-0.54261	0	0.561444	9.86669e-07	0.00911855
0.00434801	2.60147e-10	2.60147e-10	0	0.25873	0.44774	0.3	0.999991	-0.54261	0	0.562478	9.88753e-07	0.00933
0.00435201	2.60422e-10	2.60422e-10	0	0.258968	0.44774	0.3	0.999991	-0.54261	0	0.563514	9.90846e-07	0.00954627
0.00435601	2.60698e-10	2.60698e-10	0	0.259206	0.44774	0.3	0.999991	-0.54261	0	0.56455	9.92949e-07	0.00976747
0.00436001	2.61022e-10	2.61022e-10	0	0.259444	0.449426	0.3	0.999991	-0.55622	0	0.565587	9.95419e-07	0.0103232
0.00436401	2.61302e-10	2.61302e-10	0	0.259682	0.449426	0.3	0.999991	-0.55622	0	0.566626	9.9755e-07	0.0105612
0.00436801	2.61582e-10	2.61582e-10	0	0.25992	0.449426	0.3	0.999991	-0.55622	0	0.567665	9.99692e-07	0.0108045
0.00437201	2.61864e-10	2.61864e-10	0	0.260158	0.449426	0.3	0.999991	-0.55622	0	0.568705	1.00185e-06	0.0110534
0.00437601	2.62146e-10	2.62146e-10	0	0.260396	0.449426	0.3	0.999991	-0.55622	0	0.569746	1.00401e-06	0.0113079
0.00438001	2.6243e-10	2.6243e-10	0	0.260634	0.449426	0.3	0.999991	-0.55622	0	0.570788	1.00618e-06	0.0115681
0.00438401	2.62715e-10	2.62715e-10	0	0.260872	0.449426	0.3	0.999991	-0.55622	0	0.571831	1.00837e-06	0.0118343
0.00438801	2.63001e-10	2.63001e-10	0	0.26111	0.449426	0.3	0.999991	-0.55622	0	0.572875	1.01057e-06	0.0121064
0.00439201	2.63289e-10	2.63289e-10	0	0.261348	0.449426	0.3	0.999991	-0.55622	0	0.57392	1.01278e-06	0.0123847
0.00439601	2.63577e-10	2.63577e-10	0	0.261586	0.449426	0.3	0.999991	-0.55622	0	0.574966	1.015e-06	0.0126692
0.00440001	2.63868e-10	2.63868e-10	0	0.261824	0.449426	0.3	0.999991	-0.55622	0	0.576013	1.01724e-06	0.0129601
0.00440401	2.64159e-10	2.64159e-10	0	0.262062	0.449426	0.3	0.999991	-0.55622	0	0.577061	1.01949e-06	0.0132576
0.00440801	2.64452e-10	2.64452e-10	0	0.2623	0.449426	0.3	0.999991	-0.55622	0	0.578109	1.02175e-06	0.0135618
0.00441201	2.64746e-10	2.64746e-10	0	0.262538	0.449426	0.3	0.999991	-0.55622	0	0.579159	1.02402e-06	0.0138729
0.00441601	2.65042e-10	2.65042e-10	0	0.262776	0.449426	0.3	0.999991	-0.55622	0	0.58021	1.02631e-06	0.0141909
0.00442001	2.65339e-10	2.65339e-10	0	0.263014	0.449426	0.3	0.999991	-0.55622	0	0.581261	1.02862e-06	0.0145161
0.00442401	2.65638e-10	2.65638e-10	0	0.263252	0.449426	0.3	0.999991	-0.55622	0	0.582314	1.03093e-06	0.0148485
0.00442801	2.65938e-10	2.65938e-10	0	0.26349	0.449426	0.3	0.999991	-0.55622	0	0.583367	1.03327e-06	0.0151884
0.00443201	2.6624e-10	2.6624e-10	0	0.263728	0.449426	0.3	0.999991	-0.55622	0	0.584422	1.03561e-06	0.015536
0.00443601	2.66544e-10	2.66544e-10	0	0.263966	0.449426	0.3	0.999991	-0.55622	0	0.585477	1.03798e-06	0.0158913
0.00444001	2.6685e-10	2.6685e-10	0	0.264204	0.449426	0.3	0.999991	-0.55622	0	0.586533	1.04036e-06	0.0162546
0.00444401	2.67157e-10	2.67157e-10	0	0.264442	0.449426	0.3	0.999991	-0.55622	0	0.587591	1.04276e-06	0.016626
0.00444801	2.67466e-10	2.67466e-10	0	0.26468	0.449426	0.3	0.999991	-0.55622	0	0.588649	1.04517e-06	0.0170058
0.00445201	2.67776e-10	2.67776e-10	0	0.264918	0.449426	0.3	0.999991	-0.55622	0	0.589708	1.0476e-06	0.017394
0.00445601	2.68089e-10	2.68089e-10	0	0.265156	0.449426	0.3	0.999991	-0.55622	0	0.590768	1.05005e-06	0.0177908
0.00446001	2.68404e-10	2.68404e-10	0	0.265394	0.449426	0.3	0.999991	-0.55622	0	0.591829	1.05251e-06	0.0181966
0.00446401	2.68806e-10	2.68806e-10	0	0.265632	0.451112	0.3	0.999991	-0.570088	0	0.592891	1.05567e-06	0.0191726
0.00446801	2.69127e-10	2.69127e-10	0	0.26587	0.451112	0.3	0.999991	-0.570088	0	0.593954	1.05819e-06	0.0196075
0.00447201	2.6945e-10	2.6945e-10	0	0.266108	0.451112	0.3	0.999991	-0.570088	0	0.595018	1.06073e-06	0.0200521
0.00447601	2.69775e-10	2.69775e-10	0	0.266346	0.451112	0.3	0.999991	-0.570088	0	0.596083	1.06329e-06	0.0205066
0.00448001	2.70102e-10	2.70102e-10	0	0.266584	0.451112	0.3	0.999991	-0.570088	0	0.597149	1.06588e-06	0.0209711
0.00448401	2.70432e-10	2.70432e-10	0	0.266822	0.451112	0.3	0.999991	-0.570088	0	0.598216	1.06848e-06	0.0214458
0.00448801	2.70764e-10	2.70764e-10	0	0.26706	0.451112	0.3	0.999991	-0.570088	0	0.599284	1.0711e-06	0.0219311
0.00449201	2.71098e-10	2.71098e-10	0	0.267298	0.451112	0.3	0.999991	-0.570088	0	0.600352	1.07375e-06	0.0224271
0.00449601	2.71435e-10	2.71435e-10	0	0.267537	0.451112	0.3	0.999991	-0.570088	0	0.601422	1.07642e-06	0.022934
0.00450001	2.71775e-10	2.71775e-10	0	0.267775	0.451112	0.3	0.999991	-0.570088	0	0.602493	1.07912e-06	0.0234522
0.00450401	2.72117e-10	2.72117e-10	0	0.268013	0.451112	0.3	0.999991	-0.570088	0	0.603564	1.08184e-06	0.0239817
0.00450801	2.72462e-10	2.72462e-10	0	0.268251	0.451112	0.3	0.999991	-0.570088	0	0.604637	1.08458e-06	0.024523
0.00451201	2.7281e-10	2.7281e-10	0	0.268489	0.451112	0.3	0.999991	-0.570088	0	0.60571	1.08735e-06	0.0250761
0.00451601	2.7316e-10	2.7316e-10	0	0.268727	0.451112	0.3	0.999991	-0.570088	0	0.606785	1.09015e-06	0.0256414
0.00452001	2.73514e-10	2.73514e-10	0	0.268965	0.451112	0.3	0.999991	-0.570088	0	0.60786	1.09297e-06	0.0262191
0.00452401	2.7387e-10	2.7387e-10	0	0.269203	0.451112	0.3	0.999991	-0.570088	0	0.608936	1.09582e-06	0.0268096
0.00452801	2.7423e-10	2.7423e-10	0	0.269441	0.451112	0.3	0.999991	-0.570088	0	0.610014	1.0987e-06	0.0274129
0.00453201	2.74592e-10	2.74592e-10	0	0.269679	0.451112	0.3	0.999991	-0.570088	0	0.611092	1.10161e-06	0.0280296
0.00453601	2.74958e-10	2.74958e-10	0	0.269917	0.451112	0.3	0.999991	-0.570088	0	0.612171	1.10454e-06	0.0286597
0.00454001	2.75327e-10	2.75327e-10	0	0.270155	0.451112	0.3	0.999991	-0.570088	0	0.613251	1.10751e-06	0.0293036
0.00454401	2.757e-10	2.757e-10	0	0.270393	0.451112	0.3	0.999991	-0.570088	0	0.614332	1.11051e-06	0.0299616
0.00454801	2.76076e-10	2.76076e-10	0	0.270631	0.451112	0.3	0.999991	-0.570088	0	0.615414	1.11355e-06	0.030634
0.00455201	2.76456e-10	2.76456e-10	0	0.270869	0.451112	0.3	0.999991	-0.570088	0	0.616497	1.11661e-06	0.0313211
0.00455601	2.76839e-10	2.76839e-10	0	0.271107	0.451112	0.3	0.999991	-0.570088	0	0.617581	1.11971e-06	0.0320232
0.00456001	2.77227e-10	2.77227e-10	0	0.271345	0.451112	0.3	0.999991	-0.570088	0	0.618666	1.12285e-06	0.0327406
0.00456401	2.77618e-10	2.77618e-10	0	0.271583	0.451112	0.3	0.999991	-0.570088	0	0.619752	1.12602e-06	0.0334736
0.00456801	2.78013e-10	2.78013e-10	0	0.271821	0.451112	0.3	0.999991	-0.570088	0	0.620839	1.12922e-06	0.0342226
0.00457201	2.78412e-10	2.78412e-10	0	0.272059	0.451112	0.3	0.999991	-0.570088	0	0.621927	1.13247e-06	0.0349878
0.00457601	2.78815e-10	2.78815e-10	0	0.272297	0.451112	0.3	0.999991	-0.570088	0	0.623015	1.13575e-06	0.0357697
0.00458001	2.79223e-10	2.79223e-10	0	0.272535	0.451112	0.3	0.999991	-0.570088	0	0.624105	1.13907e-06	0.0365686
0.00458401	2.79635e-10	2.79635e-10	0	0.272773	0.451112	0.3	0.999991	-0.570088	0	0.625196	1.14244e-06	0.0373848
0.00458801	2.80051e-10	2.80051e-10	0	0.273011	0.451112	0.3	0.999991	-0.570088	0	0.626287	1.14585e-06	0.0382187
0.00459201	2.80473e-10	2.80473e-10	0	0.273249	0.451112	0.3	0.999991	-0.570088	0	0.62738	1.14929e-06	0.0390707
0.00459601	2.80899e-10	2.80899e-10	0	0.273487	0.451112	0.3	0.999991	-0.570088	0	0.628473	1.15279e-06	0.039941
0.00460001	2.81329e-10	2.81329e-10	0	0.273725	0.451112	0.3	0.999991	-0.570088	0	0.629568	1.15633e-06	0.0408302
0.00460401	2.81765e-10	2.81765e-10	0	0.273963	0.451112	0.3	0.999991	-0.570088	0	0.630663	1.15991e-06	0.0417386
0.00460801	2.82206e-10	2.82206e-10	0	0.274201	0.451112	0.3	0.999991	-0.570088	0	0.631759	1.16355e-06	0.0426666
0.00461201	2.82653e-10	2.82653e-10	0	0.274439	0.451112	0.3	0.999991	-0.570088	0	0.632857	1.16723e-06	0.0436146
0.00461601	2.83104e-10	2.83104e-10	0	0.274677	0.451112	0.3	0.999991	-0.570088	0	0.633955	1.17096e-06	0.044583
0.00462001	2.83561e-10	2.83561e-10	0	0.274915	0.451112	0.3	0.999991	-0.570088	0	0.635054	1.17475e-06	0.0455722
0.00462401	2.84024e-10	2.84024e-10	0	0.275153	0.451112	0.3	0.999991	-0.570088	0	0.636154	1.17859e-06	0.0465827
0.00462801	2.84493e-10	2.84493e-10	0	0.275391	0.451112	0.3	0.999991	-0.570088	0	0.637255	1.18248e-06	0.0476149
0.00463201	2.84968e-10	2.84968e-10	0	0.275629	0.451112	0.3	0.999991	-0.570088	0	0.638357	1.18643e-06	0.0486692
0.00463601	2.85449e-10	2.85449e-10	0	0.275867	0.451112	0.3	0.999991	-0.570088	0	0.63946	1.19044e-06	0.0497461
0.00464001	2.85936e-10	2.85936e-10	0	0.276105	0.451112	0.3	0.999991	-0.570088	0	0.640564	1.1945e-06	0.050846
0.00464401	2.8643e-10	2.8643e-10	0	0.276343	0.451112	0.3	0.999991	-0.570088	0	0.641669	1.19863e-06	0.0519695
0.00464801	2.8693e-10	2.8693e-10	0	0.276581	0.451112	0.3	0.999991	-0.570088	0	0.642775	1.20282e-06	0.0531169
0.00465201	2.87437e-10	2.87437e-10	0	0.276819	0.451112	0.3	0.999991	-0.570088	0	0.643882	1.20708e-06	0.0542888
0.00465601	2.87951e-10	2.87951e-10	0	0.277057	0.451112	0.3	0.999991	-0.570088	0	0.64499	1.2114e-06	0.0554857
0.00466001	2.88472e-10	2.88472e-10	0	0.277295	0.451112	0.3	0.999991	-0.570088	0	0.646098	1.21579e-06	0.0567081
0.00466401	2.89001e-10	2.89001e-10	0	0.277533	0.451112	0.3	0.999991	-0.570088	0	0.647208	1.22025e-06	0.0579564
0.00466801	2.89276e-10	2.89276e-10	0	0.277771	0.449426	0.3	0.999991	-0.55622	0	0.648319	1.22257e-06	0.0577796
0.00467201	2.89814e-10	2.89814e-10	0	0.278009	0.449426	0.3	0.999991	-0.55622	0	0.64943	1.22712e-06	0.0590553
0.00467601	2.9036e-10	2.9036e-10	0	0.278247	0.449426	0.3	0.999991	-0.55622	0	0.650543	1.23175e-06	0.0603581
0.00468001	2.90914e-10	2.90914e-10	0	0.278486	0.449426	0.3	0.999991	-0.55622	0	0.651656	1.23646e-06	0.0616887
0.00468401	2.91476e-10	2.91476e-10	0	0.278724	0.449426	0.3	0.999991	-0.55622	0	0.652771	1.24124e-06	0.0630475
0.00468801	2.92047e-10	2.92047e-10	0	0.278962	0.449426	0.3	0.999991	-0.55622	0	0.653886	1.24611e-06	0.0644351
0.00469201	2.92626e-10	2.92626e-10	0	0.2792	0.449426	0.3	0.999991	-0.55622	0	0.655002	1.25105e-06	0.0658521
0.00469601	2.93214e-10	2.93214e-10	0	0.279438	0.449426	0.3	0.999991	-0.55622	0	0.656119	1.25609e-06	0.0672991
0.00470001	2.93811e-10	2.93811e-10	0	0.279676	0.449426	0.3	0.999991	-0.55622	0	0.657238	1.26121e-06	0.0687767
0.00470401	2.94418e-10	2.94418e-10	0	0.279914	0.449426	0.3	0.999991	-0.55622	0	0.658357	1.26642e-06	0.0702855
0.00470801	2.95034e-10	2.95034e-10	0	0.280152	0.449426	0.3	0.999991	-0.55622	0	0.659477	1.27173e-06	0.0718261
0.00471201	2.9566e-10	2.9566e-10	0	0.28039	0.449426	0.3	0.999991	-0.55622	0	0.660598	1.27713e-06	0.0733992
0.00471601	2.96297e-10	2.96297e-10	0	0.280628	0.449426	0.3	0.999991	-0.55622	0	0.66172	1.28264e-06	0.0750053
0.00472001	2.96943e-10	2.96943e-10	0	0.280866	0.449426	0.3	0.999991	-0.55622	0	0.662843	1.28824e-06	0.0766451
0.00472401	2.976e-10	2.976e-10	0	0.281104	0.449426	0.3	0.999991	-0.55622	0	0.663967	1.29395e-06	0.0783194
0.00472801	2.98268e-10	2.98268e-10	0	0.281342	0.449426	0.3	0.999991	-0.55622	0	0.665092	1.29976e-06	0.0800287
0.00473201	2.98947e-10	2.98947e-10	0	0.28158	0.449426	0.3	0.999991	-0.55622	0	0.666218	1.30569e-06	0.0817738
0.00473601	2.99638e-10	2.99638e-10	0	0.281818	0.449426	0.3	0.999991	-0.55622	0	0.667345	1.31173e-06	0.0835553
0.00474001	2.99963e-10	2.99963e-10	0	0.282056	0.44774	0.3	0.999991	-0.54261	0	0.668472	1.31457e-06	0.083412
0.00474401	3.00669e-10	3.00669e-10	0	0.282294	0.44774	0.3	0.999991	-0.54261	0	0.669601	1.32077e-06	0.0852342
0.00474801	3.01388e-10	3.01388e-10	0	0.282532	0.44774	0.3	0.999991	-0.54261	0	0.670731	1.32709e-06	0.0870944
0.00475201	3.02119e-10	3.02119e-10	0	0.28277	0.44774	0.3	0.999991	-0.54261	0	0.671861	1.33354e-06	0.0889935
0.00475601	3.02863e-10	3.02863e-10	0	0.283008	0.44774	0.3	0.999991	-0.54261	0	0.672993	1.34012e-06	0.0909321
0.00476001	3.0362e-10	3.0362e-10	0	0.283246	0.44774	0.3	0.999991	-0.54261	0	0.674125	1.34682e-06	0.0929111
0.00476401	3.04391e-10	3.04391e-10	0	0.283484	0.44774	0.3	0.999991	-0.54261	0	0.675259	1.35367e-06	0.0949312
0.00476801	3.05175e-10	3.05175e-10	0	0.283722	0.44774	0.3	0.999991	-0.54261	0	0.676393	1.36066e-06	0.0969932
0.00477201	3.05974e-10	3.05974e-10	0	0.28396	0.44774	0.3	0.999991	-0.54261	0	0.677529	1.36779e-06	0.0990979
0.00477601	3.06787e-10	3.06787e-10	0	0.284198	0.44774	0.3	0.999991	-0.54261	0	0.678665	1.37507e-06	0.101246
0.00478001	3.07615e-10	3.07615e-10	0	0.284436	0.44774	0.3	0.999991	-0.54261	0	0.679802	1.3825e-06	0.103439
0.00478401	3.0799e-10	3.0799e-10	0	0.284674	0.446053	0.3	0.999991	-0.529254	0	0.68094	1.38587e-06	0.103342
0.00478801	3.08839e-10	3.08839e-10	0	0.284912	0.446053	0.3	0.999991	-0.529254	0	0.68208	1.39353e-06	0.105585
0.00479201	3.09705e-10	3.09705e-10	0	0.28515	0.446053	0.3	0.999991	-0.529254	0	0.68322	1.40135e-06	0.107875
0.00479601	3.10587e-10	3.10587e-10	0	0.285388	0.446053	0.3	0.999991	-0.529254	0	0.684361	1.40934e-06	0.110213
0.00480001	3.11485e-10	3.11485e-10	0	0.285626	0.446053	0.3	0.999991	-0.529254	0	0.685503	1.41751e-06	0.112598
0.00480401	3.12401e-10	3.12401e-10	0	0.285864	0.446053	0.3	0.999991	-0.529254	0	0.686646	1.42585e-06	0.115032
0.00480801	3.13334e-10	3.13334e-10	0	0.286102	0.446053	0.3	0.999991	-0.529254	0	0.68779	1.43439e-06	0.117517
0.00481201	3.14286e-10	3.14286e-10	0	0.28634	0.446053	0.3	0.999991	-0.529254	0	0.688935	1.44311e-06	0.120052
0.00481601	3.15256e-10	3.15256e-10	0	0.286578	0.446053	0.3	0.999991	-0.529254	0	0.69008	1.45204e-06	0.122639
0.00482001	3.15687e-10	3.15687e-10	0	0.286816	0.444367	0.3	0.999991	-0.516148	0	0.691227	1.45601e-06	0.1226
0.00482401	3.16684e-10	3.16684e-10	0	0.287054	0.444367	0.3	0.999991	-0.516148	0	0.692375	1.46522e-06	0.125248
0.00482801	3.17701e-10	3.17701e-10	0	0.287292	0.444367	0.3	0.999991	-0.516148	0	0.693524	1.47464e-06	0.12795
0.00483201	3.18738e-10	3.18738e-10	0	0.28753	0.444367	0.3	0.999991	-0.516148	0	0.694673	1.48429e-06	0.130707
0.00483601	3.19797e-10	3.19797e-10	0	0.287768	0.444367	0.3	0.999991	-0.516148	0	0.695824	1.49416e-06	0.133521
0.00484001	3.20876e-10	3.20876e-10	0	0.288006	0.444367	0.3	0.999991	-0.516148	0	0.696975	1.50427e-06	0.136391
0.00484401	3.21978e-10	3.21978e-10	0	0.288244	0.444367	0.3	0.999991	-0.516148	0	0.698128	1.51461e-06	0.13932
0.00484801	3.22464e-10	3.22464e-10	0	0.288482	0.44268	0.3	0.999991	-0.503289	0	0.699281	1.51919e-06	0.13934
0.00485201	3.23598e-10	3.23598e-10	0	0.28872	0.44268	0.3	0.999991	-0.503289	0	0.700436	1.52989e-06	0.142339
0.00485601	3.24755e-10	3.24755e-10	0	0.288958	0.44268	0.3	0.999991	-0.503289	0	0.701591	1.54086e-06	0.145399
0.00486001	3.25937e-10	3.25937e-10	0	0.289196	0.44268	0.3	0.999991	-0.503289	0	0.702747	1.55209e-06	0.14852
0.00486401	3.27143e-10	3.27143e-10	0	0.289435	0.44268	0.3	0.999991	-0.503289	0	0.703905	1.5636e-06	0.151704
0.00486801	3.28374e-10	3.28374e-10	0	0.289673	0.44268	0.3	0.999991	-0.503289	0	0.705063	1.57539e-06	0.154953
0.00487201	3.29632e-10	3.29632e-10	0	0.289911	0.44268	0.3	0.999991	-0.503289	0	0.706222	1.58748e-06	0.158266
0.00487601	3.30188e-10	3.30188e-10	0	0.290149	0.440994	0.3	0.999991	-0.490672	0	0.707382	1.59284e-06	0.158362
0.00488001	3.31484e-10	3.31484e-10	0	0.290387	0.440994	0.3	0.999991	-0.490672	0	0.708543	1.60537e-06	0.161756
0.00488401	3.32808e-10	3.32808e-10	0	0.290625	0.440994	0.3	0.999991	-0.490672	0	0.709705	1.61822e-06	0.165217
0.00488801	3.34161e-10	3.34161e-10	0	0.290863	0.440994	0.3	0.999991	-0.490672	0	0.710868	1.6314e-06	0.168748
0.00489201	3.35543e-10	3.35543e-10	0	0.291101	0.440994	0.3	0.999991	-0.490672	0	0.712032	1.64492e-06	0.172349
0.00489601	3.36954e-10	3.36954e-10	0	0.291339	0.440994	0.3	0.999991	-0.490672	0	0.713197	1.65879e-06	0.176022
0.00490001	3.37583e-10	3.37583e-10	0	0.291577	0.439308	0.3	0.999991	-0.478294	0	0.714363	1.66499e-06	0.176197
0.00490401	3.3904e-10	3.3904e-10	0	0.291815	0.439308	0.3	0.999991	-0.478294	0	0.71553	1.67939e-06	0.179959
0.00490801	3.4053e-10	3.4053e-10	0	0.292053	0.439308	0.3	0.999991	-0.478294	0	0.716697	1.69418e-06	0.183796
0.00491201	3.42052e-10	3.42052e-10	0	0.292291	0.439308	0.3	0.999991	-0.478294	0	0.717866	1.70936e-06	0.187709
0.00491601	3.43607e-10	3.43607e-10	0	0.292529	0.439308	0.3	0.999991	-0.478294	0	0.719036	1.72494e-06	0.191699
0.00492001	3.44306e-10	3.44306e-10	0	0.292767	0.437621	0.3	0.999991	-0.466151	0	0.720206	1.73197e-06	0.191948
0.00492401	3.45914e-10	3.45914e-10	0	0.293005	0.437621	0.3	0.999991	-0.466151	0	0.721378	1.74818e-06	0.196036
0.00492801	3.47557e-10	3.47557e-10	0	0.293243	0.437621	0.3	0.999991	-0.466151	0	0.72255	1.76483e-06	0.200204
0.00493201	3.49238e-10	3.49238e-10	0	0.293481	0.437621	0.3	0.999991	-0.466151	0	0.723724	1.78194e-06	0.204454
0.00493601	3.50956e-10	3.50956e-10	0	0.293719	0.437621	0.3	0.999991	-0.466151	0	0.724898	1.79952e-06	0.208787
0.00494001	3.51738e-10	3.51738e-10	0	0.293957	0.435935	0.3	0.999991	-0.45424	0	0.726074	1.80754e-06	0.209123
0.00494401	3.53515e-10	3.53515e-10	0	0.294195	0.435935	0.3	0.999991	-0.45424	0	0.72725	1.82585e-06	0.213563
0.00494801	3.55333e-10	3.55333e-10	0	0.294433	0.435935	0.3	0.999991	-0.45424	0	0.728427	1.84468e-06	0.218089
0.00495201	3.57192e-10	3.57192e-10	0	0.294671	0.435935	0.3	0.999991	-0.45424	0	0.729605	1.86404e-06	0.222703
0.00495601	3.59094e-10	3.59094e-10	0	0.294909	0.435935	0.3	0.999991	-0.45424	0	0.730785	1.88394e-06	0.227407
0.00496001	3.59972e-10	3.59972e-10	0	0.295147	0.434248	0.3	0.999991	-0.442557	0	0.731965	1.89316e-06	0.227842
0.00496401	3.61941e-10	3.61941e-10	0	0.295385	0.434248	0.3	0.999991	-0.442557	0	0.733146	1.91393e-06	0.232662
0.00496801	3.63956e-10	3.63956e-10	0	0.295623	0.434248	0.3	0.999991	-0.442557	0	0.734328	1.93529e-06	0.237574
0.00497201	3.66017e-10	3.66017e-10	0	0.295861	0.434248	0.3	0.999991	-0.442557	0	0.735511	1.95728e-06	0.242581
0.00497601	3.6698e-10	3.6698e-10	0	0.296099	0.432562	0.3	0.999991	-0.431099	0	0.736695	1.9676e-06	0.243103
0.00498001	3.69116e-10	3.69116e-10	0	0.296337	0.432562	0.3	0.999991	-0.431099	0	0.73788	1.99057e-06	0.248233
0.00498401	3.71302e-10	3.71302e-10	0	0.296575	0.432562	0.3	0.999991	-0.431099	0	0.739065	2.01421e-06	0.253462
0.00498801	3.73539e-10	3.73539e-10	0	0.296813	0.432562	0.3	0.999991	-0.431099	0	0.740252	2.03856e-06	0.258791
0.00499201	3.746e-10	3.746e-10	0	0.297051	0.430876	0.3	0.999991	-0.419862	0	0.74144	2.05015e-06	0.259407
0.00499601	3.76919e-10	3.76919e-10	0	0.297289	0.430876	0.3	0.999991	-0.419862	0	0.742629	2.07562e-06	0.264867
0.00500001	3.79294e-10	3.79294e-10	0	0.297527	0.430876	0.3	0.999991	-0.419862	0	0.743818	2.10185e-06	0.270431
0.00500401	3.81725e-10	3.81725e-10	0	0.297765	0.430876	0.3	0.999991	-0.419862	0	0.745009	2.12888e-06	0.2761
0.00500801	3.82895e-10	3.82895e-10	0	0.298003	0.429189	0.3	0.999991	-0.408843	0	0.7462	2.14195e-06	0.27682
0.00501201	3.85417e-10	3.85417e-10	0	0.298241	0.429189	0.3	0.999991	-0.408843	0	0.747393	2.17026e-06	0.282629
0.00501601	3.87999e-10	3.87999e-10	0	0.298479	0.429189	0.3	0.999991	-0.408843	0	0.748586	2.19944e-06	0.288547
0.00502001	3.90643e-10	3.90643e-10	0	0.298717	0.429189	0.3	0.999991	-0.408843	0	0.749781	2.22952e-06	0.294576
0.00502401	3.91938e-10	3.91938e-10	0	0.298955	0.427503	0.3	0.999991	-0.398038	0	0.750976	2.24432e-06	0.295411
0.00502801	3.94683e-10	3.94683e-10	0	0.299193	0.427503	0.3	0.999991	-0.398038	0	0.752172	2.27587e-06	0.301588
0.00503201	3.97494e-10	3.97494e-10	0	0.299431	0.427503	0.3	0.999991	-0.398038	0	0.753369	2.30841e-06	0.30788
0.00503601	4.00374e-10	4.00374e-10	0	0.299669	0.427503	0.3	0.999991	-0.398038	0	0.754568	2.34197e-06	0.314288
0.00504001	4.01808e-10	4.01808e-10	0	0.299907	0.425816	0.3	0.999991	-0.387445	0	0.755767	2.35878e-06	0.31525
0.00504401	4.04799e-10	4.04799e-10	0	0.300146	0.425816	0.3	0.999991	-0.387445	0	0.756967	2.39403e-06	0.321815
0.00504801	4.07863e-10	4.07863e-10	0	0.300384	0.425816	0.3	0.999991	-0.387445	0	0.758168	2.43041e-06	0.328501
0.00505201	4.11002e-10	4.11002e-10	0	0.300622	0.425816	0.3	0.999991	-0.387445	0	0.75937	2.46796e-06	0.335309
0.00505601	4.12594e-10	4.12594e-10	0	0.30086	0.42413	0.3	0.999991	-0.377059	0	0.760573	2.48712e-06	0.336407
0.00506001	4.15857e-10	4.15857e-10	0	0.301098	0.42413	0.3	0.999991	-0.377059	0	0.761777	2.52661e-06	0.343381
0.00506401	4.19199e-10	4.19199e-10	0	0.301336	0.42413	0.3	0.999991	-0.377059	0	0.762982	2.56739e-06	0.350482
0.00506801	4.20918e-10	4.20918e-10	0	0.301574	0.422444	0.3	0.999991	-0.366877	0	0.764188	2.58848e-06	0.351684
0.00507201	4.24394e-10	4.24394e-10	0	0.301812	0.422444	0.3	0.999991	-0.366877	0	0.765394	2.63141e-06	0.358957
0.00507601	4.27956e-10	4.27956e-10	0	0.30205	0.422444	0.3	0.999991	-0.366877	0	0.766602	2.67577e-06	0.36636
0.00508001	4.31605e-10	4.31605e-10	0	0.302288	0.422444	0.3	0.999991	-0.366877	0	0.767811	2.7216e-06	0.373895
0.00508401	4.33519e-10	4.33519e-10	0	0.302526	0.420757	0.3	0.999991	-0.356897	0	0.76902	2.74579e-06	0.375255
0.00508801	4.37317e-10	4.37317e-10	0	0.302764	0.420757	0.3	0.999991	-0.356897	0	0.770231	2.7941e-06	0.382972
0.00509201	4.41208e-10	4.41208e-10	0	0.303002	0.420757	0.3	0.999991	-0.356897	0	0.771442	2.84405e-06	0.390824
0.00509601	4.43278e-10	4.43278e-10	0	0.30324	0.419071	0.3	0.999991	-0.347114	0	0.772655	2.8708e-06	0.392303
0.00510001	4.4733e-10	4.4733e-10	0	0.303478	0.419071	0.3	0.999991	-0.347114	0	0.773868	2.92352e-06	0.400344
0.00510401	4.51481e-10	4.51481e-10	0	0.303716	0.419071	0.3	0.999991	-0.347114	0	0.775083	2.97804e-06	0.408524
0.00510801	4.55736e-10	4.55736e-10	0	0.303954	0.419071	0.3	0.999991	-0.347114	0	0.776298	3.03443e-06	0.416846
0.00511201	4.58046e-10	4.58046e-10	0	0.304192	0.417384	0.3	0.999991	-0.337527	0	0.777514	3.06527e-06	0.418503
0.00511601	4.62478e-10	4.62478e-10	0	0.30443	0.417384	0.3	0.999991	-0.337527	0	0.778732	3.12488e-06	0.427022
0.00512001	4.6702e-10	4.6702e-10	0	0.304668	0.417384	0.3	0.999991	-0.337527	0	0.77995	3.18656e-06	0.435685
0.00512401	4.69524e-10	4.69524e-10	0	0.304906	0.415698	0.3	0.999991	-0.328131	0	0.781169	3.22081e-06	0.437477
0.00512801	4.74256e-10	4.74256e-10	0	0.305144	0.415698	0.3	0.999991	-0.328131	0	0.782389	3.28607e-06	0.446343
0.00513201	4.79107e-10	4.79107e-10	0	0.305382	0.415698	0.3	0.999991	-0.328131	0	0.78361	3.35363e-06	0.455358
0.00513601	4.84079e-10	4.84079e-10	0	0.30562	0.415698	0.3	0.999991	-0.328131	0	0.784832	3.42359e-06	0.464521
0.00514001	4.86878e-10	4.86878e-10	0	0.305858	0.414012	0.3	0.999991	-0.318924	0	0.786055	3.4633e-06	0.466514
0.00514401	4.92061e-10	4.92061e-10	0	0.306096	0.414012	0.3	0.999991	-0.318924	0	0.787279	3.53743e-06	0.475888
0.00514801	4.97373e-10	4.97373e-10	0	0.306334	0.414012	0.3	0.999991	-0.318924	0	0.788504	3.61422e-06	0.485415
0.00515201	5.02817e-10	5.02817e-10	0	0.306572	0.414012	0.3	0.999991	-0.318924	0	0.78973	3.69378e-06	0.495095
0.00515601	5.05949e-10	5.05949e-10	0	0.30681	0.412325	0.3	0.999991	-0.309902	0	0.790956	3.73994e-06	0.4973
0.00516001	5.11627e-10	5.11627e-10	0	0.307048	0.412325	0.3	0.999991	-0.309902	0	0.792184	3.82435e-06	0.507197
0.00516402	5.17447e-10	5.17447e-10	0	0.307286	0.412325	0.3	0.999991	-0.309902	0	0.793413	3.91185e-06	0.517251
0.00516802	5.20847e-10	5.20847e-10	0	0.307524	0.410639	0.3	0.999991	-0.301063	0	0.794642	3.96343e-06	0.519612
0.00517202	5.26919e-10	5.26919e-10	0	0.307762	0.410639	0.3	0.999991	-0.301063	0	0.795873	4.05637e-06	0.529888
0.00517602	5.33141e-10	5.33141e-10	0	0.308	0.410639	0.3	0.999991	-0.301063	0	0.797105	4.15274e-06	0.540321
0.00518002	5.39519e-10	5.39519e-10	0	0.308238	0.410639	0.3	0.999991	-0.301063	0	0.798337	4.25269e-06	0.550913
0.00518402	5.46056e-10	5.46056e-10	0	0.308476	0.410639	0.3	0.999991	-0.301063	0	0.79957	4.35636e-06	0.561664
0.00518802	5.49983e-10	5.49983e-10	0	0.308714	0.408952	0.3	0.999991	-0.292404	0	0.800805	4.41925e-06	0.564321
0.00519202	5.56804e-10	5.56804e-10	0	0.308952	0.408952	0.3	0.999991	-0.292404	0	0.80204	4.52954e-06	0.575299
0.00519602	5.63794e-10	5.63794e-10	0	0.30919	0.408952	0.3	0.999991	-0.292404	0	0.803276	4.64399e-06	0.586436
0.00520002	5.70958e-10	5.70958e-10	0	0.309428	0.408952	0.3	0.999991	-0.292404	0	0.804514	4.76276e-06	0.597734
0.00520402	5.78299e-10	5.78299e-10	0	0.309666	0.408952	0.3	0.999991	-0.292404	0	0.805752	4.88601e-06	0.609191
0.00520802	5.82835e-10	5.82835e-10	0	0.309904	0.407266	0.3	0.999991	-0.283922	0	0.806991	4.96296e-06	0.612154
0.00521202	5.90497e-10	5.90497e-10	0	0.310142	0.407266	0.3	0.999991	-0.283922	0	0.808231	5.09431e-06	0.623839
0.00521602	5.98348e-10	5.98348e-10	0	0.31038	0.407266	0.3	0.999991	-0.283922	0	0.809472	5.23068e-06	0.635684
0.00522002	6.06392e-10	6.06392e-10	0	0.310618	0.407266	0.3	0.999991	-0.283922	0	0.810714	5.37227e-06	0.647687
0.00522402	6.14634e-10	6.14634e-10	0	0.310856	0.407266	0.3	0.999991	-0.283922	0	0.811957	5.51929e-06	0.659848
0.00522802	6.23077e-10	6.23077e-10	0	0.311095	0.407266	0.3	0.999991	-0.283922	0	0.813201	5.67197e-06	0.672166
0.00523202	6.31726e-10	6.31726e-10	0	0.311333	0.407266	0.3	0.999991	-0.283922	0	0.814446	5.83053e-06	0.684639
0.00523602	6.40585e-10	6.40585e-10	0	0.311571	0.407266	0.3	0.999991	-0.283922	0	0.815692	5.9952e-06	0.697267
0.00524002	6.49658e-10	6.49658e-10	0	0.311809	0.407266	0.3	0.999991	-0.283922	0	0.816938	6.16623e-06	0.710048
0.00524402	6.5895e-10	6.5895e-10	0	0.312047	0.407266	0.3	0.999991	-0.283922	0	0.818186	6.34388e-06	0.72298
0.00524802	6.68464e-10	6.68464e-10	0	0.312285	0.407266	0.3	0.999991	-0.283922	0	0.819435	6.5284e-06	0.736062
0.00525202	6.78207e-10	6.78207e-10	0	0.312523	0.407266	0.3	0.999991	-0.283922	0	0.820684	6.72008e-06	0.749291
0.00525602	6.88181e-10	6.88181e-10	0	0.312761	0.407266	0.3	0.999991	-0.283922	0	0.821935	6.9192e-06	0.762665
0.00526002	6.98392e-10	6.98392e-10	0	0.312999	0.407266	0.3	0.999991	-0.283922	0	0.823187	7.12605e-06	0.776181
0.00526402	7.08844e-10	7.08844e-10	0	0.313237	0.407266	0.3	0.999991	-0.283922	0	0.824439	7.34094e-06	0.789837
0.00526802	7.19542e-10	7.19542e-10	0	0.313475	0.407266	0.3	0.999991	-0.283922	0	0.825692	7.56419e-06	0.80363
0.00527202	7.30489e-10	7.30489e-10	0	0.313713	0.407266	0.3	0.999991	-0.283922	0	0.826947	7.79611e-06	0.817556
0.00527602	7.41692e-10	7.41692e-10	0	0.313951	0.407266	0.3	0.999991	-0.283922	0	0.828202	8.03706e-06	0.831612
0.00528002	7.53154e-10	7.53154e-10	0	0.314189	0.407266	0.3	0.999991	-0.283922	0	0.829458	8.28738e-06	0.845794
0.00528402	7.68693e-10	7.68693e-10	0	0.314427	0.408952	0.3	0.999991	-0.292404	0	0.830716	8.63288e-06	0.870317
0.00528802	7.80726e-10	7.80726e-10	0	0.314665	0.408952	0.3	0.999991	-0.292404	0	0.831974	8.90528e-06	0.884807
0.00529202	7.93032e-10	7.93032e-10	0	0.314903	0.408952	0.3	0.999991	-0.292404	0	0.833233	9.18822e-06	0.899408
0.00529602	8.09539e-10	8.09539e-10	0	0.315141	0.410639	0.3	0.999991	-0.301063	0	0.834493	9.57472e-06	0.924581
0.00530002	8.22439e-10	8.22439e-10	0	0.315379	0.410639	0.3	0.999991	-0.301063	0	0.835754	9.88229e-06	0.939451
0.00530402	8.35624e-10	8.35624e-10	0	0.315617	0.410639	0.3	0.999991	-0.301063	0	0.837016	1.02017e-05	0.954413
0.00530802	8.53122e-10	8.53122e-10	0	0.315855	0.412325	0.3	0.999991	-0.309902	0	0.838279	1.06334e-05	0.980151
0.00531203	8.66922e-10	8.66922e-10	0	0.316093	0.412325	0.3	0.999991	-0.309902	0	0.839543	1.09802e-05	0.995335
0.00531603	8.85098e-10	8.85098e-10	0	0.316331	0.414012	0.3	0.999991	-0.318924	0	0.840808	1.14455e-05	1.02143
